doi,title,date,tier,program,grant,acronym,call,disc,stage,stage_frac,proj_start,proj_end,proj_status,madmp,schema_ok,n_datasets,n_dist,personal,sensitive,ethics,challenging,access,url,dl
10.5281/zenodo.18414889,"The old have the wisdom to guide, the young the power to dream: sounding charismatic depends on which generation is listening",2026/2027,No funder metadata,,,,,,unknown,,,,,False,,,,0,0,,False,public,https://zenodo.org/records/18414889,
10.5281/zenodo.22052468,RPP project,2026-08-22,No funder metadata,,,,,,unknown,,,,,False,,,,0,0,,False,public,https://zenodo.org/records/22052468,
10.5281/zenodo.22047535,TEST-VB-AI,2026-08-21,No funder metadata,,,,,,unknown,,,,,False,,,,0,0,,False,public,https://zenodo.org/records/22047535,
10.5281/zenodo.22047519,Data management plan (DMP) for ViDiT project,2026-08-21,Other funder,,22DIT01,,,,unknown,,,,,False,,,,0,0,,False,public,https://zenodo.org/records/22047519,
10.5281/zenodo.22022150,One Health & Conservation: Safeguarding beneficial insects in protected areas during mosquito control operations,2026-08-20,No funder metadata,,,,,,unknown,,,,,False,,,,0,0,,False,public,https://zenodo.org/records/22022150,
10.5281/zenodo.22007458,22NRM03 Data management plan M36,2026-08-19,Other funder,,22NRM03,,,,unknown,,,,,False,,,,0,0,,False,public,https://zenodo.org/records/22007458,
10.5281/zenodo.22005735,Desarrollo de TAG-MAG Fase A (Hitos A1 a A5),2026-08-19,No funder metadata,,,,,,unknown,,,,,False,,,,0,0,,False,public,https://zenodo.org/records/22005735,
10.5281/zenodo.21992757,Supplementary data for: Linking neutral gas inflows and outflows to offsets in the star-forming main sequence and mass–metallicity relation,2026-08-18,No funder metadata,,,,,,unknown,,,,,False,,,,0,0,,False,public,https://zenodo.org/records/21992757,
10.5281/zenodo.22000388,PSICOPEDAGOGIA INSTITUCIONAL E CLÍNICA: AVALIAÇÃO E INTERVENÇÃO EM DIFICULDADES DE APRENDIZAGEM,2026-08-18,No funder metadata,,,,,,unknown,,,,,False,,,,0,0,,False,public,https://zenodo.org/records/22000388,
10.5281/zenodo.21991264,D1.3 Data Management Plan v2,2026-08-18,Horizon Europe,HORIZON,101058537,INSPIRE,HORIZON-WIDERA-2021-ERA-01,,late,0.971,2022-10-01,2026-09-30,SIGNED,False,,,,0,0,,True,public,https://zenodo.org/records/21991264,
10.5281/zenodo.21975582,Data Management Plan,2026-08-17,No funder metadata,,,,,,unknown,,,,,False,,,,0,0,,False,public,https://zenodo.org/records/21975582,
10.5281/zenodo.21982935,HLV-LAYER-ORIGIN-007E: Analytic Freeze for Native Rank-3 Cell Extension and Full 0–3 Hodge Closure,2026-08-17,No funder metadata,,,,,,unknown,,,,,False,,,,0,0,,False,public,https://zenodo.org/records/21982935,
10.5281/zenodo.21959466,Reclaim.HERland. Reclaiming Their Narrative: The Contributions of Women to Landscape Architecture in Portugal. Data Management Plan,2026-08-15,Other funder,,2024.13289.PEX,,,,unknown,,,,,False,,,,0,0,,False,public,https://zenodo.org/records/21959466,
10.5281/zenodo.20856453,"Plan de gestión de residuos universitarios UDEM, 2017",2026-08-15,No funder metadata,,,,,,unknown,,,,,False,,,,0,0,,False,public,https://zenodo.org/records/20856453,
10.5281/zenodo.20848149,"Plan de gestión de residuos universitarios UDEM, 2012",2026-08-15,No funder metadata,,,,,,unknown,,,,,False,,,,0,0,,False,public,https://zenodo.org/records/20848149,
10.5281/zenodo.21938200,Supplementary data for: Measurement of the galaxy-velocity power spectrum of DESI tracers with the kinematic Sunyaev–Zeldovich effect using DESI DR2 and ACT DR6.,2026-08-14,No funder metadata,,,,,,unknown,,,,,False,,,,0,0,,False,public,https://zenodo.org/records/21938200,
10.5281/zenodo.21934864,Codex: Planetary Adaptation and Human Sustainability Beyond Earth,2026-08-14,No funder metadata,,,,,,unknown,,,,,False,,,,0,0,,False,public,https://zenodo.org/records/21934864,
10.5281/zenodo.21918565,EMBRACE_master_DMSP_V1.0,2026-08-13,Other funder,,ANR-24-RESO-0009-01,,,,unknown,,,,,False,,,,0,0,,True,public,https://zenodo.org/records/21918565,
10.5281/zenodo.21906485,Data Management Plan AQUASERV PID: 37027 MICROMIX - Interaction between microplastics and mercury in a benthic microcosm,2026-08-12,No funder metadata,,,,,,unknown,,,,,True,False,2,2,0,0,unknown,False,public,https://zenodo.org/records/21906485,https://zenodo.org/api/records/21906485/files/Data_Management_Plan_AQUASERV_PID_37027_MICROMIX__Interaction_between_microplastics_and_mercury_in_a_benthic_microcosm.json/content
10.5281/zenodo.21876178,Plasma Propulsion,2026-08-10,No funder metadata,,,,,,unknown,,,,,False,,,,0,0,,False,public,https://zenodo.org/records/21876178,
10.5281/zenodo.21810485,Plan de Gestión de Datos del Proyecto CiDiC_EI,2026-08-05,No funder metadata,,,,,,unknown,,,,,False,,,,0,0,,False,public,https://zenodo.org/records/21810485,
10.5281/zenodo.21805597,Field-level inference of growth rate from DESI BGS galaxy and ZTF supernova simulations,2026-08-05,No funder metadata,,,,,,unknown,,,,,False,,,,0,0,,False,public,https://zenodo.org/records/21805597,
10.5281/zenodo.21793384,Impact and characteristics of oxygen vacancies in ferroelectric HfO2 based materials,2026-08-04,Other funder,,LZP-2024/1-0676,,,,unknown,,,,,False,,,,0,0,,False,public,https://zenodo.org/records/21793384,
10.5281/zenodo.21788625,"Academic project ""A Slippery Slope: Understanding Youth Substance Users' Compliance with Regulatory Policies in Latvia through Behavioral and Cultural Insight"" Data Management Plan",2026-08-04,Other funder,,lzp-2025/1-0526,,,,unknown,,,,,True,False,1,4,0,0,unknown,True,public,https://zenodo.org/records/21788625,https://zenodo.org/api/records/21788625/files/Academic_project_A_Slippery_Slope_Understanding_Youth_Substance_Users_Compliance_with_Regulatory_Policies_in_Latvia_through_Behavioral_and_Cultural_Insight_Data_Management_Plan.json/content
10.5281/zenodo.21775282,Data Management Plan,2026-08-03,Horizon Europe,HORIZON,101123546,WeGenerate,HORIZON-CL5-2022-D4-02,,mid,0.689,2023-11-01,2027-10-31,SIGNED,False,,,,0,0,,True,public,https://zenodo.org/records/21775282,
10.5281/zenodo.21716941,FAME Data Management Plan,2026-08-03,Horizon Europe,HORIZON,101129751,OSCARS,HORIZON-INFRA-2023-EOSC-01,,mid,0.576,2024-01-01,2028-06-30,SIGNED,False,,,,0,0,,False,public,https://zenodo.org/records/21716941,
10.5281/zenodo.21289019,Supplementary data for:  Precision Kinematic Sunyaev--Zel'dovich Measurements Across Halo Mass and Redshift with DESI DR2 and ACT DR6: Part I. Luminous Red Galaxies,2026-08-01,No funder metadata,,,,,,unknown,,,,,False,,,,0,0,,False,public,https://zenodo.org/records/21289019,
10.5281/zenodo.21721076,CoARA Boost CF2 - THRIVE - Project Overview,2026-07-31,No funder metadata,,,,,,unknown,,,,,False,,,,0,0,,False,public,https://zenodo.org/records/21721076,
10.5281/zenodo.21723875,D1.2 Data Management Plan,2026-07-31,Horizon Europe,HORIZON,101058509,ECS,HORIZON-WIDERA-2021-ERA-01,,late,1.0,2022-08-01,2026-07-31,SIGNED,False,,,,0,0,,True,public,https://zenodo.org/records/21723875,
10.5281/zenodo.21722937,ENVRI-Hub NEXT_D2.2_Update on the DMP,2026-07-31,Horizon Europe,HORIZON,101131141,ENVRI-Hub NEXT,HORIZON-INFRA-2023-DEV-01,natural sciences,late,0.832,2024-02-01,2027-01-31,SIGNED,False,,,,0,0,,False,public,https://zenodo.org/records/21722937,
10.5281/zenodo.21705901,Data management plan for the project 22HLT04 MetrINo,2026-07-30,Other funder,,22HLT04,,,,unknown,,,,,False,,,,0,0,,False,public,https://zenodo.org/records/21705901,
10.5281/zenodo.21704452,"DMP for Fundamental and Applied Research Project ""Novel source towards challenging monofluorocarbene"" (No. lzp-2024/1-0309)",2026-07-30,Other funder,,FARP_lzp-2024/1-0309,,,,unknown,,,,,False,,,,0,0,,False,public,https://zenodo.org/records/21704452,
10.5281/zenodo.21711198,"Memorandum, Notes on Visitations and Ongoing Projects in Canada (Version -1)",2026-07-30,No funder metadata,,,,,,unknown,,,,,False,,,,0,0,,False,public,https://zenodo.org/records/21711198,
10.5281/zenodo.21706421,D1.2 - Data Management Plan,2026-07-30,Horizon Europe,HORIZON,101076633,OVERHEAT,HORIZON-CL5-2022-D6-01,natural sciences,late,0.859,2024-01-01,2026-12-31,SIGNED,False,,,,0,0,,False,public,https://zenodo.org/records/21706421,
10.5281/zenodo.21703028,D1.1 Data Management Plan,2026-07-30,Horizon Europe,HORIZON,101235093,ShieldBot,HORIZON-CL5-2024-D4-02,engineering and technology,early,0.247,2025-11-01,2028-10-31,SIGNED,False,,,,0,0,,True,public,https://zenodo.org/records/21703028,
10.5281/zenodo.21694422,Data and Collaboration Policy - Invasive Plants and Animals Initiative,2026-07-29,No funder metadata,,,,,,unknown,,,,,False,,,,0,0,,False,public,https://zenodo.org/records/21694422,
10.5281/zenodo.21694326,Data and Collaboration Policy - Australian Venom Innovation and Discovery Initiative,2026-07-29,No funder metadata,,,,,,unknown,,,,,False,,,,0,0,,False,public,https://zenodo.org/records/21694326,
10.5281/zenodo.21659686,Data and Collaboration Policy - Integrated Pest Management Omics Initiative,2026-07-29,No funder metadata,,,,,,unknown,,,,,False,,,,0,0,,False,public,https://zenodo.org/records/21659686,
10.5281/zenodo.21693923,Programa de estudio: Metodología de la Investigación,2026-07-29,No funder metadata,,,,,,unknown,,,,,False,,,,0,0,,False,public,https://zenodo.org/records/21693923,
10.5281/zenodo.21670585,Data Managment Plan for Latvian participation in TAD disruption and aberrant expression as leukemia metabolic vulnerabilities for novel combination therapy tests in a drug screening platform (TOSCANINI),2026-07-29,Other funder,,TRANSCAN-3,,,,unknown,,,,,True,False,1,5,0,0,unknown,True,public,https://zenodo.org/records/21670585,https://zenodo.org/api/records/21670585/files/Data_Managment_Plan_for_Latvian_participation_in_TAD_disruption_and_aberrant_expression_as_leukemia_metabolic_vulnerabilities_for_novel_combination_therapy_tests_in_a_drug_screening_platform_TOSCANINI.json/content
10.5281/zenodo.21650290,Optimization of prophylactic antibacterial therapy in spinal surgery through mechanical PKPD modelling to reduce the emergence of antibiotic-resistant bacteria (OPATS-PKPD),2026-07-28,Other funder,,FLPP lzp-2024/1-030,,,,unknown,,,,,False,,,,0,0,,True,public,https://zenodo.org/records/21650290,
10.5281/zenodo.21649945,BedrettoLab Data Governance Framework,2026-07-28,No funder metadata,,,,,,unknown,,,,,False,,,,0,0,,False,public,https://zenodo.org/records/21649945,
10.5281/zenodo.21644611,Dynamic FLIR thermal imaging in patients with sepsis,2026-07-28,Other funder,,#lzp-2024/1-0501,,,,unknown,,,,,True,False,1,4,0,0,unknown,True,public,https://zenodo.org/records/21644611,https://zenodo.org/api/records/21644611/files/Dynamic_FLIR_thermal_imaging_in_patients_with_sepsis.json/content
10.5281/zenodo.21643567,"Data Management Plan for the LZP FLPP Project Polymer Photonic Interconnects for High-density Data Centers (POLYCONNECT, lzp-2024/1-0396) New",2026-07-28,Other funder,,Nr. lzp-2024/1-0396,,,,unknown,,,,,True,False,1,5,0,0,unknown,False,public,https://zenodo.org/records/21643567,https://zenodo.org/api/records/21643567/files/Data_Management_Plan_for_the_LZP_FLPP_Project_Polymer_Photonic_Interconnects_for_Highdensity_Data_Centers_POLYCONNECT_lzp202410396_New.json/content
10.5281/zenodo.21646962,EUbOPEN Data Management Plan,2026-07-28,Horizon 2020,H2020,875510,EUbOPEN,H2020-JTI-IMI2-2019-17-two-stage,natural sciences,late,1.134,2020-05-01,2025-10-31,SIGNED,False,,,,0,0,,True,public,https://zenodo.org/records/21646962,
10.5281/zenodo.21627056,Impact of fatigue as a multidimensional variable on the performance of office workers in relation with psycho-emotional risks at work (Nr. lzp-2024/1-0098),2026-07-27,Other funder,,15289,,,,unknown,,,,,True,False,1,5,0,0,unknown,False,public,https://zenodo.org/records/21627056,https://zenodo.org/api/records/21627056/files/Impact_of_fatigue_as_a_multidimensional_variable_on_the_performance_of_office_workers_in_relation_with_psychoemotional_risks_at_work_Nr_lzp202410098.json/content
10.5281/zenodo.21618577,Data and Collaboration Policy - Australian Sentinel Species Genomics Initiative Theme 2,2026-07-27,No funder metadata,,,,,,unknown,,,,,False,,,,0,0,,False,public,https://zenodo.org/records/21618577,
10.5281/zenodo.21618398,Data and Collaboration Policy - Australian Sentinel Species Genomics Initiative Theme 1,2026-07-27,No funder metadata,,,,,,unknown,,,,,False,,,,0,0,,False,public,https://zenodo.org/records/21618398,
10.5281/zenodo.21618307,Data and Collaboration Policy - Australian Functional Fungi Initiative,2026-07-27,No funder metadata,,,,,,unknown,,,,,False,,,,0,0,,False,public,https://zenodo.org/records/21618307,
10.5281/zenodo.21595984,Label-free fluorescence lifetime analysis for the screening of nanoencapsulated drugs - Project - Data Management Plan,2026-07-26,No funder metadata,,,,,,unknown,,,,,False,,,,0,0,,False,public,https://zenodo.org/records/21595984,
10.5281/zenodo.21579956,Output Management Plan For Its Honesty and Integrity,2026-07-26,No funder metadata,,,,,,unknown,,,,,False,,,,0,0,,False,public,https://zenodo.org/records/21579956,
10.5281/zenodo.21544227,ChaokunHong/disaggregating-worry-distress-community: v1.0 — npj Mental Health Research submission,2026-07-25,No funder metadata,,,,,,unknown,,,,,False,,,,0,0,,False,public,https://zenodo.org/records/21544227,
10.5281/zenodo.21507184,Development of structure and data-driven methods for analysis and control of complex dynamical systems,2026-07-23,Other funder,,lzp-2024/1-0207,,,,unknown,,,,,True,False,2,6,0,0,unknown,False,public,https://zenodo.org/records/21507184,https://zenodo.org/api/records/21507184/files/Development_of_structure_and_datadriven_methods_for_analysis_and_control_of_complex_dynamical_systems.json/content
10.5281/zenodo.22005034,The AI Transformation Dunning-Kruger Effect: Why Executive Judgment Matters More Than Ever,2026-07-23,No funder metadata,,,,,,unknown,,,,,False,,,,0,0,,False,public,https://zenodo.org/records/22005034,
10.5281/zenodo.21512190,Observed Extreme-Heat Exposure at Gulf Hub Airports- Analysis files,2026-07-23,No funder metadata,,,,,,unknown,,,,,False,,,,0,0,,True,public,https://zenodo.org/records/21512190,
10.5281/zenodo.21509043,Functional liquid biopsies for the detection and monitoring of cancer (FLUID-C),2026-07-23,Other funder,,IVPP-EM-Inovācija-2024/1-0002,,,,unknown,,,,,False,,,,0,0,,True,public,https://zenodo.org/records/21509043,
10.5281/zenodo.21503510,Statistical Process Control (SPC) and CAPA: Improving Manufacturing Quality Through Data-Driven Process Control,2026-07-23,No funder metadata,,,,,,unknown,,,,,False,,,,0,0,,False,public,https://zenodo.org/records/21503510,
10.5281/zenodo.21492034,Empowering Perinatal Care: Implementation Strategies for Midwifery-Led Models in Primary Healthcare Systems - DATA MANAGEMENT PLAN,2026-07-22,Other EU,EC,THCS2025-25,,,,unknown,,,,,False,,,,0,0,,True,public,https://zenodo.org/records/21492034,
10.5281/zenodo.21493927,maDMP – MARBEFES LifeWatch ERIC/ENVRI Thematic Pilot 7 v2,2026-07-22,No funder metadata,,,,,,late,0.963,2023-09-01,2026-08-31,,True,False,1,1,0,0,no,False,public,https://zenodo.org/records/21493927,https://zenodo.org/api/records/21493927/files/maDMP_MARBEFES_LW_v2_enriched.json/content
10.5281/zenodo.21485702,"Bio-based composite development from the fatty acid-based polymer resin reinforced with natural origin fibers (TOMPosite), lzp-2024/1-0071",2026-07-21,Other funder,,lzp-2024/1-0071,,,,unknown,,,,,False,,,,0,0,,False,public,https://zenodo.org/records/21485702,
10.5281/zenodo.21474257,OPERAS PRIME D1.1 – Data Management Plan,2026-07-21,Horizon Europe,HORIZON,101291619,OPERAS PRIME,HORIZON-INFRA-2025-01,social sciences,early,0.155,2026-03-01,2028-08-31,SIGNED,False,,,,0,0,,False,public,https://zenodo.org/records/21474257,
10.5281/zenodo.21454112,ReForest: Deliverable D7.4. Update of the Data Management Plan,2026-07-20,Horizon Europe,HORIZON,101060635,REFOREST,HORIZON-CL6-2021-CLIMATE-01,agricultural sciences,late,1.014,2022-07-01,2026-06-30,SIGNED,False,,,,0,0,,True,public,https://zenodo.org/records/21454112,
10.5281/zenodo.21451356,D7.7: Data Management Plan 2,2026-07-20,Horizon Europe,HORIZON,101135547,XR2Industry,HORIZON-CL4-2023-HUMAN-01-CNECT,,late,0.879,2023-12-01,2026-11-30,SIGNED,False,,,,0,0,,False,public,https://zenodo.org/records/21451356,
10.5281/zenodo.21443952,"Disempowering John Chrysostom: Bodily, Emotional, and Gender Vulnerability in the Letters to Women",2026-07-19,No funder metadata,,,,,,unknown,,,,,False,,,,0,0,,False,public,https://zenodo.org/records/21443952,
10.5281/zenodo.21408134,Data Management Plan of project Biography of Fake News with a Touch of AI: Dangerous Phenomenon through the Prism of Modern Human Sciences,2026-07-17,Other funder,,CZ.02.01.01/00/23_025/0008724,,,,unknown,,,,,False,,,,0,0,,True,public,https://zenodo.org/records/21408134,
10.5281/zenodo.21403408,Data Management Plan for the EVBoost Project (OSI_PIP_BioPhoT-2025/1-0030),2026-07-17,Other funder,,IVPP-EM-Innovation,,,,unknown,,,,,True,False,1,4,0,0,unknown,False,public,https://zenodo.org/records/21403408,https://zenodo.org/api/records/21403408/files/Data_Management_Plan_for_the_EVBoost_Project_OSI_PIP_BioPhoT202510030.json/content
10.5281/zenodo.21393038,"FAIRagro–DMP4NFDI Workshop Report: ""RDMO in Practice: Building Data Management Plans for Agricultural Research"" (17–18 June 2026)",2026-07-16,DFG,DFG,521453681,,,,unknown,,,,,False,,,,0,0,,False,public,https://zenodo.org/records/21393038,
10.5281/zenodo.21394324,SHIFT: Shaping Informed Frameworks for Trust,2026-07-16,Other EU,EC,CNECT/2024/1917981,,,,unknown,,,,,True,False,1,4,0,0,unknown,True,public,https://zenodo.org/records/21394324,https://zenodo.org/api/records/21394324/files/SHIFT_Shaping_Informed_Frameworks_for_Trust.json/content
10.5281/zenodo.21387945,Plan de Inclusión San Carlos TEApoya,2026-07-16,No funder metadata,,,,,,unknown,,,,,False,,,,0,0,,False,public,https://zenodo.org/records/21387945,
10.5281/zenodo.21381433,DONDE LA MEMORIA H A B I T A  cartografia de la paz,2026-07-15,No funder metadata,,,,,,unknown,,,,,False,,,,0,0,,False,public,https://zenodo.org/records/21381433,
10.5281/zenodo.21352462,Anti-Cancer Vaccine Prototype Targeting Immune Checkpoint,2026-07-14,Other funder,,VPP_BPT_2_0020,,,,unknown,,,,,False,,,,0,0,,False,public,https://zenodo.org/records/21352462,
10.5281/zenodo.21355973,Data Management Plan | Enhancing Pear resistance aGAINst fire blight: from natural resilience to regulation of susceptibility genes through New Genomic Techniques (PearGAIN),2026-07-14,Other funder,,10.54499/2023.17358.ICDT,,,,unknown,,,,,True,False,1,9,0,0,unknown,True,public,https://zenodo.org/records/21355973,https://zenodo.org/api/records/21355973/files/Data_Management_Plan__Enhancing_Pear_resistance_aGAINst_fire_blight_from_natural_resilience_to_regulation_of_susceptibility_genes_through_New_Genomic_Techniques_PearGAIN_.json/content
10.5281/zenodo.21337150,Dynamic Impedance-enabled Gut-on-chip for Epithelial Sensing and Therapy modeling,2026-07-13,Other funder,,9787 - DIGEST,,,,unknown,,,,,False,,,,0,0,,True,public,https://zenodo.org/records/21337150,
10.5281/zenodo.21336370,DMP -  Engineering Research Infrastructures for European Synergies (ERIES),2026-07-13,Horizon Europe,HORIZON,101058684,ERIES,HORIZON-INFRA-2021-SERV-01,engineering and technology,late,1.029,2022-06-01,2026-05-31,SIGNED,True,False,1,7,0,0,no,True,public,https://zenodo.org/records/21336370,https://zenodo.org/api/records/21336370/files/DMP___Engineering_Research_Infrastructures_for_European_Synergies_ERIES.json/content
10.5281/zenodo.21333897,ARENA Research Unit - Data Management Plan,2026-07-13,No funder metadata,,,,,,unknown,,,,,False,,,,0,0,,False,public,https://zenodo.org/records/21333897,
10.5281/zenodo.21331903,Weak Evolution of Cosmic HI Abundance over the Past 4.5 Billion Years,2026-07-13,No funder metadata,,,,,,unknown,,,,,False,,,,0,0,,False,public,https://zenodo.org/records/21331903,
10.5281/zenodo.21343674,"Portable Intelligent System for Rapid Assessment of Agricultural Product Quality, Safety, Freshness, and Market Readiness Using Universal Biosensing Cards and Artificial Intelligence",2026-07-13,No funder metadata,,,,,,unknown,,,,,False,,,,0,0,,False,public,https://zenodo.org/records/21343674,
10.5281/zenodo.21294639,37525-Latifeh Chupani-LactoTroutM,2026-07-10,No funder metadata,,,,,,unknown,,,,,True,False,2,2,0,0,unknown,False,public,https://zenodo.org/records/21294639,https://zenodo.org/api/records/21294639/files/37525Latifeh_ChupaniLactoTroutM.json/content
10.5281/zenodo.21280581,Time-To-Engage Project's Data Management Plan Updated,2026-07-09,Other funder,,LCF/PR/SR23/57000012,,,,unknown,,,,,False,,,,0,0,,False,public,https://zenodo.org/records/21280581,
10.5281/zenodo.21261597,The association between the MCM6 LCT-13910C>T variant and bone mineral density in patients with inflammatory bowel disease,2026-07-08,No funder metadata,,,,,,unknown,,,,,False,,,,0,0,,True,public,https://zenodo.org/records/21261597,
10.5281/zenodo.21252812,La Métrica de la totalidad: Acoplamiento de Planck Variable,2026-07-08,No funder metadata,,,,,,unknown,,,,,False,,,,0,0,,False,public,https://zenodo.org/records/21252812,
10.5281/zenodo.21250628,ENTICE - Machine-Actionable Data Management Plan,2026-07-07,Horizon Europe,HORIZON,101184775,ENTICE,HORIZON-CL5-2024-D1-01,natural sciences,mid,0.378,2025-01-01,2028-12-31,SIGNED,True,False,14,70,0,0,unknown,True,public,https://zenodo.org/records/21250628,https://zenodo.org/api/records/21250628/files/ENTICE__MachineActionable_Data_Management_Plan.json/content
10.5281/zenodo.21238128,D1.4 Data Management Plan Update,2026-07-07,Other EU,EC,Grant Agreement No. 101182324,,,,unknown,,,,,False,,,,0,0,,True,public,https://zenodo.org/records/21238128,
10.5281/zenodo.21215802,Quantitative Biosensing in Organ-on-Chip Systems (Project acronym: Q-BIOS),2026-07-06,Other funder,,LZP-2024/1-0329,,,,unknown,,,,,True,False,1,3,0,0,unknown,False,public,https://zenodo.org/records/21215802,https://zenodo.org/api/records/21215802/files/Quantitative_Biosensing_in_OrganonChip_Systems_Project_acronym_QBIOS.json/content
10.5281/zenodo.21216163,Data Management Plan,2026-07-06,Horizon Europe,HORIZON,101140713,ACME,ERC-2023-ADG,engineering and technology,early,0.27,2025-03-01,2030-02-28,SIGNED,False,,,,0,0,,False,public,https://zenodo.org/records/21216163,
10.5281/zenodo.21203166,CRC 1615 Research Data Management Plan (RDMP) Template,2026-07-05,DFG,DFG,SFB 1615-503850735,,,,unknown,,,,,False,,,,0,0,,False,public,https://zenodo.org/records/21203166,
10.5281/zenodo.21203051,CRC 1615 Research Data Management Plan Handbook,2026-07-05,DFG,DFG,SFB 1615-503850735,,,,unknown,,,,,False,,,,0,0,,False,public,https://zenodo.org/records/21203051,
10.5281/zenodo.21206278,ULTRAMETRIC PHYSICS: RESEARCH PLAN,2026-07-05,No funder metadata,,,,,,unknown,,,,,False,,,,0,0,,False,public,https://zenodo.org/records/21206278,
10.5281/zenodo.21206272,Syntactic Token Calculus Research Plan,2026-07-05,No funder metadata,,,,,,unknown,,,,,False,,,,0,0,,False,public,https://zenodo.org/records/21206272,
10.5281/zenodo.21191500,"AI-Agnostic Prompt Schedule Drafts, Master and Outcomes",2026-07-04,No funder metadata,,,,,,unknown,,,,,False,,,,0,0,,False,public,https://zenodo.org/records/21191500,
10.5281/zenodo.21175991,Real-time medical image tracking with uncertainty estimation: A Bayesian-enhanced Triplet–proper orthogonal decomposition (Triplet–POD) method,2026-07-03,No funder metadata,,,,,,unknown,,,,,False,,,,0,0,,False,public,https://zenodo.org/records/21175991,
10.5281/zenodo.21141841,Supplementary data for: Alcock-Paczynski blinding scheme for the Lya forest analysis,2026-07-02,No funder metadata,,,,,,unknown,,,,,False,,,,0,0,,False,public,https://zenodo.org/records/21141841,
10.5281/zenodo.21137136,Cara buka Blokir bws mobile salah pin 3 kali,2026-07-02,No funder metadata,,,,,,unknown,,,,,False,,,,0,0,,False,public,https://zenodo.org/records/21137136,
10.5281/zenodo.21265838,D7.3 Data Management Plan (final),2026-07-01,Horizon Europe,HORIZON,101076963,PHOEBE,HORIZON-CL5-2022-D6-01,social sciences,late,0.978,2022-11-01,2026-07-31,SIGNED,False,,,,0,0,,False,public,https://zenodo.org/records/21265838,
10.5281/zenodo.21068037,Leveraging computational tools to develop protein-based therapeutics for virological and oncological applications,2026-06-30,Other funder,,2025.09577.CPCA,,,,unknown,,,,,True,False,1,3,0,0,unknown,False,public,https://zenodo.org/records/21068037,https://zenodo.org/api/records/21068037/files/Leveraging_computational_tools_to_develop_proteinbased_therapeutics_for_virological_and_oncological_applications.json/content
10.5281/zenodo.21066278,CARGO-ACT Data Management Plan,2026-06-30,Other EU,EC,HORIZON-INFRA-2023-DEV-01,,,,unknown,,2024-04-29,2024-04-29,,True,False,6,33,0,0,no,False,public,https://zenodo.org/records/21066278,https://zenodo.org/api/records/21066278/files/CARGOACT_Data_Management_Plan.json/content
10.5281/zenodo.21059892,"Host species background, defence systems, and phage tail gene architecture shape phage infectivity in cystic fibrosis-associated Achromobacter",2026-06-30,No funder metadata,,,,,,unknown,,,,,False,,,,0,0,,False,public,https://zenodo.org/records/21059892,
10.5281/zenodo.21698289,Organization of Serial Production of Beams,2026-06-30,No funder metadata,,,,,,unknown,,,,,False,,,,0,0,,False,public,https://zenodo.org/records/21698289,
10.5281/zenodo.21046064,"Estratégias Disciplinares em Acolhimento Residencial: Desenho, Desenvolvimento e Validação de um Programa de Formação para Cuidadores | Plano de Gestão de Dados - Versão 1",2026-06-29,Other funder,,2025.02824.BD,,,,unknown,,,,,True,False,1,8,0,0,unknown,False,public,https://zenodo.org/records/21046064,https://zenodo.org/api/records/21046064/files/_Estratgias_Disciplinares_em_Acolhimento_Residencial_Desenho_Desenvolvimento_e_Validao_de_um_Programa_de_Formao_para_Cuidadores__Plano_de_Gesto_de_Dados__Verso_1.json/content
10.5281/zenodo.21038414,Career Development Plan - D2- Polyesters Catalytic Chemical Recycling in Continuous Flow Reactors (REFLOWER) -  HORIZON-MSCA-2024-PF-01-01 - MSCA Postdoctoral Fellowships 2024,2026-06-29,Horizon Europe,HORIZON,101207710,REFLOWER,HORIZON-MSCA-2024-PF-01,engineering and technology,early,0.246,2026-01-01,2027-12-31,SIGNED,False,,,,0,0,,False,public,https://zenodo.org/records/21038414,
10.5281/zenodo.21028598,AQUASERV Blueprint  Plan,2026-06-29,No funder metadata,,,,,,unknown,,,,,True,False,1,2,0,0,unknown,False,public,https://zenodo.org/records/21028598,https://zenodo.org/api/records/21028598/files/AQUASERV_Blueprint__Plan.json/content
10.5281/zenodo.21021565,Student-Administration Relation Practices in EARIST Inputs to Collaborative Plan,2026-06-29,No funder metadata,,,,,,unknown,,,,,False,,,,0,0,,False,public,https://zenodo.org/records/21021565,
10.5281/zenodo.21024156,D1.3 Data Management Plan (update),2026-06-29,Horizon Europe,HORIZON,101138672,HeriTACE,HORIZON-CL5-2023-D4-01,engineering and technology,mid,0.623,2024-01-01,2027-12-31,SIGNED,False,,,,0,0,,False,public,https://zenodo.org/records/21024156,
10.5281/zenodo.21039592,"BRYOMOLECULES - D6.3 Data Management Plan, first version",2026-06-29,Horizon Europe,HORIZON,101135305,BRYOMOLECULES,HORIZON-CL6-2023-CIRCBIO-01,natural sciences,mid,0.609,2024-09-01,2027-08-31,SIGNED,False,,,,0,0,,True,public,https://zenodo.org/records/21039592,
10.5281/zenodo.21028557,DELIVERABLE D8.2 DATA MANAGEMENT PLAN,2026-06-29,Horizon Europe,HORIZON,101131612,SameMultiPhys,HORIZON-MSCA-2022-SE-01,natural sciences,mid,0.665,2023-11-01,2027-10-31,SIGNED,False,,,,0,0,,True,public,https://zenodo.org/records/21028557,
10.5281/zenodo.20995717,D7.3 NEMESIS Data Management Plan,2026-06-28,Horizon Europe,HORIZON,101234557,NEMESIS,HORIZON-MSCA-2024-SE-01,natural sciences,early,0.122,2026-01-01,2029-12-31,SIGNED,False,,,,0,0,,False,public,https://zenodo.org/records/20995717,
10.5281/zenodo.20955872,Igbinedion University Okada 2026/2027 Admission/Application Form,2026-06-27,No funder metadata,,,,,,unknown,,,,,False,,,,0,0,,False,public,https://zenodo.org/records/20955872,
10.5281/zenodo.20925228,PRESERVE - D1.2 - PRESERVE Data Management Plan,2026-06-26,Horizon Europe,HORIZON,101168392,PRESERVE,HORIZON-CL3-2023-FCT-01,engineering and technology,mid,0.579,2024-10-01,2027-09-30,SIGNED,False,,,,0,0,,False,public,https://zenodo.org/records/20925228,
10.5281/zenodo.20841223,DMP for project No. 1.1.1.9/LZP/2/25/207,2026-06-25,Other funder,,1.1.1.9/LZP/2/25/207,,,,unknown,,,,,False,,,,0,0,,False,public,https://zenodo.org/records/20841223,
10.5281/zenodo.20838685,A Capacity-Feasibility Test for the Global Extraction Method: R code (CB-GEM),2026-06-25,No funder metadata,,,,,,unknown,,,,,False,,,,0,0,,False,public,https://zenodo.org/records/20838685,
10.5281/zenodo.20923218,EOSC EDEN – D5.2 Data Management Plan (V2.0),2026-06-25,Horizon Europe,HORIZON,101188015,EOSC EDEN,HORIZON-INFRA-2024-EOSC-01,,mid,0.494,2025-01-01,2027-12-31,SIGNED,False,,,,0,0,,True,public,https://zenodo.org/records/20923218,
10.5281/zenodo.20846754,BorderForce_D1.2 – Project Data Management Plan (PDMP),2026-06-25,Other EU,EC,,,,,unknown,,,,,False,,,,0,0,,True,public,https://zenodo.org/records/20846754,
10.5281/zenodo.20816331,EUREMAP demonstrator project: Enhancing the Production and Therapeutic Potential of Streptocyclinones for Alzheimer's Disease,2026-06-23,Horizon Europe,HORIZON,101131663,EUREMAP,HORIZON-INFRA-2023-DEV-01,medical and health sciences,late,0.826,2024-01-01,2026-12-31,SIGNED,False,,,,0,0,,False,public,https://zenodo.org/records/20816331,
10.5281/zenodo.20815680,EUREMAP demonstrator project: Enhancing the Production and Therapeutic Potential of Streptocyclinones for Alzheimer's Disease.,2026-06-23,Horizon Europe,HORIZON,101131663,EUREMAP,HORIZON-INFRA-2023-DEV-01,medical and health sciences,late,0.826,2024-01-01,2026-12-31,SIGNED,True,False,7,43,0,1,no,True,public,https://zenodo.org/records/20815680,https://zenodo.org/api/records/20815680/files/EUREMAP_demonstrator_project_Enhancing_the_Production_and_Therapeutic_Potential_of_Streptocyclinones_for_Alzheimers_Disease.json/content
10.5281/zenodo.20815418,AQUASERV example DMP,2026-06-23,No funder metadata,,,,,,unknown,,,,,True,False,1,2,0,0,unknown,False,public,https://zenodo.org/records/20815418,https://zenodo.org/api/records/20815418/files/AQUASERV_example_DMP.json/content
10.5281/zenodo.20799634,NEURO-SOVEREIGNTY JURISPRUDENCE Founding Neuro-Biological Law in the Age of Bio-Technological,2026-06-22,No funder metadata,,,,,,unknown,,,,,False,,,,0,0,,False,public,https://zenodo.org/records/20799634,
10.5281/zenodo.20781275,Ecosystem,2026-06-21,No funder metadata,,,,,,unknown,,,,,False,,,,0,0,,False,public,https://zenodo.org/records/20781275,
10.5281/zenodo.18757483,RecAL D22.1 Initial Data Management Plan,2026-06-21,Horizon Europe,HORIZON,101138747,RecAL,HORIZON-CL4-2023-TWIN-TRANSITION-01,engineering and technology,mid,0.618,2024-01-01,2027-12-31,SIGNED,False,,,,0,0,,False,public,https://zenodo.org/records/18757483,
10.5281/zenodo.20758777,How to Write a Data Management Plan (DMP)?,2026-06-19,DFG,DFG,460129525,,,,unknown,,,,,False,,,,0,0,,False,public,https://zenodo.org/records/20758777,
10.5281/zenodo.20759403,PID2020-112967GB-C32 - Meeting Artificial Intelligence and Machine Learning for Rail Passenger Service Planning under Competition.,2026-06-19,Other funder,,PID2020-112967GB-C32,,,,unknown,,,,,True,False,2,12,0,0,no,True,public,https://zenodo.org/records/20759403,https://zenodo.org/api/records/20759403/files/PID2020112967GBC32__Meeting_Artificial_Intelligence_and_Machine_Learning_for_Rail_Passenger_Service_Planning_under_Competition.json/content
10.5281/zenodo.20767730,"A short Description Note on Storage Management, and Paper Review Systems",2026-06-19,No funder metadata,,,,,,unknown,,,,,False,,,,0,0,,False,public,https://zenodo.org/records/20767730,
10.5281/zenodo.20764586,"Le Infrastrutture di Ricerca per l'Innovazione Infrastrutture di Ricerca PNRR – Implicazioni operative per il modello di accesso, utilizzo e sostenibilità emerse dalle evidenze dell'interazione con il sistema delle imprese e con altri stakeholder./Research Infrastructures for Innovation NRRP Research Infrastructures – Operational Implications for Access, Utilisation and Sustainability Models Emerging from Evidence Gathered Through Interaction with Industry and Other Stakeholders",2026-06-19,No funder metadata,,,,,,unknown,,,,,False,,,,0,0,,False,public,https://zenodo.org/records/20764586,
10.5281/zenodo.20761312,D1.4. Data Management Plan First Update,2026-06-19,Horizon Europe,HORIZON,101091099,InBestSoil,HORIZON-MISS-2021-SOIL-02,natural sciences,late,0.866,2023-01-01,2026-12-31,SIGNED,False,,,,0,0,,False,public,https://zenodo.org/records/20761312,
10.5281/zenodo.20747963,D1.2 Data Management Plan v2,2026-06-18,Horizon Europe,HORIZON,101188009,ARTEMIS,HORIZON-INFRA-2024-TECH-01,,mid,0.487,2025-01-01,2027-12-31,SIGNED,False,,,,0,0,,True,public,https://zenodo.org/records/20747963,
10.5281/zenodo.20733361,Software Management Plan,2026-06-17,No funder metadata,,,,,,unknown,,,,,False,,,,0,0,,False,public,https://zenodo.org/records/20733361,
10.5281/zenodo.20732485,D12.2 - Data Management Plan – First updated Version,2026-06-17,Horizon Europe,HORIZON,101178117,BeBOP,HORIZON-CL4-2024-TWIN-TRANSITION-01,natural sciences,mid,0.427,2024-10-01,2028-09-30,SIGNED,False,,,,0,0,,False,public,https://zenodo.org/records/20732485,
10.5281/zenodo.20735383,MOIRAI Deliverable 1.1 - Data Management Plan (REVIEW PENDING),2026-06-17,Horizon Europe,HORIZON,101180994,MOIRAI,HORIZON-CL6-2024-CLIMATE-01,natural sciences,mid,0.465,2024-11-01,2028-04-30,SIGNED,False,,,,0,0,,True,public,https://zenodo.org/records/20735383,
10.5281/zenodo.20718972,BLOOM Data Management Plan,2026-06-16,No funder metadata,,,,,,unknown,,,,,True,False,11,28,0,0,unknown,False,public,https://zenodo.org/records/20718972,https://zenodo.org/api/records/20718972/files/BLOOM_Data_Management_Plan_.json/content
10.5281/zenodo.20711261,ICHKI ISHLAR ORGANLARI TEZKOR BO'LINMALARI TOMONIDAN BOSQINCHILIK JINOYATLARINI FOSH ETISHNING TAKTIK ASOSLARI VA ZAMONAVIY TENDENSIYALARI,2026-06-16,No funder metadata,,,,,,unknown,,,,,False,,,,0,0,,False,public,https://zenodo.org/records/20711261,
10.5281/zenodo.20719071,NET-Fuels Data Management Plan (DMP) - Version 3.0,2026-06-16,Horizon Europe,HORIZON,101083780,NET-Fuels,HORIZON-CL5-2021-D3-03,agricultural sciences,late,0.906,2022-11-01,2026-10-31,SIGNED,False,,,,0,0,,False,public,https://zenodo.org/records/20719071,
10.5281/zenodo.20714902,"eDNAqua-Plan Data Management Plan: DMP template, list of datasets, metadata standard vocabularies, repositories and file names for eDNA Studies",2026-06-16,Horizon Europe,HORIZON,101112800,eDNAqua-plan,HORIZON-MISS-2022-OCEAN-01,,late,0.931,2023-09-01,2026-08-31,SIGNED,False,,,,0,0,,False,public,https://zenodo.org/records/20714902,
10.5281/zenodo.20709145,Supplementary data for Planetary Accretion Is Less Frequent in Wide Binaries: Evidence from Metal-Enriched White Dwarfs in DESI DR1,2026-06-15,No funder metadata,,,,,,unknown,,,,,False,,,,0,0,,False,public,https://zenodo.org/records/20709145,
10.5281/zenodo.20707815,PRESILIENT,2026-06-15,Horizon Europe,HORIZON,101073394,PRESILIENT,HORIZON-MSCA-2021-DN-01,social sciences,mid,0.693,2023-03-01,2027-11-30,SIGNED,False,,,,0,0,,False,public,https://zenodo.org/records/20707815,
10.5281/zenodo.20707766,Mapping cultural diversity through personal networks (MapCDPerNets),2026-06-15,Other funder,,FBBVA-2022-MapCDPerNets,,,,unknown,,,,,False,,,,0,0,,False,public,https://zenodo.org/records/20707766,
10.5281/zenodo.20707697,PRELAB,2026-06-15,Horizon Europe,HORIZON,101129940,PRELAB,HORIZON-MSCA-2022-SE-01,social sciences,mid,0.573,2024-03-01,2028-02-29,SIGNED,False,,,,0,0,,False,public,https://zenodo.org/records/20707697,
10.5281/zenodo.20704192,Plan de gestion des données pour le projet Scientific Ecological Data Explorer,2026-06-15,No funder metadata,,,,,,unknown,,,,,False,,,,0,0,,False,public,https://zenodo.org/records/20704192,
10.5281/zenodo.21355527,Understanding Perceived Stress through Triguna Personality and  Self-compassion: Evidence from Young Indian Adults,2026-06-15,No funder metadata,,,,,,unknown,,,,,False,,,,0,0,,False,public,https://zenodo.org/records/21355527,
10.5281/zenodo.20672946,Science Outreach Implementation Toolkit: RiBBiTR Science Outreach Through School and Teacher Partnerships,2026-06-12,Other funder,,2120084,,,,unknown,,,,,False,,,,0,0,,False,public,https://zenodo.org/records/20672946,
10.5281/zenodo.20642254,Supplementary data for: The DESI DR1 white dwarf catalogue,2026-06-11,No funder metadata,,,,,,unknown,,,,,False,,,,0,0,,False,public,https://zenodo.org/records/20642254,
10.5281/zenodo.20645134,Data Management Plan Aquaserv 42171,2026-06-11,Horizon Europe,HORIZON,101131121,AQUASERV,HORIZON-INFRA-2023-SERV-01,agricultural sciences,mid,0.439,2024-04-01,2029-03-31,SIGNED,False,,,,0,0,,False,public,https://zenodo.org/records/20645134,
10.5281/zenodo.20635062,Unified EM+QG Lagrangian from PEPS-5D – Alpha + Fano Series Complete Archive,2026-06-11,No funder metadata,,,,,,unknown,,,,,False,,,,0,0,,False,public,https://zenodo.org/records/20635062,
10.5281/zenodo.20602368,Formula para. Detectar primos con mi formula telescópica para planos geométricos de las 4 hermanas,2026-06-09,No funder metadata,,,,,,unknown,,,,,False,,,,0,0,,False,public,https://zenodo.org/records/20602368,
10.5281/zenodo.20609215,Bio4HUMAN D2.1 Final Data Management Plan,2026-06-09,Horizon Europe,HORIZON,101135144,Bio4HUMAN,HORIZON-CL6-2023-CIRCBIO-01,social sciences,late,0.977,2024-01-01,2026-06-30,SIGNED,False,,,,0,0,,False,public,https://zenodo.org/records/20609215,
10.5281/zenodo.20608315,BioPhenom - Data Management Plan,2026-06-09,Horizon Europe,HORIZON,101135107,BioPhenom,HORIZON-CL6-2023-ZEROPOLLUTION-02,engineering and technology,mid,0.505,2024-06-01,2028-05-31,SIGNED,False,,,,0,0,,False,public,https://zenodo.org/records/20608315,
10.5281/zenodo.20596944,Rencana Pembelajaran Semster (RPS) Mekanika 1 Fisika Universitas Negeri Semarang 2024,2026-06-08,No funder metadata,,,,,,unknown,,,,,False,,,,0,0,,False,public,https://zenodo.org/records/20596944,
10.5281/zenodo.20534513,University of Twente Research Software Guideline,2026-06-04,No funder metadata,,,,,,unknown,,,,,False,,,,0,0,,False,public,https://zenodo.org/records/20534513,
10.5281/zenodo.20543721,D7.3: Data Management Plan - Final,2026-06-04,Horizon Europe,HORIZON,101084234,FLIARA,HORIZON-CL6-2022-COMMUNITIES-01,social sciences,late,1.142,2023-01-01,2025-12-31,SIGNED,False,,,,0,0,,False,public,https://zenodo.org/records/20543721,
10.5281/zenodo.20529135,DMP4NFDI Training Guideline – How to Plan and Run a Workshop on Data Management Plans,2026-06-03,DFG,DFG,521453681,,,,unknown,,,,,False,,,,0,0,,False,public,https://zenodo.org/records/20529135,
10.5281/zenodo.20527556,"Innovation and Data Management Plan (DMP) with open science practices, gender dimension and ethics (Second version)",2026-06-03,Horizon Europe,HORIZON,101138034,ZEvRA,HORIZON-CL5-2023-D5-01,natural sciences,late,0.807,2024-01-01,2026-12-31,SIGNED,False,,,,0,0,,True,public,https://zenodo.org/records/20527556,
10.5281/zenodo.20524246,"Innovation and Data Management Plan  (DMP) with open science practices,  gender dimension and ethics (first  version)",2026-06-03,Horizon Europe,HORIZON,101138034,ZEvRA,HORIZON-CL5-2023-D5-01,natural sciences,late,0.807,2024-01-01,2026-12-31,SIGNED,False,,,,0,0,,True,public,https://zenodo.org/records/20524246,
10.5281/zenodo.20509713,PID:42107-Sinéad Cahill-PhD-AQUASERV-DMP,2026-06-02,No funder metadata,,,,,,unknown,,,,,True,False,2,2,0,0,unknown,False,public,https://zenodo.org/records/20509713,https://zenodo.org/api/records/20509713/files/PID42107Sinad_CahillPhDAQUASERVDMP.json/content
10.5281/zenodo.20506999,WATERUN Final Data management plan,2026-06-02,Horizon Europe,HORIZON,101060922,WATERUN,HORIZON-CL6-2021-ZEROPOLLUTION-01,,late,1.001,2022-06-01,2026-05-31,SIGNED,False,,,,0,0,,False,public,https://zenodo.org/records/20506999,
10.5281/zenodo.20510747,D5.2 - Data Management Plan,2026-06-02,Horizon Europe,HORIZON,101139120,EXIGENCE,HORIZON-JU-SNS-2023,,late,0.969,2024-01-01,2026-06-30,SIGNED,False,,,,0,0,,False,public,https://zenodo.org/records/20510747,
10.5281/zenodo.20485114,COVID-19 Effects on Socio-Economic and Living Conditions of Tribes during the Pandemic: A Study on Visakhapatnam District of Andhra Pradesh,2026-06-01,No funder metadata,,,,,,unknown,,,,,False,,,,0,0,,False,public,https://zenodo.org/records/20485114,
10.5281/zenodo.21382168,D3.5 - Data management plan - update (v1),2026-05-30,Horizon Europe,HORIZON,101058684,ERIES,HORIZON-INFRA-2021-SERV-01,engineering and technology,late,0.999,2022-06-01,2026-05-31,SIGNED,False,,,,0,0,,False,public,https://zenodo.org/records/21382168,
10.5281/zenodo.20489332,D5.3 Project Management Guide – Version 3,2026-05-29,Horizon Europe,HORIZON,101112841,PIISA,HORIZON-MISS-2022-CLIMA-01,natural sciences,late,0.998,2023-06-01,2026-05-31,SIGNED,False,,,,0,0,,False,public,https://zenodo.org/records/20489332,
10.5281/zenodo.20447841,OPENMIN  - Consolidating Open Science and Data Initiatives on Ethnic and Migrant Minorities in Europe: Data Management Plan,2026-05-29,Other EU,EC,ANR-23-CHRO-0007,OPENMIN,,,unknown,,,,,False,,,,0,0,,False,public,https://zenodo.org/records/20447841,
10.5281/zenodo.20443793,D5.12 Data Management Plan  – Version 3,2026-05-29,Horizon Europe,HORIZON,101112841,PIISA,HORIZON-MISS-2022-CLIMA-01,natural sciences,late,0.998,2023-06-01,2026-05-31,SIGNED,False,,,,0,0,,False,public,https://zenodo.org/records/20443793,
10.5281/zenodo.20445181,Supplementary data for: Mapping the nuclear environments of extreme coronal line emitting galaxies,2026-05-29,No funder metadata,,,,,,unknown,,,,,False,,,,0,0,,False,public,https://zenodo.org/records/20445181,
10.5281/zenodo.20450701,D3.2 DMP Evaluation Service,2026-05-29,Horizon Europe,HORIZON,101130187,OSTrails,HORIZON-INFRA-2023-EOSC-01,natural sciences,late,0.774,2024-02-01,2027-01-31,SIGNED,False,,,,0,0,,False,public,https://zenodo.org/records/20450701,
10.5281/zenodo.20424835,Data Management Plan for POSTDOC Project on Chaos-Secured Data Transmission for Power Grid Inspection,2026-05-28,Other funder,,ERDF  POSTDOC  1.1.1.9/LZP/2/25/334,,,,unknown,,,,,True,False,1,5,0,0,unknown,True,public,https://zenodo.org/records/20424835,https://zenodo.org/api/records/20424835/files/Data_Management_Plan_for_POSTDOC_Project_on_ChaosSecured_Data_Transmission_for_Power_Grid_Inspection.json/content
10.5281/zenodo.20425592,D1.2 Data Management Plan v1.0,2026-05-28,Horizon Europe,HORIZON,101135051,ArcSolution,HORIZON-CL6-2023-ZEROPOLLUTION-01,natural sciences,mid,0.455,2024-08-01,2028-07-31,SIGNED,False,,,,0,0,,True,public,https://zenodo.org/records/20425592,
10.5281/zenodo.20429095,MultiMiner Project Deliverable No 5.4 - Data Management Plan V1.8,2026-05-28,Horizon Europe,HORIZON,101091374,MultiMiner,HORIZON-CL4-2022-RESILIENCE-01,engineering and technology,late,0.974,2023-01-01,2026-06-30,SIGNED,False,,,,0,0,,True,public,https://zenodo.org/records/20429095,
10.5281/zenodo.20443637,D5.9 Project Risk and Ethics Guide  – Version 3,2026-05-27,Horizon Europe,HORIZON,101112841,PIISA,HORIZON-MISS-2022-CLIMA-01,natural sciences,late,0.996,2023-06-01,2026-05-31,SIGNED,False,,,,0,0,,True,public,https://zenodo.org/records/20443637,
10.5281/zenodo.20412395,"VPP LITBEL darba pakas daļas ""Literāro darbu radīšana digitālajā laikmetā"" DPP",2026-05-27,Other funder,,"Valsts pētījumu programma ""Letonika latviskas un eiropeiskas sabiedrības attīstībai"", projekts ""Latviešu literatūra kā piederība: personības, poētika un publiskā telpa (LITBEL)"", Nr. VPP-IZM-Letonika-2025/1-0006",,,,unknown,,,,,True,False,1,3,0,0,unknown,False,public,https://zenodo.org/records/20412395,https://zenodo.org/api/records/20412395/files/VPP_LITBEL_darba_pakas_daas_Literro_darbu_radana_digitlaj_laikmet_DPP.json/content
10.5281/zenodo.14236982,NuClim - Data Management Plan,2026-05-27,Horizon Europe,HORIZON,101166515,NUCLIM,HORIZON-EURATOM-2023-NRT-01,natural sciences,mid,0.434,2024-09-01,2028-08-31,SIGNED,False,,,,0,0,,False,public,https://zenodo.org/records/14236982,
10.5281/zenodo.20393422,Pla de Gestió de Dades projecte BisCat - Institut d'Estudis Catalans,2026-05-26,No funder metadata,,,,,,unknown,,,,,False,,,,0,0,,False,public,https://zenodo.org/records/20393422,
10.5281/zenodo.20373463,Cara buka blokir m-banking bws mobile yg terblokir,2026-05-25,No funder metadata,,,,,,unknown,,,,,False,,,,0,0,,False,public,https://zenodo.org/records/20373463,
10.5281/zenodo.18714924,UniRelease: A Unified Framework for Addressing Cross-Platform Mobile Application Build and Release Challenges,2026-05-25,No funder metadata,,,,,,unknown,,,,,False,,,,0,0,,False,public,https://zenodo.org/records/18714924,
10.5281/zenodo.20366421,Project R,2026-05-24,No funder metadata,,,,,,unknown,,,,,False,,,,0,0,,False,public,https://zenodo.org/records/20366421,
10.5281/zenodo.20358089,"MASV-Prime: Синтетическая живая архитектура Мозг, тело, органы и клетки как иерархия фазовых аттракторов.",2026-05-23,No funder metadata,,,,,,unknown,,,,,False,,,,0,0,,False,public,https://zenodo.org/records/20358089,
10.5281/zenodo.20329397,41884_Exploring_seagrass_meadows_as_local_climate_change_refugia,2026-05-21,No funder metadata,,,,,,unknown,,,,,True,False,2,2,0,0,unknown,False,public,https://zenodo.org/records/20329397,https://zenodo.org/api/records/20329397/files/41884_Exploring_seagrass_meadows_as_local_climate_change_refugia.json/content
10.5281/zenodo.20323630,MobiMad@PT,2026-05-21,Other funder,,2023.11968.PEX,MobiMad@PT,,,unknown,,,,,False,,,,0,0,,True,public,https://zenodo.org/records/20323630,
10.5281/zenodo.20326179,Western Ionian Sea Data Management Plan,2026-05-21,No funder metadata,,,,,,unknown,,,,,False,,,,0,0,,False,public,https://zenodo.org/records/20326179,
10.5281/zenodo.20306110,Small-scale oil spill remediation: use of protein waste biomolecules,2026-05-20,Other funder,,90000048222,,,,unknown,,,,,False,,,,0,0,,False,public,https://zenodo.org/records/20306110,
10.5281/zenodo.20282274,DMP for Pomace validation into bioactive specialty vinegars for 1.1.1.9/LZP/2/25/212(PD10) project,2026-05-19,Other funder,,1.1.1.9/LZP/2/25/212,,,,unknown,,,,,False,,,,0,0,,False,public,https://zenodo.org/records/20282274,
10.5281/zenodo.20234379,Data Management Plan for SmartSortMag,2026-05-16,Other funder,,1.1.1.9/LZP/2/25/330,,,,unknown,,,,,True,False,1,3,0,0,unknown,True,public,https://zenodo.org/records/20234379,https://zenodo.org/api/records/20234379/files/Data_Management_Plan_for_SmartSortMag.json/content
10.5281/zenodo.20213248,Plano de gestão de dados do projeto UrbanMove+: Plataforma Inteligente de Monitorização da Mobilidade Turística Sustentávelnt PGD,2026-05-15,Other funder,,UrbanMove+,,,,unknown,,,,,False,,,,0,0,,False,public,https://zenodo.org/records/20213248,
10.5281/zenodo.20182099,COMPREHENSIVE RENOVATION SOLUTIONS FOR UPGRADING EXISTING BUILDINGS TO NZEB LEVEL,2026-05-14,Other funder,,1.1.1.3./1./24/A/014,,,,unknown,,,,,True,False,1,3,0,0,unknown,False,public,https://zenodo.org/records/20182099,https://zenodo.org/api/records/20182099/files/COMPREHENSIVE_RENOVATION_SOLUTIONS_FOR_UPGRADING_EXISTING_BUILDINGS_TO_NZEB_LEVEL.json/content
10.5281/zenodo.20180661,Capacity building in genomic epidemiology of viral threats through expansion of INSaFLU and training provision,2026-05-14,Other funder,,2023.10492.CPCA.A2,,,,late,1.975,2024-05-23,2025-05-23,,True,False,2,3,0,0,unknown,False,public,https://zenodo.org/records/20180661,https://zenodo.org/api/records/20180661/files/Capacity_building_in_genomic_epidemiology_of_viral_threats_through_expansion_of_INSaFLU_and_training_provision.json/content
10.5281/zenodo.20182719,RAISE Suite first maDMP,2026-05-14,No funder metadata,,,,,,unknown,,,,,True,True,1,1,0,1,unknown,True,public,https://zenodo.org/records/20182719,https://zenodo.org/api/records/20182719/files/dmp.json/content
10.5281/zenodo.20142673,DMP for MRI-Based Physics-Informed Operator Learning,2026-05-12,Other funder,,A0-A1-2025,,,,unknown,,,,,True,False,1,2,0,0,unknown,True,public,https://zenodo.org/records/20142673,https://zenodo.org/api/records/20142673/files/DMP_for_MRIBased_PhysicsInformed_Operator_Learning.json/content
10.5281/zenodo.20137565,Data Management Plan for LangInLife project,2026-05-12,Other funder,,CZ.02.01.01/00/23_025/0008726,,,,unknown,,,,,False,,,,0,0,,False,public,https://zenodo.org/records/20137565,
10.5281/zenodo.20141365,Molecular Dynamics Simulations for Ion-implanted Ga2O3,2026-05-12,Other funder,,2022.09585.BD,,,,unknown,,,,,True,False,1,3,0,0,unknown,False,public,https://zenodo.org/records/20141365,https://zenodo.org/api/records/20141365/files/Molecular_Dynamics_Simulations_for_Ionimplanted_Ga2O3.json/content
10.5281/zenodo.20125066,EuroNanoMed RAIN,2026-05-11,Horizon 2020,H2020,723770,EuroNanoMed III,H2020-NMBP-2016-2017,,late,1.588,2016-11-01,2022-10-31,CLOSED,False,,,,0,0,,False,public,https://zenodo.org/records/20125066,
10.5281/zenodo.20118840,DMP for SustainAgriFinTech Project,2026-05-11,Other funder,,SustainAgriFinTech,,,,unknown,,,,,True,False,1,5,0,0,unknown,False,public,https://zenodo.org/records/20118840,https://zenodo.org/api/records/20118840/files/DMP_for_SustainAgriFinTech_Project.json/content
10.5281/zenodo.20127620,Plano de Tradução para Disseminação do Conhecimento Científico e Contribuições do Projeto para a Promoção da Equidade: Projeto PRIME-DF,2026-05-11,No funder metadata,,,,,,unknown,,,,,False,,,,0,0,,False,public,https://zenodo.org/records/20127620,
10.5281/zenodo.20079022,Supplementary data for: Unveiling Hidden Lyman Alpha Emitters in the DESI Year 1 Data,2026-05-08,No funder metadata,,,,,,unknown,,,,,False,,,,0,0,,False,public,https://zenodo.org/records/20079022,
10.5281/zenodo.20084238,Hybrid Graphene-Membrane Systems for Energy-Efficient Water Purification and Disinfection,2026-05-08,Other funder,,1.1.1.9/LZP/2/25/254 (P002.0066),,,,unknown,,,,,True,False,1,5,0,0,unknown,False,public,https://zenodo.org/records/20084238,https://zenodo.org/api/records/20084238/files/Hybrid_GrapheneMembrane_Systems_for_EnergyEfficient_Water_Purification_and_Disinfection.json/content
10.5281/zenodo.20068687,"Data Management Plan for the project ""Natural Crosslinker-Infused Bacterial Cellulose Composites with Nanocarbon Networks for High Performance EMI Shielding""",2026-05-07,No funder metadata,,,,,,unknown,,,,,False,,,,0,0,,False,public,https://zenodo.org/records/20068687,
10.5281/zenodo.21336526,D5.4 Data management plan updated version,2026-05-07,Horizon Europe,HORIZON,101095530,SYNTHEMA,HORIZON-HLTH-2022-IND-13,medical and health sciences,late,0.858,2022-12-01,2026-11-30,SIGNED,False,,,,0,0,,False,public,https://zenodo.org/records/21336526,
10.5281/zenodo.20040837,Assessment of early childhood diet quality and the development of tailored tools for implementing dietary guidelines,2026-05-05,Other funder,,1.1.1.9/LZP/2/25/211,,,,unknown,,,,,True,False,3,12,0,0,unknown,True,public,https://zenodo.org/records/20040837,https://zenodo.org/api/records/20040837/files/Assessment_of_early_childhood_diet_quality_and_the_development_of_tailored_tools_for_implementing_dietary_guidelines.json/content
10.5281/zenodo.20020721,D1.11 RP3 UPDATE OF THE DATA MANAGEMENT PLAN,2026-05-04,Horizon Europe,HORIZON,101046846,MAPWORMS,HORIZON-EIC-2021-PATHFINDEROPEN-01,natural sciences,late,1.003,2022-05-01,2026-04-30,SIGNED,False,,,,0,0,,False,public,https://zenodo.org/records/20020721,
10.5281/zenodo.19942456,Antidženderisma diskurss Latvijas publiskajā telpā un literatūrā: Antidženderisma diskurss Latvijas publiskajā telpā.,2026-05-01,Other funder,,lzp-2025/1-0573,,,,unknown,,,,,True,False,1,5,0,0,unknown,False,public,https://zenodo.org/records/19942456,https://zenodo.org/api/records/19942456/files/Antidenderisma_diskurss_Latvijas_publiskaj_telp_un_literatr_Antidenderisma_diskurss_Latvijas_publiskaj_telp.json/content
10.5281/zenodo.19941793,Antidženderisma diskurss Latvijas publiskajā telpā un literatūrā: Uzbrukumi transpersonām un citiem kvīriem Latvijā.,2026-05-01,Other funder,,lzp-2025/1-0573,,,,unknown,,,,,True,False,1,5,0,0,unknown,False,public,https://zenodo.org/records/19941793,https://zenodo.org/api/records/19941793/files/Antidenderisma_diskurss_Latvijas_publiskaj_telp_un_literatr_Uzbrukumi_transpersonm_un_citiem_kvriem_Latvij.json/content
10.5281/zenodo.19921407,"JuDDGES (Judicial Decision Data Gathering, Encoding and Sharing) DMP CHIST-ERA",2026-04-30,Other funder,,ANR-23-CHRO-0001,JuDDGES,,,late,1.847,2024-06-25,2025-06-25,,True,True,5,0,0,0,unknown,False,public,https://zenodo.org/records/19921407,https://zenodo.org/api/records/19921407/files/JuDDGES_Judicial_Decision_Data_Gathering_Encoding_and_Sharing_DMP_CHISTERA_.json/content
10.5281/zenodo.19916095,Potential of traditional and recirculation inland aquaculture for inclusive and intelligent fisheries development in the Baltic States (AQUA4DEV-BS)/1.1.1.9/LZP/2/25/218,2026-04-30,Other EU,EC,1.1.1.9/1/24/I/001-2,,,,unknown,,,,,True,False,1,3,0,0,unknown,False,public,https://zenodo.org/records/19916095,https://zenodo.org/api/records/19916095/files/Potential_of_traditional_and_recirculation_inland_aquaculture_for_inclusive_and_intelligent_fisheries_development_in_the_Baltic_States_AQUA4DEVBS1119LZP225218.json/content
10.5281/zenodo.19891850,SAMBa Data Management Plan,2026-04-29,No funder metadata,,,,,,unknown,,,,,False,,,,0,0,,False,public,https://zenodo.org/records/19891850,
10.5281/zenodo.19895704,Origin and Evolution of Oncogene Amplifications and Complex Genomic Rearrangements in Pancreatic Cancer,2026-04-29,Other funder,,RNCA - Concurso de Projetos de Computação Avançada (6ª ed) - A2,,,,unknown,,,,,True,False,1,2,0,0,unknown,True,public,https://zenodo.org/records/19895704,https://zenodo.org/api/records/19895704/files/Origin_and_Evolution_of_Oncogene_Amplifications_and_Complex_Genomic_Rearrangements_in_Pancreatic_Cancer.json/content
10.5281/zenodo.19886560,DMP Herbicides as tool for selection of edible protein-rich mutants,2026-04-29,Other funder,,lzp-2022/1-0126,,,,unknown,,2024-10-08,2024-10-08,,True,False,4,15,0,0,unknown,False,public,https://zenodo.org/records/19886560,https://zenodo.org/api/records/19886560/files/DMP_Herbicides_as_tool_for_selection_of_edible_proteinrich_mutants.json/content
10.5281/zenodo.20283118,Data Management Plan,2026-04-29,Horizon Europe,HORIZON,101235635,SOLAR-MOVE,HORIZON-CL5-2024-D3-02,social sciences,early,0.14,2025-11-01,2029-04-30,SIGNED,False,,,,0,0,,False,public,https://zenodo.org/records/20283118,
10.5281/zenodo.19892277,"Data Management Plan, midterm - Bin2Bean Project, from biowaste to soil regeneration",2026-04-29,Horizon Europe,HORIZON,101113011,BIN2BEAN,HORIZON-MISS-2022-SOIL-01,engineering and technology,late,0.819,2023-09-01,2026-11-30,SIGNED,False,,,,0,0,,True,public,https://zenodo.org/records/19892277,
10.5281/zenodo.19891809,"Data Management Plan - Bin2Bean Project, from biowaste to soil regeneration",2026-04-29,Horizon Europe,HORIZON,101113011,BIN2BEAN,HORIZON-MISS-2022-SOIL-01,engineering and technology,late,0.819,2023-09-01,2026-11-30,SIGNED,False,,,,0,0,,True,public,https://zenodo.org/records/19891809,
10.5281/zenodo.19886002,AEGIS-OA Deliverable 1.1 - Data Management Plan,2026-04-29,Horizon Europe,HORIZON,101287532,AEGIS-OA,HORIZON-WIDERA-2025-06,,early,0.081,2026-03-01,2028-02-29,SIGNED,False,,,,0,0,,True,public,https://zenodo.org/records/19886002,
10.5281/zenodo.19856822,"Utilizing the Argos machine actionable DMP and OpenAIRE knowledge graph to understand, drive, and assess FAIR adoption across CoMeCT partners",2026-04-28,Horizon Europe,HORIZON,101136531,COMECT,HORIZON-HLTH-2023-DISEASE-03,medical and health sciences,late,0.803,2023-12-01,2026-11-30,SIGNED,False,,,,0,0,,False,public,https://zenodo.org/records/19856822,
10.5281/zenodo.19845992,ColdSpark Project Deliverable D8.4 Data Management Plan (M42),2026-04-28,Horizon Europe,HORIZON,101069931,ColdSpark,HORIZON-CL5-2021-D2-01,engineering and technology,late,1.117,2022-06-01,2025-11-30,SIGNED,False,,,,0,0,,False,public,https://zenodo.org/records/19845992,
10.5281/zenodo.19813633,"Innovation in Forest Management and Value Chain for Latvia's Growth: New Forest Services, Products and Technologies (Forest4LV), VPP-ZM-VRIIILA-2024/2-0002  New",2026-04-27,Other funder,,LZP VPP Forest4LV,,,,unknown,,,,,False,,,,0,0,,False,public,https://zenodo.org/records/19813633,
10.5281/zenodo.19785333,Data Management Plan for Measuring the Open Science Practices in the Digital Humanities Domain,2026-04-26,Horizon Europe,HORIZON,101188018,GRAPHIA,HORIZON-INFRA-2024-TECH-01,,mid,0.439,2025-01-01,2027-12-31,SIGNED,True,False,2,10,0,0,unknown,False,public,https://zenodo.org/records/19785333,https://zenodo.org/api/records/19785333/files/Data_Management_Plan_for_Measuring_the_Open_Science_Practices_in_the_Digital_Humanities_Domain.json/content
10.5281/zenodo.19765798,"Clinical Data Governance Checklist (CDGC): For Structured, Unstructured, and AI- Enabled Clinical Systems",2026-04-25,No funder metadata,,,,,,unknown,,,,,False,,,,0,0,,True,public,https://zenodo.org/records/19765798,
10.5281/zenodo.19630407,CREATING AN INTERNET BOOKSTORE (E-COMMERCE) SYSTEM BASED ON MODERN TECHNOLOGIES,2026-04-24,No funder metadata,,,,,,unknown,,,,,False,,,,0,0,,False,public,https://zenodo.org/records/19630407,
10.5281/zenodo.21067881,D2.4 Data Management Plan,2026-04-24,Horizon Europe,HORIZON,101079792,RESILIENCE PPP,HORIZON-INFRA-2021-DEV-02,social sciences,late,0.975,2022-06-01,2026-05-31,SIGNED,False,,,,0,0,,False,public,https://zenodo.org/records/21067881,
10.5281/zenodo.20759126,maDMP – LifeWatch ERIC/ENVRI Thematic Pilot 7,2026-04-24,No funder metadata,,,,,,unknown,,,,,True,False,5,3,0,0,unknown,False,public,https://zenodo.org/records/20759126,https://zenodo.org/api/records/20759126/files/maDMP_–_LifeWatch_ERIC_ENVRI_Thematic_Pilot_7(1).json/content
10.5281/zenodo.19707116,Lactic Acid Bacteria and Yeasts Associations for Quality Assurance of Sourdough in the Bread Industry,2026-04-23,Other funder,,1.1.1.9/LZP/2/25/203,,,,unknown,,,,,True,False,1,5,0,0,unknown,True,public,https://zenodo.org/records/19707116,https://zenodo.org/api/records/19707116/files/Lactic_Acid_Bacteria_and_Yeasts_Associations_for_Quality_Assurance_of_Sourdough_in_the_Bread_Industry.json/content
10.5281/zenodo.19705571,RP2 update of the Data Management Plan,2026-04-23,Horizon Europe,HORIZON,101098722,BABOTS,HORIZON-EIC-2022-PATHFINDEROPEN-01,agricultural sciences,mid,0.64,2023-10-01,2027-09-30,SIGNED,False,,,,0,0,,False,public,https://zenodo.org/records/19705571,
10.5281/zenodo.19115854,OSTrails Factsheet - Data Management Plan Interoperability Framework,2026-04-23,Horizon Europe,HORIZON,101130187,OSTrails,HORIZON-INFRA-2023-EOSC-01,natural sciences,late,0.742,2024-02-01,2027-01-31,SIGNED,False,,,,0,0,,False,public,https://zenodo.org/records/19115854,
10.5281/zenodo.19701551,40733,2026-04-22,No funder metadata,,,,,,unknown,,,,,True,False,2,2,0,0,unknown,False,public,https://zenodo.org/records/19701551,https://zenodo.org/api/records/19701551/files/40733.json/content
10.5281/zenodo.19674837,Supplementary data for: Peering down the barrel with DESI DR2: 10 000+ inflows at z < 0.6 reveal how galaxies accrete cold gas,2026-04-21,No funder metadata,,,,,,unknown,,,,,False,,,,0,0,,False,public,https://zenodo.org/records/19674837,
10.5281/zenodo.19686145,Data Management Plan - PRIN 2022 MARMOT - Modular Alpine Robotic MOnitoring Tools,2026-04-21,Other funder,,2022KBASSY,,,,unknown,,,,,False,,,,0,0,,False,public,https://zenodo.org/records/19686145,
10.5281/zenodo.19311000,"Science Strategy, Meise Botanic Garden, 2026-2035",2026-04-21,No funder metadata,,,,,,unknown,,,,,False,,,,0,0,,False,public,https://zenodo.org/records/19311000,
10.5281/zenodo.19676608,A novel interconnection of Dynamic Movement Primitives (DMP) with a modified low impedance controlled robot for accurate tracking and compliant robot reactions,2026-04-21,Horizon Europe,HORIZON,101120823,MANiBOT,HORIZON-CL4-2022-DIGITAL-EMERGING-02,engineering and technology,late,0.707,2023-11-01,2027-04-30,SIGNED,False,,,,0,0,,False,public,https://zenodo.org/records/19676608,
10.5281/zenodo.19652740,"Informação_e_Memória__Abordagem_Sistémica_da_Produção_Literária,_Historiográfica_e_Cultural_de_Luís_Dias_da_Costa_(1921–2019)_Versão_2",2026-04-19,No funder metadata,,,,,,unknown,,,,,False,,,,0,0,,False,public,https://zenodo.org/records/19652740,
10.5281/zenodo.19626340,Data management plan of the consortium PrimePrevention,2026-04-17,Other funder,,03F0953A,,,,unknown,,,,,False,,,,0,0,,False,public,https://zenodo.org/records/19626340,
10.5281/zenodo.19636326,"Plan de Gestión de Datos de Investigación: Movimiento de Cultura Popular en El Salvador, 1970–1980",2026-04-17,No funder metadata,,,,,,unknown,,,,,False,,,,0,0,,False,public,https://zenodo.org/records/19636326,
10.5281/zenodo.19617218,Data and Collaboration Policy - Australian Grasslands Initiative,2026-04-16,No funder metadata,,,,,,unknown,,,,,False,,,,0,0,,False,public,https://zenodo.org/records/19617218,
10.5281/zenodo.19601997,Data Policy - Genomics for Forest Resilience Initiative,2026-04-16,No funder metadata,,,,,,unknown,,,,,False,,,,0,0,,False,public,https://zenodo.org/records/19601997,
10.5281/zenodo.19590903,40743_HR-TTX_AQUASERV Blueprint  Plan,2026-04-15,No funder metadata,,,,,,unknown,,,,,True,False,2,2,0,0,unknown,False,public,https://zenodo.org/records/19590903,https://zenodo.org/api/records/19590903/files/40743_HRTTX_AQUASERV_Blueprint__Plan.json/content
10.5281/zenodo.19589120,Unveiling molecular determinants and developmental niches for GdIgA+ B cell differentiation in IgA nephropathy,2026-04-15,No funder metadata,,,,,,unknown,,,,,False,,,,0,0,,True,public,https://zenodo.org/records/19589120,
10.5281/zenodo.19565007,"Plan de Gestión de Datos (PGD) tesis doctoral ""Desarrollo conceptual de un modelo de biorrefinería transversal para la aplicación de la economía circular en la recuperación de subproductos agroalimentarios""",2026-04-14,Other funder,,PRTR-C17.I1,,,,unknown,,,,,False,,,,0,0,,False,public,https://zenodo.org/records/19565007,
10.5281/zenodo.19515806,Affordable Sorting Validation for Accessible Stem Cell Therapy (DEPCELL),2026-04-11,Other funder,,OSI_PIP_BioPhoT-2025/2-0096,,,,unknown,,,,,True,False,1,5,0,0,unknown,False,public,https://zenodo.org/records/19515806,https://zenodo.org/api/records/19515806/files/Affordable_Sorting_Validation_for_Accessible_Stem_Cell_Therapy_DEPCELL.json/content
10.5281/zenodo.19500260,"Synthesis of substituted heterocycles via electrophile addition - 1,2-silyl shift - cyclization domino process",2026-04-10,Other EU,EC,No 1091,,,,unknown,,,,,False,,,,0,0,,False,public,https://zenodo.org/records/19500260,
10.5281/zenodo.19497415,"Data managment plan for ""Sulfur dioxide insertion in substrates containing π-systems""",2026-04-10,Other EU,EC,0009-0007-2428-502X,,,,unknown,,,,,False,,,,0,0,,False,public,https://zenodo.org/records/19497415,
10.5281/zenodo.19492899,Unveiling molecular determinants and developmental niches for GdIgA+ B cell differentiation in IgA nephropathy,2026-04-10,Other funder,,FLPP-0487,,,,unknown,,,,,False,,,,0,0,,True,public,https://zenodo.org/records/19492899,
10.5281/zenodo.20633362,Well-Being in Later Life: A Comparative Study of Institutionalized and Community-Dwelling Older Adults,2026-04-10,No funder metadata,,,,,,unknown,,,,,False,,,,0,0,,False,public,https://zenodo.org/records/20633362,
10.5281/zenodo.19495641,D1.3 Data management plan & ethical guidelines,2026-04-10,Horizon Europe,HORIZON,101192375,Shift2Zero,HORIZON-CL5-2024-D5-01,social sciences,mid,0.364,2025-01-01,2028-06-30,SIGNED,False,,,,0,0,,True,public,https://zenodo.org/records/19495641,
10.5281/zenodo.19484383,CERTAINTY UHMI's DMP,2026-04-09,Horizon Europe,HORIZON,101137680,CERTAINTY,HORIZON-CL5-2023-D1-01,engineering and technology,mid,0.568,2024-01-01,2027-12-31,SIGNED,True,False,3,15,0,0,no,False,public,https://zenodo.org/records/19484383,https://zenodo.org/api/records/19484383/files/CERTAINTY_UHMIs_DMP.json/content
10.5281/zenodo.19482390,The Influence of Microbiome in Celiac Disease Using a Human iPSC-derived Celiac-disease-on-chip Model,2026-04-09,Other funder,,lzp-2025/1-0296,,,,unknown,,,,,False,,,,0,0,,True,public,https://zenodo.org/records/19482390,
10.5281/zenodo.19479668,Impact of Nanoplastic Particles on Intestinal Epithelium Health Using a Vascularized Gut-on-aChip Model,2026-04-09,Other funder,,Fundamental and Applied Research Project,,,,unknown,,,,,False,,,,0,0,,False,public,https://zenodo.org/records/19479668,
10.5281/zenodo.19478642,FutuRaM - Data Management Plan,2026-04-09,Horizon Europe,HORIZON,101058522,FutuRaM,HORIZON-CL4-2021-RESILIENCE-01,,late,0.964,2022-06-01,2026-05-31,SIGNED,False,,,,0,0,,False,public,https://zenodo.org/records/19478642,
10.5281/zenodo.19475721,A. marinus OA Embryos DMP,2026-04-08,No funder metadata,,,,,,unknown,,,,,True,False,3,7,0,0,unknown,True,public,https://zenodo.org/records/19475721,https://zenodo.org/api/records/19475721/files/A_marinus_OA_Embryos_DMP.json/content
10.5281/zenodo.19469428,"Data Management Plan for the LZP FLPP Project ""Photonic Reservoirs for Intelligent Signal Impairments Mitigation in Coherent Optical Communication Systems"" (PRISM, lzp-2025/1-0309)",2026-04-08,Other funder,,PRISM,,,,unknown,,,,,True,False,1,2,0,0,unknown,False,public,https://zenodo.org/records/19469428,https://zenodo.org/api/records/19469428/files/Data_Management_Plan_for_the_LZP_FLPP_Project_Photonic_Reservoirs_for_Intelligent_Signal_Impairments_Mitigation_in_Coherent_Optical_Communication_Systems_PRISM_lzp202510309.json/content
10.5281/zenodo.19456862,"A Unified Chronos Framework for Structure Formation: Discrete Geometry, Stability Selection, and Time-Field Evolution",2026-04-07,No funder metadata,,,,,,unknown,,,,,False,,,,0,0,,False,public,https://zenodo.org/records/19456862,
10.5281/zenodo.19451298,Bridging the Cultural Divide: Strategies for Rural Families to Curate Digital Cultural Consumption for Youth / Kultūras plaisas mazināšana: lauku ģimeņu stratēģijas jauniešu digitālā kultūras patēriņa prakšu veidošanā,2026-04-07,Other funder,,"Activity 1.1.1.9 ""Post-doctoral Research"" of the Specific Objective 1.1.1 ""Strengthening research and innovative capacities and introduction of advanced technologies in the common R&D system"" of the European Union's Cohesion Policy Programme for 2021-2027",,,,unknown,,,,,True,False,6,24,0,0,unknown,False,public,https://zenodo.org/records/19451298,https://zenodo.org/api/records/19451298/files/Bridging_the_Cultural_Divide_Strategies_for_Rural_Families_to_Curate_Digital_Cultural_Consumption_for_Youth__Kultras_plaisas_mazinana_lauku_imeu_stratijas_jaunieu_digitl_kultras_patria_praku_veidoan.json/content
10.5281/zenodo.19450784,"Data Management Plan for the Project ""Practical applications and limitations of quantum search""",2026-04-07,Other funder,,1.1.1.9/LZP/2/25/206,,,,unknown,,,,,True,False,1,5,0,0,unknown,False,public,https://zenodo.org/records/19450784,https://zenodo.org/api/records/19450784/files/Data_Management_Plan_for_the_Project_Practical_applications_and_limitations_of_quantum_search.json/content
10.5281/zenodo.19450511,"Data Management Plan for ""From Whispering Gallery Mode Doped Microspheres to Photonic Integrated Circuits for Advanced Next-Generation Applications""",2026-04-07,Other funder,,1.1.1.9/LZP/2/25/190,,,,unknown,,,,,True,False,2,8,0,0,unknown,False,public,https://zenodo.org/records/19450511,https://zenodo.org/api/records/19450511/files/Data_Management_Plan_for_From_Whispering_Gallery_Mode_Doped_Microspheres_to_Photonic_Integrated_Circuits_for_Advanced_NextGeneration_Applications.json/content
10.5281/zenodo.19455583,nixalphaBW — BDSM Coaching Gruppe Gesamtdokument:,2026-04-07,No funder metadata,,,,,,unknown,,,,,False,,,,0,0,,False,public,https://zenodo.org/records/19455583,
10.5281/zenodo.19455879,Data Management Plan,2026-04-07,Horizon Europe,HORIZON,101217137,BREATH,HORIZON-WIDERA-2024-ERA-02,,early,0.172,2025-10-01,2028-09-30,SIGNED,False,,,,0,0,,False,public,https://zenodo.org/records/19455879,
10.5281/zenodo.19390117,"Supplementary data for: Satellite Metallicity Enhancement I: Suppressed Star Formation, Stellar Mass Loss, and Enriched Inflow of DESI and EAGLE Galaxies around Massive Clusters",2026-04-02,No funder metadata,,,,,,unknown,,,,,False,,,,0,0,,False,public,https://zenodo.org/records/19390117,
10.5281/zenodo.19388746,Same-sex parenting: an anthropological study of bringing up children in nonheteronormative settings,2026-04-02,Other funder,,lzp-2025/1-0328,,,,unknown,,,,,False,,,,0,0,,False,public,https://zenodo.org/records/19388746,
10.5281/zenodo.19387500,Clinical and Experimental Datasets on Automated and Conventional Subjective Refraction,2026-04-02,Other funder,,lzp-2025/1-0169,,,,unknown,,,,,True,False,1,4,0,0,unknown,True,public,https://zenodo.org/records/19387500,https://zenodo.org/api/records/19387500/files/Clinical_and_Experimental_Datasets_on_Automated_and_Conventional_Subjective_Refraction.json/content
10.5281/zenodo.19384973,Dual-objective CO2 utilization using construction waste toward carbon neutrality and resource circularity (PostDoc No. 1.1.1.9/LZP/2/25/294),2026-04-02,Other funder,,25/294,,,,unknown,,,,,True,False,1,5,0,0,unknown,False,public,https://zenodo.org/records/19384973,https://zenodo.org/api/records/19384973/files/Dualobjective_CO2_utilization_using_construction_waste_toward_carbon_neutrality_and_resource_circularity_PostDoc_No_1119LZP225294.json/content
10.5281/zenodo.19384162,Synergetic Integration of Biochemical and Biophysical Cues in the Design of Next-Generation Bone Regenerative Biomaterials (SynerMat) No: 1.1.1.9/LZP/2/25/268,2026-04-02,Other funder,,1.1.1.9/LZP/2/25/268,,,,unknown,,,,,False,,,,0,0,,False,public,https://zenodo.org/records/19384162,
10.5281/zenodo.19375593,"DMP for ""Artificial Intelligence Driven Face and Voice Recognition for Emotion Regulation and Stress Recovery in Athletes (ASTRA)""",2026-04-01,Other funder,,(1.1.1.9/LZP/2/25/188),,,,unknown,,,,,True,False,2,10,0,0,unknown,False,public,https://zenodo.org/records/19375593,https://zenodo.org/api/records/19375593/files/DMP_for_Artificial_Intelligence_Driven_Face_and_Voice_Recognition_for_Emotion_Regulation_and_Stress_Recovery_in_Athletes_ASTRA.json/content
10.5281/zenodo.19368848,"Data Management Plan for ""Artificial Intelligence Driven Face and Voice Recognition for Emotion Regulation and Stress Recovery in Athletes (ASTRA)""",2026-04-01,Other funder,,(1.1.1.9/LZP/2/25/188),,,,unknown,,,,,True,False,2,10,0,0,unknown,False,public,https://zenodo.org/records/19368848,https://zenodo.org/api/records/19368848/files/Data_Management_Plan_for_Artificial_Intelligence_Driven_Face_and_Voice_Recognition_for_Emotion_Regulation_and_Stress_Recovery_in_Athletes_ASTRA_.json/content
10.5281/zenodo.19368840,Revealing the complexities of the pituitary tumor microenvironment via single cell and spatial transcriptomic sequencing (Nr. lzp-2025/1-0304),2026-04-01,Other funder,,2026-2028,,,,unknown,,,,,True,False,1,5,0,0,unknown,True,public,https://zenodo.org/records/19368840,https://zenodo.org/api/records/19368840/files/Revealing_the_complexities_of_the_pituitary_tumor_microenvironment_via_single_cell_and_spatial_transcriptomic_sequencing_Nr_lzp202510304.json/content
10.5281/zenodo.19366984,The Role of Extracellular Vesicle-Mediated snoRNA Transfer in Breast Cancer Progression,2026-04-01,Other funder,,lzp-0453,,,,unknown,,,,,False,,,,0,0,,True,public,https://zenodo.org/records/19366984,
10.5281/zenodo.19366975,"Data Management Plan for ""Unequal Shadows: Informality, Kinship and Tax Morale in Latvia""",2026-04-01,No funder metadata,,,,,,unknown,,,,,False,,,,0,0,,False,public,https://zenodo.org/records/19366975,
10.5281/zenodo.19371064,Deliverable 1.4 - Updated Data Management Plan,2026-04-01,Horizon Europe,HORIZON,101084651,IGNITION,HORIZON-CL6-2022-FARM2FORK-01,natural sciences,late,0.803,2022-11-01,2027-01-31,SIGNED,False,,,,0,0,,False,public,https://zenodo.org/records/19371064,
10.5281/zenodo.20412242,"D4.6 Communication, Dissemination and Stakeholder Engagement Plan – Version 3",2026-03-31,Horizon Europe,HORIZON,101112841,PIISA,HORIZON-MISS-2022-CLIMA-01,natural sciences,late,0.944,2023-06-01,2026-05-31,SIGNED,False,,,,0,0,,False,public,https://zenodo.org/records/20412242,
10.5281/zenodo.19577495,भारतीय राजनीति में महिलाओं का राजनीतिक सशक्तिकरण: महिला आरक्षण विधेयक का मूल्यांकन,2026-03-31,No funder metadata,,,,,,unknown,,,,,False,,,,0,0,,False,public,https://zenodo.org/records/19577495,
10.5281/zenodo.19359819,Development of metabolite-delivering osteochondral scaffolds for osteochondral tissue regeneration using cold sintering methods (1.1.1.9/LZP/2/25/261),2026-03-31,Other funder,,Postdoc Latvia,,,,unknown,,,,,True,False,1,2,0,0,unknown,False,public,https://zenodo.org/records/19359819,https://zenodo.org/api/records/19359819/files/Development_of_metabolitedelivering_osteochondral_scaffolds_for_osteochondral_tissue_regeneration_using_cold_sintering_methods_1119LZP225261.json/content
10.5281/zenodo.19354165,Economics of Happiness in Urban Environment: the case of European cities,2026-03-31,Other EU,EC,No. 5.2.1.1.i.0/2/24/I/CFLA/007,,,,unknown,,,,,True,False,1,5,0,0,unknown,False,public,https://zenodo.org/records/19354165,https://zenodo.org/api/records/19354165/files/Economics_of_Happiness_in_Urban_Environment_the_case_of_European_cities.json/content
10.5281/zenodo.19347174,"Data Management Plan for ""Development of an Eye Movement Analysis-Based Screening Tool for Reading Proficiency  Assessment  """,2026-03-31,Other funder,,1.1.1.9/LZP/2/25/199,,,,unknown,,,,,True,False,1,4,0,0,unknown,False,public,https://zenodo.org/records/19347174,https://zenodo.org/api/records/19347174/files/Data_Management_Plan_for_Development_of_an_Eye_Movement_AnalysisBased_Screening_Tool_for_Reading_Proficiency__Assessment__.json/content
10.5281/zenodo.19346117,AI-designed high-resolution 14N solid-state NMR for characterization of biological molecules.,2026-03-31,Other funder,,FARP_0323,,,,unknown,,,,,False,,,,0,0,,False,public,https://zenodo.org/records/19346117,
10.5281/zenodo.19571800,"VOLUME 7, NUMBER 1 ISSUE 21, MARCH 2026",2026-03-31,No funder metadata,,,,,,unknown,,,,,False,,,,0,0,,True,public,https://zenodo.org/records/19571800,
10.5281/zenodo.19557064,Data Management Plan - EVIDENTIAL,2026-03-31,Horizon Europe,HORIZON,101209817,EVIDENTIAL,HORIZON-MSCA-2024-PF-01,social sciences,mid,0.397,2025-10-01,2026-12-31,SIGNED,False,,,,0,0,,False,public,https://zenodo.org/records/19557064,
10.5281/zenodo.19386951,D1.5 PlaceMUS XR Data Management Plan,2026-03-31,Horizon Europe,HORIZON,101233325,PlaceMUS XR,HORIZON-CL2-2024-HERITAGE-ECCCH-01,natural sciences,early,0.124,2025-10-01,2029-09-30,SIGNED,False,,,,0,0,,True,public,https://zenodo.org/records/19386951,
10.5281/zenodo.19336062,Data Management Plan - Designing magnetoelectric functionality via interface engineering and doping in hafnia-based ferroelectric thin films and ceramics,2026-03-30,Other funder,,LZP-2025/1-0601,,,,unknown,,,,,False,,,,0,0,,False,public,https://zenodo.org/records/19336062,
10.5281/zenodo.19333379,"PRIN 2022 ""Mapping and Translating Spaces, Cultures and Languages"" - Data Management Plan 2.0",2026-03-30,No funder metadata,,,,,,unknown,,,,,False,,,,0,0,,False,public,https://zenodo.org/records/19333379,
10.5281/zenodo.19333682,Data Management Plan for the GraSP Project,2026-03-30,Other funder,,lzp-2025/1-0232,,,,unknown,,,,,False,,,,0,0,,False,public,https://zenodo.org/records/19333682,
10.5281/zenodo.19333043,"DMP: Multimodal Assessment of Driving Patterns: Bridging Personality, Cognition, Physiology  and Telematic Data",2026-03-30,Other funder,,lzp-2025/1-0380,,,,unknown,,,,,False,,,,0,0,,False,public,https://zenodo.org/records/19333043,
10.5281/zenodo.19329766,Spoken Songs: Algorithms of Composition and Improvisation. Project Data,2026-03-30,Other funder,,lzp-2025/1-0252,,,,unknown,,,,,True,False,1,4,0,0,unknown,False,public,https://zenodo.org/records/19329766,https://zenodo.org/api/records/19329766/files/Spoken_Songs_Algorithms_of_Composition_and_Improvisation_Project_Data.json/content
10.5281/zenodo.19327576,"Data management plan for the project ""Social economy and farming resilience in Latvia""",2026-03-30,Other EU,EC,Part of Social economy and farming resilience in Latvia,,,,unknown,,,,,True,False,1,3,0,0,unknown,False,public,https://zenodo.org/records/19327576,https://zenodo.org/api/records/19327576/files/Data_management_plan_for_the_project_Social_economy_and_farming_resilience_in_Latvia_.json/content
10.5281/zenodo.19134740,Religious Perspectives on the Conceptions of Disability,2026-03-30,No funder metadata,,,,,,unknown,,,,,False,,,,0,0,,False,public,https://zenodo.org/records/19134740,
10.5281/zenodo.19339766,Qualitative Interview Dataset on Environmental Change in Postwar Latvia,2026-03-30,Other funder,,lzp-2025/1-0599,,,,unknown,,,,,False,,,,0,0,,False,public,https://zenodo.org/records/19339766,
10.5281/zenodo.19326421,Schede di Governance Sicurezza Urbana Integrata - Targa System,2026-03-30,No funder metadata,,,,,,unknown,,,,,False,,,,0,0,,False,public,https://zenodo.org/records/19326421,
10.5281/zenodo.19310932,"Strategie Onderzoek, Plantentuin Meise, 2026-2035",2026-03-29,No funder metadata,,,,,,unknown,,,,,False,,,,0,0,,False,public,https://zenodo.org/records/19310932,
10.5281/zenodo.19848131,Lesnické hospodářské postupy ve vztahu k zásobě uhlíku v lesních půdách,2026-03-28,Other funder,,SS06010148,,,,unknown,,,,,False,,,,0,0,,False,public,https://zenodo.org/records/19848131,
10.5281/zenodo.19281860,Supplementary data for: Measurements of quasar proximity zones with the Lyman-α forest of DESI Y1 quasars,2026-03-28,No funder metadata,,,,,,unknown,,,,,False,,,,0,0,,False,public,https://zenodo.org/records/19281860,
10.5281/zenodo.19246274,PREVENTIVE APPLICATION OF SINGLE-USE NEGATIVE PRESSURE WOUND THERAPY (sNPWT) IN THE POSTOPERATIVE COURSE OF RADIOTREATED LIMB SARCOMA (PRALISS),2026-03-27,No funder metadata,,,,,,unknown,,,,,False,,,,0,0,,False,public,https://zenodo.org/records/19246274,
10.5281/zenodo.19237649,ROBOSAT Data Management Plan for Autonomous robot navigation in the wild using satellite-based 3D geographical information,2026-03-26,Other funder,,368663,,,,unknown,,,,,True,True,1,0,0,0,unknown,False,public,https://zenodo.org/records/19237649,https://zenodo.org/api/records/19237649/files/ROBOSAT_Data_Management_Plan_for_Autonomous_robot_navigation_in_the_wild_using_satellitebased_3D_geographical_information.json/content
10.5281/zenodo.19234798,Plan de Gestión de Datos (PGD) Proyecto INNOFIG: Aptitud agronómica de la higuera en producción   superintensiva y control de la maduración para la mejora de la calidad de los higos destinados al consumo en fresco y para secado.,2026-03-26,Other funder,,PID2020-115359RR-C21,,,,unknown,,,,,False,,,,0,0,,False,public,https://zenodo.org/records/19234798,
10.5281/zenodo.21102983,e-DIPLOMA - Deliverable 1.3: Data Management Plan v2,2026-03-26,Horizon Europe,HORIZON,101061424,e-DIPLOMA,HORIZON-CL2-2021-TRANSFORMATIONS-01,natural sciences,late,1.126,2022-09-01,2025-10-31,CLOSED,False,,,,0,0,,True,public,https://zenodo.org/records/21102983,
10.5281/zenodo.19222546,HoloRuminant DMP,2026-03-25,Horizon 2020,H2020,101000213,HoloRuminant,H2020-SFS-2018-2020,medical and health sciences,late,0.815,2021-10-01,2027-03-31,SIGNED,False,,,,0,0,,False,public,https://zenodo.org/records/19222546,
10.5281/zenodo.19221350,Baltic Individual Crisis Preparedness Barometer,2026-03-25,Other funder,,"""Baltic Individual Crisis Preparedness Barometer"", Nr. ZDA-LIP2025/16",,,,unknown,,,,,True,False,1,5,0,0,unknown,True,public,https://zenodo.org/records/19221350,https://zenodo.org/api/records/19221350/files/Baltic_Individual_Crisis_Preparedness_Barometer.json/content
10.5281/zenodo.19219636,"Data management plan for project ""Flourishing for friendship: conceptual research on the interplay between deep friendship and moral development""",2026-03-25,Other EU,EC,123,,,,unknown,,,,,True,False,1,5,0,0,unknown,False,public,https://zenodo.org/records/19219636,https://zenodo.org/api/records/19219636/files/Data_management_plan_for_project_Flourishing_for_friendship_conceptual_research_on_the_interplay_between_deep_friendship_and_moral_development.json/content
10.5281/zenodo.19219595,"Data management plan for project ""Strengthening values-based family literacy and sexuality education in the Latvian education system""",2026-03-25,Other EU,EC,123,,,,unknown,,,,,True,False,1,5,0,0,unknown,False,public,https://zenodo.org/records/19219595,https://zenodo.org/api/records/19219595/files/Data_management_plan_for_project_Strengthening_valuesbased_family_literacy_and_sexuality_education_in_the_Latvian_education_system.json/content
10.5281/zenodo.19222330,The Agronomy of the Kiosk: How Kenyan Streets Rewrite the Chemistry of Gomba Gum,2026-03-25,No funder metadata,,,,,,unknown,,,,,False,,,,0,0,,False,public,https://zenodo.org/records/19222330,
10.5281/zenodo.19221488,D1.10 Data management plan and open science (DMP) M18,2026-03-25,Horizon Europe,HORIZON,101147545,TERASUN,HORIZON-CL5-2023-D3-02,,mid,0.605,2024-06-01,2027-05-31,SIGNED,False,,,,0,0,,False,public,https://zenodo.org/records/19221488,
10.5281/zenodo.19221286,D1.3 Data management plan and open science (DMP),2026-03-25,Horizon Europe,HORIZON,101147545,TERASUN,HORIZON-CL5-2023-D3-02,,mid,0.605,2024-06-01,2027-05-31,SIGNED,False,,,,0,0,,False,public,https://zenodo.org/records/19221286,
10.5281/zenodo.19199943,"DMP for Linking genotype, farming system, and processing: nutritional and biochemical profiling of  freeze-dried potatoes (LyPot) research",2026-03-24,Other funder,,lzp-2025/1-0559,,,,unknown,,,,,True,False,2,8,0,0,unknown,False,public,https://zenodo.org/records/19199943,https://zenodo.org/api/records/19199943/files/DMP_for_Linking_genotype_farming_system_and_processing_nutritional_and_biochemical_profiling_of__freezedried_potatoes_LyPot_research.json/content
10.5281/zenodo.19208725,SIMOLES Data Management Plan,2026-03-24,No funder metadata,,,,,,unknown,,,,,False,,,,0,0,,False,public,https://zenodo.org/records/19208725,
10.5281/zenodo.19199979,"Data management plan project ""Knots in Clay: Insights into Ancient Fibrework from Imprints in Pottery"" Version 2",2026-03-24,No funder metadata,,,,,,unknown,,,,,True,False,2,8,0,0,unknown,False,public,https://zenodo.org/records/19199979,https://zenodo.org/api/records/19199979/files/Data_management_plan_project__Knots_in_Clay__Insights_into_Ancient_Fibrework_from_Imprints_in_Pottery_Version2.json/content
10.5281/zenodo.19185550,Social economy and farming resilience in Latvia,2026-03-23,Other EU,EC,Part of Social economy and farming resilience in Latvia,,,,unknown,,,,,False,,,,0,0,,False,public,https://zenodo.org/records/19185550,
10.5281/zenodo.19188570,D1.2 Data Management Plan,2026-03-23,Horizon Europe,HORIZON,101092887,NGI Sargasso,HORIZON-CL4-2022-HUMAN-01,,late,1.075,2023-01-01,2025-12-31,SIGNED,False,,,,0,0,,False,public,https://zenodo.org/records/19188570,
10.5281/zenodo.19164159,Utilization of agricultural products for the development of prebiotics in the microencapsulation of synbiotic formulations,2026-03-22,Other funder,,1.1.1.9/LZP/2/25/230,,,,unknown,,,,,True,False,1,5,0,0,unknown,True,public,https://zenodo.org/records/19164159,https://zenodo.org/api/records/19164159/files/Utilization_of_agricultural_products_for_the_development_of_prebiotics_in_the_microencapsulation_of_synbiotic_formulations.json/content
10.5281/zenodo.19160138,Precision Kinematic Sunyaev-Zel'dovich Measurements Across Halo Mass and Redshift with DESI DR2 and ACT DR6: Part II. Bright Galaxy Survey and Emission-Line Galaxies,2026-03-22,No funder metadata,,,,,,unknown,,,,,False,,,,0,0,,False,public,https://zenodo.org/records/19160138,
10.5281/zenodo.19125422,PhageOS FLPP2025,2026-03-20,Other funder,,lzp-2025/1-0617,,,,unknown,,,,,False,,,,0,0,,False,public,https://zenodo.org/records/19125422,
10.5281/zenodo.19130820,Trees4Adapt Preliminary Data Management Plan (DMP) (Deliverable 6.2),2026-03-20,Horizon Europe,HORIZON,101213184,Trees4Adapt,HORIZON-MISS-2024-CLIMA-01,natural sciences,early,0.116,2025-10-01,2029-09-30,SIGNED,False,,,,0,0,,False,public,https://zenodo.org/records/19130820,
10.5281/zenodo.20514307,ALMA Users' Policies,2026-03-19,No funder metadata,,,,,,unknown,,,,,False,,,,0,0,,False,public,https://zenodo.org/records/20514307,
10.5281/zenodo.19112846,"Informação e Memória: Abordagem Sistémica da Produção Literária, Historiográfica e Cultural de Luís Dias da Costa (1921–2019)",2026-03-19,Other funder,,"Informação e Memória: Abordagem Sistémica da Produção Literária, Historiográfica e Cultural de Luís Dias da Costa (1921–2019)",,,,unknown,,,,,True,False,1,3,0,0,unknown,False,public,https://zenodo.org/records/19112846,https://zenodo.org/api/records/19112846/files/Informao_e_Memria_Abordagem_Sistmica_da_Produo_Literria_Historiogrfica_e_Cultural_de_Lus_Dias_da_Costa_19212019.json/content
10.5281/zenodo.19111032,LU-BA Integrating Socio-Economic Aspects of the European Green Deal into Research and  Academic Content: A Circular Economy Framework New,2026-03-19,Other EU,EC,LU-BA-PA-2024/1-0046,,,,unknown,,,,,True,False,1,4,0,0,unknown,False,public,https://zenodo.org/records/19111032,https://zenodo.org/api/records/19111032/files/LUBA_Integrating_SocioEconomic_Aspects_of_the_European_Green_Deal_into_Research_and__Academic_Content_A_Circular_Economy_Framework_New.json/content
10.5281/zenodo.19100219,"Policy coordination in Latvia: challenges, instruments and actors",2026-03-18,Other funder,,CFLA,,,,unknown,,,,,True,False,1,4,0,0,unknown,False,public,https://zenodo.org/records/19100219,https://zenodo.org/api/records/19100219/files/Policy_coordination_in_Latvia_challenges_instruments_and_actors.json/content
10.5281/zenodo.19093685,Reading in the digital era: factors that contribute to successful reading on digital device,2026-03-18,Other funder,,lzp-2025/1-0195,,,,unknown,,,,,False,,,,0,0,,False,public,https://zenodo.org/records/19093685,
10.5281/zenodo.19097084,Project: NAMS. Latvian Identity and Knowledge Strategies as Resources for Societal Resilience,2026-03-18,Other funder,,VPP-IZM-Letonika-2025/1-0008,,,,unknown,,,,,True,False,1,4,0,0,unknown,False,public,https://zenodo.org/records/19097084,https://zenodo.org/api/records/19097084/files/Project_NAMS_Latvian_Identity_and_Knowledge_Strategies_as_Resources_for_Societal_Resilience.json/content
10.5281/zenodo.19064553,"Thermal structure of the Qaanaaq Ice Cap outlet glaciers, north-western Greenland",2026-03-17,No funder metadata,,,,,,unknown,,,,,True,False,1,4,0,0,unknown,False,public,https://zenodo.org/records/19064553,"https://zenodo.org/api/records/19064553/files/Thermal_structure_of_the_Qaanaaq_Ice_Cap_outlet_glaciers,_north-western_Greenland.json/content"
10.5281/zenodo.19063107,Latvian Council of Science Blueprint Plan - postdoctoral project No. 1.1.1.9/LZP/2/25/304,2026-03-17,Other funder,,1.1.1.9/LZP/2/25/304,,,,unknown,,,,,True,False,1,4,0,0,unknown,True,public,https://zenodo.org/records/19063107,https://zenodo.org/api/records/19063107/files/Latvian_Council_of_Science_Blueprint_Plan__postdoctoral_project_No_1119LZP225304.json/content
10.5281/zenodo.19058414,Arquitectura Económica e Industrial para el Posicionamiento Comercial de la Máquina SGS-SCI en Mercados Tecnológicos Avanzados,2026-03-17,No funder metadata,,,,,,unknown,,,,,False,,,,0,0,,False,public,https://zenodo.org/records/19058414,
10.5281/zenodo.19056122,"DMP for the State Research Programme project ""The Latvian Language in Time, Space, and Society (LaTS)""",2026-03-16,Other funder,,VPP-LETONIKA-2025/1-0012,,,,unknown,,,,,True,False,5,13,0,0,unknown,False,public,https://zenodo.org/records/19056122,https://zenodo.org/api/records/19056122/files/DMP_for_the_State_Research_Programme_project_The_Latvian_Language_in_Time_Space_and_Society_LaTS.json/content
10.5281/zenodo.19051526,Historical Dictionary of Latvian Given Names (LAnDe project),2026-03-16,Other funder,,zp-2025/1-0125_v1,,,,unknown,,,,,True,False,1,4,0,0,unknown,False,public,https://zenodo.org/records/19051526,https://zenodo.org/api/records/19051526/files/Historical_Dictionary_of_Latvian_Given_Names_LAnDe_project.json/content
10.5281/zenodo.19050991,Dmp Default Blueprint Plan,2026-03-16,Other funder,,6009555,,,,unknown,,,,,False,,,,0,0,,False,public,https://zenodo.org/records/19050991,
10.5281/zenodo.19044839,Data Management Plan 21GRD05 Met4H2,2026-03-16,Other EU,EC,21GRD05,,,,unknown,,,,,False,,,,0,0,,False,public,https://zenodo.org/records/19044839,
10.5281/zenodo.20178291,SDG IMPLEMENTATION IN KARNATAKA: INSTITUTIONAL PERFORMANCE AND STRUCTURAL CHALLENGES,2026-03-15,No funder metadata,,,,,,unknown,,,,,False,,,,0,0,,False,public,https://zenodo.org/records/20178291,
10.5281/zenodo.20121095,SHIELD DATA MANAGEMENT PLAN,2026-03-15,Horizon Europe,HORIZON,101156751,SHIELD,HORIZON-HLTH-2024-STAYHLTH-01-two-stage,medical and health sciences,early,0.321,2024-12-01,2028-11-30,SIGNED,False,,,,0,0,,True,public,https://zenodo.org/records/20121095,
10.5281/zenodo.19021884,Design of pyridinium luminophore structural and optical properties for tailored sensor response,2026-03-14,Other EU,EC,LU-BA-PA-2024/1-0040,,,,unknown,,,,,True,False,2,6,0,0,unknown,False,public,https://zenodo.org/records/19021884,https://zenodo.org/api/records/19021884/files/Design_of_pyridinium_luminophore_structural_and_optical_properties_for_tailored_sensor_response.json/content
10.5281/zenodo.19027011,Closing Five Structural Gaps in the Relativistic Stochastic Coherence Framework,2026-03-14,No funder metadata,,,,,,unknown,,,,,False,,,,0,0,,False,public,https://zenodo.org/records/19027011,
10.5281/zenodo.18997521,Track and Trace Supply Chain Management System,2026-03-13,No funder metadata,,,,,,unknown,,,,,False,,,,0,0,,False,public,https://zenodo.org/records/18997521,
10.5281/zenodo.18982736,Development of 3D Printed Pharmaceutical Cocrystals,2026-03-12,Other funder,,lzp-2025/1-0263,,,,unknown,,,,,True,False,1,5,0,0,unknown,False,public,https://zenodo.org/records/18982736,https://zenodo.org/api/records/18982736/files/Development_of_3D_Printed_Pharmaceutical_Cocrystals.json/content
10.5281/zenodo.18984120,Data management plan,2026-03-12,Horizon Europe,HORIZON,101157200,BASE,HORIZON-CL5-2023-D2-02,social sciences,mid,0.593,2024-06-01,2027-05-31,SIGNED,False,,,,0,0,,True,public,https://zenodo.org/records/18984120,
10.5281/zenodo.18955615,SPERMFREE: integrated analytical workflow for cell-free DNA (cfDNA)-based assessment of testicular function in severe male infertility,2026-03-11,Other funder,,OSI_PIP_BioPhoT-2025/2-0015,,,,unknown,,,,,True,False,1,5,0,0,unknown,True,public,https://zenodo.org/records/18955615,https://zenodo.org/api/records/18955615/files/SPERMFREE_integrated_analytical_workflow_for_cellfree_DNA_cfDNAbased_assessment_of_testicular_function_in_severe_male_infertility.json/content
10.5281/zenodo.18938307,"Data Management Plan of the Research Project ""Improvements on Aeropalinological Monitoring (AVIONETA)"" (PID2024-157581OB-I00)",2026-03-10,Other funder,,PID2024-157581OB-I00,,,,unknown,,,,,True,False,3,6,0,0,unknown,False,public,https://zenodo.org/records/18938307,https://zenodo.org/api/records/18938307/files/Data_Management_Plan_of_the_Research_Project_Improvements_on_Aeropalinological_Monitoring_AVIONETA_PID2024157581OBI00.json/content
10.5281/zenodo.18937768,Enhancing the physico-chemical stability and bioavailability of poorly water-soluble drugs using amorphous solid dispersions,2026-03-10,Other funder,,Enhancing the physico-chemical stability and bioavailability of poorly water-soluble drugs using amorphous solid dispersions (No. 1.1.1.9/LZP/2/25/213),,,,unknown,,,,,True,False,1,5,0,0,unknown,False,public,https://zenodo.org/records/18937768,https://zenodo.org/api/records/18937768/files/_Enhancing_the_physicochemical_stability_and_bioavailability_of_poorly_watersoluble_drugs_using_amorphous_solid_dispersions.json/content
10.5281/zenodo.18935445,Advanced imaging for pre-cancer and cancer recurrence risk assessment (Project No.: 1.1.1.9/LZP/2/25/343),2026-03-10,Other EU,EC,1.1.1.9/LZP/2/25/343,,,,unknown,,,,,False,,,,0,0,,False,public,https://zenodo.org/records/18935445,
10.5281/zenodo.18933698,Exploring plant cell co-cultivation as a driver of bacterial biosynthetic  gene cluster activation and evolution. New,2026-03-10,Other funder,,lzp-2025/1-0098,,,,unknown,,,,,True,False,1,3,0,0,unknown,False,public,https://zenodo.org/records/18933698,https://zenodo.org/api/records/18933698/files/Exploring_plant_cell_cocultivation_as_a_driver_of_bacterial_biosynthetic__gene_cluster_activation_and_evolution_New.json/content
10.5281/zenodo.18919773,Na-BatB Data Management Plan for P2-type NMO Cathode with Improved Stability for Sustainable Na-ion Batteries,2026-03-09,Other funder,,lzp-20251-0659,,,,unknown,,,,,True,False,1,5,0,0,unknown,False,public,https://zenodo.org/records/18919773,https://zenodo.org/api/records/18919773/files/NaBatB_Data_Management_Plan_for_P2type_NMO_Cathode_with_Improved_Stability_for_Sustainable_Naion_Batteries.json/content
10.5281/zenodo.19161921,Data Management Plan V1,2026-03-09,Horizon Europe,HORIZON,101081823,SUSTRACK,HORIZON-CL6-2022-CIRCBIO-01,social sciences,late,1.118,2022-11-01,2025-10-31,SIGNED,False,,,,0,0,,False,public,https://zenodo.org/records/19161921,
10.5281/zenodo.19161966,Data Management Plan (V2),2026-03-09,Horizon Europe,HORIZON,101081823,SUSTRACK,HORIZON-CL6-2022-CIRCBIO-01,social sciences,late,1.118,2022-11-01,2025-10-31,SIGNED,False,,,,0,0,,False,public,https://zenodo.org/records/19161966,
10.5281/zenodo.18895559,DMP Climate Neutrality Decision Models in Action,2026-03-06,Other funder,,VPP-KEM-Klimatneitralitāte-2023/1-0002,,,,late,1.904,2024-04-10,2025-04-10,,True,False,3,12,0,0,unknown,False,public,https://zenodo.org/records/18895559,https://zenodo.org/api/records/18895559/files/DMP_Climate_Neutrality_Decision_Models_in_Action.json/content
10.5281/zenodo.18893052,Criteris de conservació de la biodiversitat en la creació de franges de prevenció d'incendis al municipi de Girona,2026-03-06,No funder metadata,,,,,,unknown,,,,,False,,,,0,0,,False,public,https://zenodo.org/records/18893052,
10.5281/zenodo.18891485,Data Management Plan,2026-03-06,Other funder,,2022-1-IT02-KA220-SCH-000087602,,,,unknown,,,,,False,,,,0,0,,True,public,https://zenodo.org/records/18891485,
10.5281/zenodo.18889919,Default Blueprint Plan New,2026-03-06,Other EU,EC,358693,,,,unknown,,,,,False,,,,0,0,,False,public,https://zenodo.org/records/18889919,
10.5281/zenodo.18889901,GenMIS,2026-03-06,Other EU,EC,5.2.1.1.i.0/2/24/I/,,,,unknown,,,,,True,False,11,44,0,0,unknown,False,public,https://zenodo.org/records/18889901,https://zenodo.org/api/records/18889901/files/GenMIS.json/content
10.5281/zenodo.18885641,Real-Time Infrastructure Monitoring System Using Digital Twin and AI-Based Computer Vision Technique,2026-03-06,Other funder,,Activity 1.1.1.9,,,,unknown,,,,,True,False,4,4,0,0,unknown,False,public,https://zenodo.org/records/18885641,https://zenodo.org/api/records/18885641/files/RealTime_Infrastructure_Monitoring_System_Using_Digital_Twin_and_AIBased_Computer_Vision_Technique.json/content
10.5281/zenodo.18889972,Default Blueprint Plan New New,2026-03-06,Other EU,EC,358693,,,,unknown,,,,,False,,,,0,0,,False,public,https://zenodo.org/records/18889972,
10.5281/zenodo.18889947,ATMO-ACCESS D5.9 Final Data Management Plan for data from TNA activities and recommendation for the future_V2,2026-03-06,Horizon 2020,H2020,101008004,ATMO-ACCESS,H2020-INFRAIA-2018-2020,,late,1.096,2021-04-01,2025-09-30,SIGNED,False,,,,0,0,,False,public,https://zenodo.org/records/18889947,
10.5281/zenodo.18876683,Vzor CSDA: Data Management Plan (DMP),2026-03-05,No funder metadata,,,,,,unknown,,,,,False,,,,0,0,,False,public,https://zenodo.org/records/18876683,
10.5281/zenodo.18874685,Advancing Octacalcium Phosphate-Based Scaffolds for Segmental Bone Repair (No. 1.1.1.9/LZP/2/25/245),2026-03-05,Other funder,,Post-doctoral Research grant project,,,,unknown,,,,,False,,,,0,0,,False,public,https://zenodo.org/records/18874685,
10.5281/zenodo.18879773,Data Management Plan for the project AQUANAVI,2026-03-05,Horizon Europe,HORIZON,101129751,OSCARS,HORIZON-INFRA-2023-EOSC-01,,mid,0.484,2024-01-01,2028-06-30,SIGNED,False,,,,0,0,,False,public,https://zenodo.org/records/18879773,
10.5281/zenodo.18866379,"Use of Algal Biomass in the Production of Carbon-Cured Cement, LC3, and Alkali-Activated Geopolymer Composites (Project No. 1.1.1.9/LZP/2/25/290)",2026-03-04,Other funder,,1.1.1.9/LZP/2/25/290,,,,unknown,,,,,True,False,1,5,0,0,unknown,False,public,https://zenodo.org/records/18866379,https://zenodo.org/api/records/18866379/files/Use_of_Algal_Biomass_in_the_Production_of_CarbonCured_Cement_LC3_and_AlkaliActivated_Geopolymer_Composites_Project_No_1119LZP225290.json/content
10.5281/zenodo.18866036,"Use of Algal Biomass in the Production of Carbon-Cured Cement, LC3, and Alkali-Activated Geopolymer Composites (Project No. 1.1.1.9/LZP/2/25/290)",2026-03-04,Other funder,,1.1.1.9/LZP/2/25/290,,,,unknown,,,,,True,False,1,5,0,0,unknown,False,public,https://zenodo.org/records/18866036,https://zenodo.org/api/records/18866036/files/Latvian_Council_of_Science_Blueprint_Plan.json/content
10.5281/zenodo.18860920,Between Risk and Hope: Demographic Change and (Return)Migration in Latvia Amid Russia's War in Ukraine,2026-03-04,Other funder,,VPP-IZM-Letonika-2025/1-0002,,,,unknown,,,,,True,False,1,4,0,0,unknown,True,public,https://zenodo.org/records/18860920,https://zenodo.org/api/records/18860920/files/Between_Risk_and_Hope_Demographic_Change_and_ReturnMigration_in_Latvia_Amid_Russias_War_in_Ukraine.json/content
10.5281/zenodo.18859774,EM-TECH: Data management plan revision 2 (D1.4),2026-03-04,Horizon Europe,HORIZON,101096083,EM-TECH,HORIZON-CL5-2022-D5-01,engineering and technology,late,1.058,2023-01-01,2025-12-31,SIGNED,False,,,,0,0,,False,public,https://zenodo.org/records/18859774,
10.5281/zenodo.18852494,Do file of the paper Conditional cash transfer and mortality among interpersonal violence victims: a cohort study,2026-03-03,No funder metadata,,,,,,unknown,,,,,False,,,,0,0,,False,public,https://zenodo.org/records/18852494,
10.5281/zenodo.18849166,D1.2 Data Management Plan Project,2026-03-03,Horizon Europe,HORIZON,101069941,PLOTO,HORIZON-CL5-2021-D6-01,natural sciences,late,1.002,2022-09-01,2026-02-28,SIGNED,False,,,,0,0,,True,public,https://zenodo.org/records/18849166,
10.5281/zenodo.18741130,MOOBYF Data Management Plan,2026-03-02,Other funder,,ANR-23-EBIP-0001,MOOBYF,,,unknown,,,,,False,,,,0,0,,False,public,https://zenodo.org/records/18741130,
10.5281/zenodo.18838739,"Elimination of Rigid PU Foam Thermal Insulation Shortcomings by Developing Bio-based Composites with a Gas Permeability Barrier Effect (BARRIER),  Nr. lzp-2025/1-0404",2026-03-02,Other funder,,Nr. lzp-2025/1-0404,,,,unknown,,,,,False,,,,0,0,,False,public,https://zenodo.org/records/18838739,
10.5281/zenodo.18836708,Unlocking the secrets of multicomponent alloys and related compounds using X-ray absorption spectroscopy and atomistic simulations,2026-03-02,Other funder,,lzp-2023/1-0476,,,,unknown,,,,,True,False,3,12,0,0,unknown,False,public,https://zenodo.org/records/18836708,https://zenodo.org/api/records/18836708/files/Unlocking_the_secrets_of_multicomponent_alloys_and_related_compounds_using_Xray_absorption_spectroscopy_and_atomistic_simulations.json/content
10.5281/zenodo.18838086,D1.6 – Updated Data Management Plan,2026-03-02,Horizon Europe,HORIZON,101112919,OCEANIDS,HORIZON-MISS-2022-CLIMA-01,social sciences,late,0.845,2023-12-01,2026-07-31,SIGNED,False,,,,0,0,,True,public,https://zenodo.org/records/18838086,
10.5281/zenodo.18838061,D1.5 – Data Management Plan,2026-03-02,Horizon Europe,HORIZON,101112919,OCEANIDS,HORIZON-MISS-2022-CLIMA-01,social sciences,late,0.845,2023-12-01,2026-07-31,SIGNED,False,,,,0,0,,True,public,https://zenodo.org/records/18838061,
10.5281/zenodo.19409582,"Sistema Integrado de Diagnóstico, Registro y Decisión Económica para la Industria Pesquera Patagónica: Fundamentos, Arquitectura y Resultados Operativos",2026-03-01,No funder metadata,,,,,,unknown,,,,,False,,,,0,0,,False,public,https://zenodo.org/records/19409582,
10.5281/zenodo.19881248,GERONTE DATA MANAGEMENT PLAN (DMP),2026-03,Horizon 2020,H2020,945218,GERONTE,H2020-SC1-BHC-2018-2020,natural sciences,unknown,,2021-04-01,2027-03-31,SIGNED,False,,,,0,0,,False,public,https://zenodo.org/records/19881248,
10.5281/zenodo.18813472,RDA TIGER D1.2 Data Management Plan (version 3.0),2026-02-28,Horizon Europe,HORIZON,101094406,RDA TIGER,HORIZON-INFRA-2022-EOSC-01,,late,1.054,2023-01-01,2025-12-31,SIGNED,False,,,,0,0,,False,public,https://zenodo.org/records/18813472,
10.5281/zenodo.19471932,EU PERIFORMANCE D7.1 DATA MANAGEMENT PLAN,2026-02-28,Horizon Europe,HORIZON,101216808,PERIFORMANCE,HORIZON-MISS-2024-CROSS-02,medical and health sciences,early,0.164,2025-09-01,2028-08-31,SIGNED,False,,,,0,0,,True,public,https://zenodo.org/records/19471932,
10.5281/zenodo.19438799,The Data management plan 2,2026-02-28,Horizon Europe,HORIZON,101130125,FLUFET,HORIZON-EIC-2023-PATHFINDEROPEN-01,engineering and technology,mid,0.57,2024-03-01,2027-08-31,SIGNED,False,,,,0,0,,False,public,https://zenodo.org/records/19438799,
10.5281/zenodo.19075526,SECASSURED Data Management Plan,2026-02-28,Horizon Europe,HORIZON,101225858,SECASSURED,HORIZON-CL3-2024-CS-01,natural sciences,early,0.081,2025-12-01,2028-11-30,SIGNED,False,,,,0,0,,True,public,https://zenodo.org/records/19075526,
10.5281/zenodo.18805902,"Data management plan for ""Freeze-Dried Chitosan Extract from Agaricus bisporus for Burn and Wound Care: A Hypoallergenic Solution for Skin Regeneration (FCEA-BW)"" project",2026-02-27,Other EU,EC,RTU-IG-2024/1-0003,,,,unknown,,,,,True,False,1,4,0,0,unknown,False,public,https://zenodo.org/records/18805902,https://zenodo.org/api/records/18805902/files/Data_management_plan_for_FreezeDried_Chitosan_Extract_from_Agaricus_bisporus_for_Burn_and_Wound_Care_A_Hypoallergenic_Solution_for_Skin_Regeneration_FCEABW_project.json/content
10.5281/zenodo.18801941,"Data management plan for ""Development of Organic Chemosensors for Optical Detection of Biogenic Amines"" project",2026-02-27,No funder metadata,,,,,,unknown,,,,,False,,,,0,0,,False,public,https://zenodo.org/records/18801941,
10.5281/zenodo.18797894,Technical Maturity and Security Readiness Assessment of Foreign Interference Risks During International Travel – Dual Engine IA Framework 3.0 Application,2026-02-27,No funder metadata,,,,,,unknown,,,,,False,,,,0,0,,False,public,https://zenodo.org/records/18797894,
10.5281/zenodo.18799940,Data Management Plan,2026-02-27,Horizon Europe,HORIZON,101293570,SCIANCE,HORIZON-CL4-2025-01,,early,0.096,2025-12-01,2028-05-31,SIGNED,False,,,,0,0,,True,public,https://zenodo.org/records/18799940,
10.5281/zenodo.18798586,Deliverable D6.2 Data Management Plan - 1,2026-02-27,Horizon Europe,HORIZON,101136701,BREADCRUMB,HORIZON-CL6-2023-FARM2FORK-01,agricultural sciences,late,0.72,2024-01-01,2026-12-31,SIGNED,False,,,,0,0,,False,public,https://zenodo.org/records/18798586,
10.5281/zenodo.18794607,Data management plan for Autism spectrum disorder social rehabilitation using smart sensory toys and psychological profiling,2026-02-26,Other EU,EC,0074,,,,unknown,,,,,False,,,,0,0,,True,public,https://zenodo.org/records/18794607,
10.5281/zenodo.18793642,Development of a vaccine prototype targeting αGal-syndrome: a proof-of-concept study,2026-02-26,Other funder,,"Recovery and Resilience Facility project No.5.2.1.1.i.0/2/24/I/CFLA/001 ""Consolidation of the Latvian Institute of Organic Synthesis and the Latvian Biomedical Research and Study Centre""",,,,unknown,,,,,False,,,,0,0,,False,public,https://zenodo.org/records/18793642,
10.5281/zenodo.18789345,"Data Management Plan for project ""Model-Based Methodology for Development of IT Project Management Plan and Scope Using Artificial Intelligence Algorithms""",2026-02-26,Other funder,,PA-2024/1-0015,,,,unknown,,,,,True,False,1,5,0,0,unknown,False,public,https://zenodo.org/records/18789345,https://zenodo.org/api/records/18789345/files/Data_Management_Plan_for_project_ModelBased_Methodology_for_Development_of_IT_Project_Management_Plan_and_Scope_Using_Artificial_Intelligence_Algorithms.json/content
10.5281/zenodo.18784009,FAIR-ification of Supplementary Data to Support Clinical Research,2026-02-26,Other funder,,CHIST-ERA-22-ORD-02,,,,late,1.904,2024-04-02,2025-04-02,,True,True,1,0,0,0,unknown,True,public,https://zenodo.org/records/18784009,https://zenodo.org/api/records/18784009/files/FAIRification_of_Supplementary_Data_to_Support_Clinical_Research.json/content
10.5281/zenodo.18783107,Data Management Plan (DMP) for the European Partnership on Metrology Project 21GRD08 SoMMet,2026-02-26,Other funder,,21GRD08 SoMMet,,,,unknown,,,,,False,,,,0,0,,False,public,https://zenodo.org/records/18783107,
10.5281/zenodo.18782593,Dzīve un nāve dzelzs laikmetā Latvijā (5. – 12. gadsimts):  bioarheoloģisks pētījums,2026-02-26,Other funder,,lzp-2025/1-0051,,,,unknown,,,,,True,False,4,16,0,0,unknown,False,public,https://zenodo.org/records/18782593,https://zenodo.org/api/records/18782593/files/Dzve_un_nve_dzelzs_laikmet_Latvij_5__12_gadsimts__bioarheoloisks_ptjums.json/content
10.5281/zenodo.18793247,Deliverable D6.3 Data Management Plan,2026-02-26,Horizon Europe,HORIZON,101136701,BREADCRUMB,HORIZON-CL6-2023-FARM2FORK-01,agricultural sciences,late,0.719,2024-01-01,2026-12-31,SIGNED,False,,,,0,0,,False,public,https://zenodo.org/records/18793247,
10.5281/zenodo.18782083,Data Management Plan II,2026-02-26,Horizon Europe,HORIZON,101101343,PEACE,HORIZON-JTI-CLEANH2-2022-1,natural sciences,late,0.783,2023-06-01,2026-11-30,SIGNED,False,,,,0,0,,False,public,https://zenodo.org/records/18782083,
10.5281/zenodo.18784163,FAIRClinical D1.3: Data Management Plan,2026-02-26,No funder metadata,,,,,,late,1.904,2024-04-02,2025-04-02,,True,True,1,0,0,0,unknown,True,public,https://zenodo.org/records/18784163,https://zenodo.org/api/records/18784163/files/FAIR-ification_of_Supplementary_Data_to_Support_Clinical_Research.json/content
10.5281/zenodo.18772854,"Data Management Plan for the DACE project, version 0",2026-02-25,Other funder,,01,,,,unknown,,,,,True,False,1,4,0,0,unknown,False,public,https://zenodo.org/records/18772854,https://zenodo.org/api/records/18772854/files/Data_Management_Plan_for_the_DACE_project_version_0.json/content
10.5281/zenodo.18770711,EOSC ENTRUST Requirements Management Plan,2026-02-25,Horizon Europe,HORIZON,101131056,EOSC-ENTRUST,HORIZON-INFRA-2023-EOSC-01,,mid,0.664,2024-03-01,2027-02-28,SIGNED,False,,,,0,0,,False,public,https://zenodo.org/records/18770711,
10.5281/zenodo.18772032,EuroFAANG research infrastructure business plan,2026-02-25,Horizon Europe,HORIZON,101094718,EuroFAANG,HORIZON-INFRA-2022-DEV-01,agricultural sciences,late,1.051,2023-01-01,2025-12-31,SIGNED,False,,,,0,0,,False,public,https://zenodo.org/records/18772032,
10.5281/zenodo.18769575,Circular economy model selection and application for air pollution mitigation display for urban environment,2026-02-25,Other EU,EC,Research Grant,,,,unknown,,,,,False,,,,0,0,,False,public,https://zenodo.org/records/18769575,
10.5281/zenodo.18767975,Methodology for non-destructive testing of marine concrete durability,2026-02-25,Other funder,,development grant,,,,unknown,,,,,True,False,1,4,0,0,unknown,False,public,https://zenodo.org/records/18767975,https://zenodo.org/api/records/18767975/files/Methodology_for_nondestructive_testing_of_marine_concrete_durability.json/content
10.5281/zenodo.18770840,PID: 41009 - Gokulakrishnan Marisami - BSG-BREAM - CCMAR,2026-02-25,No funder metadata,,,,,,unknown,,,,,True,False,2,5,0,0,unknown,True,public,https://zenodo.org/records/18770840,https://zenodo.org/api/records/18770840/files/PID_41009__Gokulakrishnan_Marisami__BSGBREAM__CCMAR.json/content
10.5281/zenodo.18771338,D8.2: Data Management Plan (June 2025 update),2026-02-25,Other EU,EC,,,,,unknown,,,,,False,,,,0,0,,False,public,https://zenodo.org/records/18771338,
10.5281/zenodo.18763113,QH-BIS,2026-02-24,Other funder,,5.2.1.1.i.0/2/24/I/CFLA007,,,,unknown,,,,,True,False,1,4,0,0,unknown,False,public,https://zenodo.org/records/18763113,https://zenodo.org/api/records/18763113/files/QHBIS.json/content
10.5281/zenodo.18762083,Targeted delivery and syncytium-mediated distribution of alphaviral RNA replicon in 3D cancer cell model,2026-02-24,Other funder,,Atveseļošanas fonds (Recovery and Resilience Facility) RRF grant No.57/BMC/PA (RRF project No.5.2.1.1.i.0/2/24/I/CFLA/001),,,,unknown,,,,,True,False,1,3,0,0,unknown,True,public,https://zenodo.org/records/18762083,https://zenodo.org/api/records/18762083/files/Targeted_delivery_and_syncytiummediated_distribution_of_alphaviral_RNA_replicon_in_3D_cancer_cell_model.json/content
10.5281/zenodo.18757425,"LZP_FLPP_lzp-2024/1-0437 Linking life history, stress resistance, metabolic reprogramming and memory formation in an insect - Data Management Plan",2026-02-24,Other funder,,lzp-2024/1-0437,,,,unknown,,,,,True,False,1,5,0,0,unknown,False,public,https://zenodo.org/records/18757425,https://zenodo.org/api/records/18757425/files/LZP_FLPP_lzp202410437_Linking_life_history_stress_resistance_metabolic_reprogramming_and_memory_formation_in_an_insect__Data_Management_Plan.json/content
10.5281/zenodo.18755660,Plant virus-like particles / immunotherapy,2026-02-24,Other funder,,Latvijas Organiskās sintēzes institūta un Latvijas Biomedicīnas pētījumu un studiju centra konsolidācija,,,,unknown,,,,,False,,,,0,0,,False,public,https://zenodo.org/records/18755660,
10.5281/zenodo.18762207,Development of chimeric antigen receptor macrophages (CAR-M) and modeling of  macrophage intratumoral infiltration in breast cancer model,2026-02-24,Other funder,,Atveseļošanas fonds (Recovery and Resilience Facility) RRF grant No.56/BMC/ZG (RRF project No.5.2.1.1.i.0/2/24/I/CFLA/001),,,,unknown,,,,,True,False,1,3,0,0,unknown,False,public,https://zenodo.org/records/18762207,https://zenodo.org/api/records/18762207/files/Development_of_chimeric_antigen_receptor_macrophages_CARM_and_modeling_of__macrophage_intratumoral_infiltration_in_breast_cancer_model_.json/content
10.5281/zenodo.18744140,Advanced anodes for sustainable aqueous rechargeable zinc-based batteries,2026-02-23,Other EU,EC,(5.2.1.1.i.0/2/24/I/CFLA/007),,,,unknown,,,,,True,False,3,14,0,0,unknown,False,public,https://zenodo.org/records/18744140,https://zenodo.org/api/records/18744140/files/Advanced_anodes_for_sustainable_aqueous_rechargeable_zincbased_batteries.json/content
10.5281/zenodo.18743748,WindMapper(1.1.1.9/LZP/2/25/263): High-Resolution Wind Resource Maps for Latvia: Bridging Academic Large-Eddy Simulation (LES) Precision to the Industry Solutions,2026-02-23,Other funder,,1.1.1.9/LZP/2/25/263,,,,unknown,,,,,True,False,1,0,0,0,unknown,False,public,https://zenodo.org/records/18743748,https://zenodo.org/api/records/18743748/files/WindMapper1119LZP225263_HighResolution_Wind_Resource_Maps_for_Latvia_Bridging_Academic_LargeEddy_Simulation_LES_Precision_to_the_Industry_Solutions.json/content
10.5281/zenodo.18340699,NexTCity D1.2 Data Management Plan,2026-02-23,Horizon Europe,HORIZON,101159944,NexTCity,HORIZON-WIDERA-2023-ACCESS-02,social sciences,mid,0.494,2024-09-01,2027-08-31,SIGNED,False,,,,0,0,,False,public,https://zenodo.org/records/18340699,
10.5281/zenodo.18714879,ANM_K_ZG_55 (RRF/ANM 5.2.1.1.i.0/2/24/I/CFLA/001) — Stress-induced metabolic shifts in Drosophila melanogaster — Data Management Plan,2026-02-20,Other funder,,ANM_K_ZG_55,,,,unknown,,,,,True,False,1,5,0,0,unknown,False,public,https://zenodo.org/records/18714879,https://zenodo.org/api/records/18714879/files/ANM_K_ZG_55_RRFANM_5211i0224ICFLA001__Stressinduced_metabolic_shifts_in_Drosophila_melanogaster__Data_Management_Plan.json/content
10.5281/zenodo.18694173,PGD du projet Burgundia Scripta Merovingica,2026-02-19,No funder metadata,,,,,,unknown,,,,,False,,,,0,0,,False,public,https://zenodo.org/records/18694173,
10.5281/zenodo.18692654,The Role of Digital Finance Innovation in Promoting Sustainable Development Goals (DInnoFin),2026-02-19,Other EU,EC,(No.5.2.1.1.i.0/2/24/I/CFLA/007-),,,,unknown,,,,,True,False,2,4,0,0,unknown,False,public,https://zenodo.org/records/18692654,https://zenodo.org/api/records/18692654/files/The_Role_of_Digital_Finance_Innovation_in_Promoting_Sustainable_Development_Goals_DInnoFin.json/content
10.5281/zenodo.18693074,Data Management Plan,2026-02-19,Horizon Europe,HORIZON,101079354,CiRCLETECH,HORIZON-WIDERA-2021-ACCESS-03,,late,1.042,2022-10-01,2025-12-31,SIGNED,False,,,,0,0,,False,public,https://zenodo.org/records/18693074,
10.5281/zenodo.18684798,TestOne Updated,2026-02-18,Other EU,EC,5.2.1.1.i.0/2/24/I/CFLA/003876753,,,,unknown,,,,,False,,,,0,0,,False,public,https://zenodo.org/records/18684798,
10.5281/zenodo.18679355,Data Management Plan CNR Pilot: career progression at CNR in light of the Agreement on Reforming Research Assessment,2026-02-18,Horizon Europe,HORIZON,101095129,GraspOS,HORIZON-INFRA-2022-EOSC-01,natural sciences,late,1.045,2023-01-01,2025-12-31,CLOSED,False,,,,0,0,,False,public,https://zenodo.org/records/18679355,
10.5281/zenodo.18683178,"ECRAID-Prime deliverable 4.1: Data Management Plan, Horizon Europe template",2026-02-18,Horizon Europe,HORIZON,101046109,ECRAID-Prime,HORIZON-HLTH-2021-CORONA-01,natural sciences,late,0.844,2021-12-01,2026-11-30,SIGNED,True,False,2,2,0,0,true,True,public,https://zenodo.org/records/18683178,https://zenodo.org/api/records/18683178/files/ecraid-prime-dmp-zenodo-orcid.json/content
10.5281/zenodo.18672780,Supplementary data for DESI DR1 Lyα 1D power spectrum: Validation of estimators,2026-02-17,No funder metadata,,,,,,unknown,,,,,False,,,,0,0,,False,public,https://zenodo.org/records/18672780,
10.5281/zenodo.18669321,Characterization of Cancer-Associated Fibroblasts in Gastroenteropancreatic Neuroendocrine  Tumors using spatial transcriptomics,2026-02-17,Other funder,,Nr.5.2.1.1.i.0/2/24/I/CFLA/001,,,,unknown,,,,,True,False,1,4,0,0,unknown,False,public,https://zenodo.org/records/18669321,https://zenodo.org/api/records/18669321/files/Characterization_of_CancerAssociated_Fibroblasts_in_Gastroenteropancreatic_Neuroendocrine__Tumors_using_spatial_transcriptomics.json/content
10.5281/zenodo.18669266,"Molecular factors of pancreatic and pituitary neuroendocrine tumors, for predicting the course of development and effectiveness of therapy 2025 - 2026 (ANM_K_DG_27)",2026-02-17,Other funder,,Nr.5.2.1.1.i.0/2/24/I/CFLA/001,,,,unknown,,,,,True,False,1,4,0,0,unknown,True,public,https://zenodo.org/records/18669266,https://zenodo.org/api/records/18669266/files/Molecular_factors_of_pancreatic_and_pituitary_neuroendocrine_tumors_for_predicting_the_course_of_development_and_effectiveness_of_therapy_2025__2026_ANM_K_DG_27.json/content
10.5281/zenodo.18661307,Empowering Baltic Resilience: From Awareness to Action via Technology,2026-02-16,Other funder,,lzp-2025/1-0191.,,,,unknown,,,,,True,False,1,5,0,0,unknown,False,public,https://zenodo.org/records/18661307,https://zenodo.org/api/records/18661307/files/Empowering_Baltic_Resilience_From_Awareness_to_Action_via_Technology.json/content
10.5281/zenodo.18661244,Functional characterization of mutations found in genes encoding G-protein-coupled receptors and search for new GPCR ligands,2026-02-16,Other funder,,lzp-2025/1-0507,,,,unknown,,,,,False,,,,0,0,,False,public,https://zenodo.org/records/18661244,
10.5281/zenodo.18657932,High throughput Laser speckle imaging to speed up experiments in microbiology.,2026-02-16,Other EU,EC,"Recovery and Resilience Facility project ""Internal and External Consolidation of the University of Latvia""  (No.5.2.1.1.i.0/2/24/I/CFLA/007)",,,,unknown,,,,,True,False,1,3,0,0,unknown,False,public,https://zenodo.org/records/18657932,https://zenodo.org/api/records/18657932/files/High_throughput_Laser_speckle_imaging_to_speed_up_experiments_in_microbiology.json/content
10.5281/zenodo.18654899,Aragonese Forest Territories Applying to the Fungi Friendly Forest Network,2026-02-16,Other funder,,BF234,,,,unknown,,,,,False,,,,0,0,,False,public,https://zenodo.org/records/18654899,
10.5281/zenodo.18638080,Projet de Conservation Frigorifique : GOMA COLD-CHAIN SOLUTIONS,2026-02-14,No funder metadata,,,,,,unknown,,,,,False,,,,0,0,,False,public,https://zenodo.org/records/18638080,
10.5281/zenodo.18629072,Supplementary data for: Cosmological constraints from a joint DESI DR1 Full-Shape and DR2 BAO,2026-02-13,No funder metadata,,,,,,unknown,,,,,False,,,,0,0,,False,public,https://zenodo.org/records/18629072,
10.5281/zenodo.18629456,High throughput Laser speckle imaging to speed up experiments in microbiology New,2026-02-13,Other EU,EC,"Recovery and Resilience Facility project ""Internal and External Consolidation of the University of Latvia""  (No.5.2.1.1.i.0/2/24/I/CFLA/007)",,,,unknown,,,,,True,False,1,3,0,0,unknown,False,public,https://zenodo.org/records/18629456,https://zenodo.org/api/records/18629456/files/High_throughput_Laser_speckle_imaging_to_speed_up_experiments_in_microbiology_New.json/content
10.5281/zenodo.18624412,Survey on green human resource management for sustainable development of Latvian higher education institutions,2026-02-12,Other EU,EC,Project,,,,unknown,,,,,False,,,,0,0,,False,public,https://zenodo.org/records/18624412,
10.5281/zenodo.18624376,Application of problem-based learning as a pedagogical approach in higher education in  Latvia,2026-02-12,Other EU,EC,Research and Development Grant (RTU-PA-2024/1-0067),,,,unknown,,,,,False,,,,0,0,,False,public,https://zenodo.org/records/18624376,
10.5281/zenodo.18620471,The 48 Observables how to pay attention and what to look for,2026-02-12,No funder metadata,,,,,,unknown,,,,,False,,,,0,0,,True,public,https://zenodo.org/records/18620471,
10.5281/zenodo.18929638,{HiDyn} Data Management Plan,2026-02-12,Other EU,EC,EPM 21NRM01 HiDyn,,,,unknown,,,,,False,,,,0,0,,False,public,https://zenodo.org/records/18929638,
10.5281/zenodo.18598776,FairOnChain,2026-02-10,Other funder,,8cc23ffd-1919-4f04-9419-191b842ac6dc,,,,late,1.838,2024-04-10,2025-04-10,,True,True,2,0,0,0,unknown,False,public,https://zenodo.org/records/18598776,https://zenodo.org/api/records/18598776/files/FairOnChain.json/content
10.5281/zenodo.18596558,Genetic markers as a basis for the excellence of carcass quality traits  in the Latvian dark-headed sheep breed.,2026-02-10,Other funder,,PosDoc 1.1.1.9/LZP/1/24/027,,,,unknown,,,,,True,False,11,46,0,0,unknown,False,public,https://zenodo.org/records/18596558,https://zenodo.org/api/records/18596558/files/Genetic_markers_as_a_basis_for_the_excellence_of_carcass_quality_traits__in_the_Latvian_darkheaded_sheep_breed_.json/content
10.5281/zenodo.18589938,Urban Preparedness for Emerging Risks in the Baltic Sea Region Data Plan,2026-02-10,Other EU,EC,5.2.1.1.i.0-2-24-I-CFLA-007-2,,,,unknown,,,,,True,False,2,7,0,0,unknown,False,public,https://zenodo.org/records/18589938,https://zenodo.org/api/records/18589938/files/Urban_Preparedness_for_Emerging_Risks_in_the_Baltic_Sea_Region_Data_Plan.json/content
10.5281/zenodo.18602878,Requirements for the Development of Data Management Plan Templates and Tools: A Scoping Review Protocol,2026-02-10,Other funder,,,,,,unknown,,,,,False,,,,0,0,,False,public,https://zenodo.org/records/18602878,
10.5281/zenodo.18598655,Petit manuel des finances des éditions Benluton,2026-02-10,No funder metadata,,,,,,unknown,,,,,False,,,,0,0,,False,public,https://zenodo.org/records/18598655,
10.5281/zenodo.18647208,Data Management Plan SHE SHE - Women's Spirituality as a Source of Creativity in Popular Music,2026-02-10,Horizon Europe,HORIZON,101207838,SHE-SHE,HORIZON-MSCA-2024-PF-01,humanities,early,0.222,2025-09-01,2027-08-31,SIGNED,False,,,,0,0,,False,public,https://zenodo.org/records/18647208,
10.5281/zenodo.18400337,DMP writing made easy: a hands-on workshop concept for chemists,2026-02-09,DFG,DFG,441958208,,,,unknown,,,,,False,,,,0,0,,False,public,https://zenodo.org/records/18400337,
10.5281/zenodo.18548205,Science Collections Strategy 2026-2035. Meise Botanic Garden.,2026-02-09,No funder metadata,,,,,,unknown,,,,,False,,,,0,0,,False,public,https://zenodo.org/records/18548205,
10.5281/zenodo.18549373,"Strategie Wetenschappelijke Collecties, Plantentuin Meise, 2026-2035",2026-02-09,No funder metadata,,,,,,unknown,,,,,False,,,,0,0,,False,public,https://zenodo.org/records/18549373,
10.5281/zenodo.18553157,Quantifying radiative heat flux and firebrand attack from wildfires at the Wildland-Urban Interface using physics-based models,2026-02-09,Other funder,,2023.10892.CPCA.A2,,,,unknown,,,,,True,False,1,3,0,0,unknown,False,public,https://zenodo.org/records/18553157,https://zenodo.org/api/records/18553157/files/Quantifying_radiative_heat_flux_and_firebrand_attack_from_wildfires_at_the_WildlandUrban_Interface_using_physicsbased_models.json/content
10.5281/zenodo.18548947,EuroFAANG Research Infrastructure Data Management Plan,2026-02-09,Horizon Europe,HORIZON,101094718,EuroFAANG,HORIZON-INFRA-2022-DEV-01,agricultural sciences,late,1.037,2023-01-01,2025-12-31,SIGNED,False,,,,0,0,,False,public,https://zenodo.org/records/18548947,
10.5281/zenodo.18513521,"Research Program – Variational Foundations of Agency and Social Order: Decision Architectures, Physics of Choice, and Constitutional Agency",2026-02-07,No funder metadata,,,,,,unknown,,,,,False,,,,0,0,,False,public,https://zenodo.org/records/18513521,
10.5281/zenodo.18505751,COMUNICAPP-PGD,2026-02-06,No funder metadata,,,,,,unknown,,,,,False,,,,0,0,,False,public,https://zenodo.org/records/18505751,
10.5281/zenodo.18505429,Supplementary data for: First planetesimals from DESI DR1: 12 highly metal-rich white dwarfs,2026-02-06,No funder metadata,,,,,,unknown,,,,,False,,,,0,0,,False,public,https://zenodo.org/records/18505429,
10.5281/zenodo.18505671,GEMSTONE Deliverable 1.4: Data Management Plan (final version),2026-02-06,Horizon Europe,HORIZON,101078981,GEMSTONE,HORIZON-WIDERA-2021-ACCESS-03,,late,1.031,2022-10-01,2025-12-31,SIGNED,False,,,,0,0,,False,public,https://zenodo.org/records/18505671,
10.5281/zenodo.18495294,SARS-CoV-2 Spike Protein and Reactivation of human herpesvirus 6 and 7,2026-02-05,Other funder,,lzp-2025/1-0130,,,,unknown,,,,,True,False,1,4,0,0,unknown,False,public,https://zenodo.org/records/18495294,https://zenodo.org/api/records/18495294/files/SARSCoV2_Spike_Protein_and_Reactivation_of_human_herpesvirus_6_and_7.json/content
10.5281/zenodo.18493767,HORIZON-ZEN Plus - Data Management Plan,2026-02-05,Horizon Europe,HORIZON,101256740,HORIZON-ZEN Plus,HORIZON-EURATOM-2025-REPOSITARY-IBA,natural sciences,early,0.174,2025-10-01,2027-09-30,SIGNED,False,,,,0,0,,False,public,https://zenodo.org/records/18493767,
10.5281/zenodo.20040446,"Photothermally Enhanced Hydrogel-Based Thermoelectrochemical Cells for Stable, Passive Harvesting of Low-Grade Heat",2026-02-04,Horizon 2020,H2020,964388,COgITOR,H2020-FETOPEN-2018-2020,engineering and technology,late,0.986,2021-06-01,2026-02-28,SIGNED,False,,,,0,0,,False,public,https://zenodo.org/records/20040446,
10.5281/zenodo.18482088,CIMAR-LA Seminar - Demo,2026-02-04,Horizon Europe,HORIZON,101131121,AQUASERV,HORIZON-INFRA-2023-SERV-01,agricultural sciences,mid,0.369,2024-04-01,2029-03-31,SIGNED,False,,,,0,0,,False,public,https://zenodo.org/records/18482088,
10.5281/zenodo.18484672,Data Management Plan (DMP),2026-02-04,Horizon Europe,HORIZON,101103706,BatteReverse,HORIZON-CL5-2022-D2-01,natural sciences,late,0.79,2023-05-01,2026-10-31,SIGNED,False,,,,0,0,,False,public,https://zenodo.org/records/18484672,
10.5281/zenodo.18481646,PurPest Data Management Plan,2026-02-04,Horizon Europe,HORIZON,101060634,PURPEST,HORIZON-CL6-2021-FARM2FORK-01,natural sciences,late,0.774,2023-01-01,2026-12-31,SIGNED,False,,,,0,0,,False,public,https://zenodo.org/records/18481646,
10.5281/zenodo.18474152,Time-to-Digital conversion based integrated sensing and communication (TDC4ISAC),2026-02-03,Other EU,EC,RTU-ZG-2024_1-0016,,,,unknown,,,,,False,,,,0,0,,False,public,https://zenodo.org/records/18474152,
10.5281/zenodo.18468988,WBP- Tariq Tammam Ali,2026-02-03,No funder metadata,,,,,,unknown,,,,,True,False,2,2,0,0,unknown,False,public,https://zenodo.org/records/18468988,https://zenodo.org/api/records/18468988/files/WBP_Tariq_Tammam_Ali.json/content
10.5281/zenodo.18457379,Filamentous Fungi Potential for Pharmaceutical Substance Removal from Municipal Wastewater: Investigating Applications and Limitations,2026-02-02,Other EU,EC,0000-0001-9304-881X View this author's ORCID profile,,,,unknown,,,,,False,,,,0,0,,False,public,https://zenodo.org/records/18457379,
10.5281/zenodo.18864108,D1.4 Data Management Plan – Updated version,2026-02-02,Horizon Europe,HORIZON,101060876,RURALITIES,HORIZON-CL6-2021-COMMUNITIES-01,,mid,0.668,2022-10-01,2027-09-30,SIGNED,False,,,,0,0,,True,public,https://zenodo.org/records/18864108,
10.5281/zenodo.18868381,"D7.3 - Data Management Plan (DMP), 2nd version",2026-02-02,Horizon Europe,HORIZON,101081839,CARINA,HORIZON-CL6-2022-CIRCBIO-01,,late,0.814,2022-11-01,2026-10-31,SIGNED,False,,,,0,0,,True,public,https://zenodo.org/records/18868381,
10.5281/zenodo.18448323,HYBRIDplus Data Management Plan,2026-02-01,Other EU,EC,HYBRIDplus,,,,late,2.997,2023-02-03,2024-02-03,,True,False,5,6,1,3,unknown,True,public,https://zenodo.org/records/18448323,https://zenodo.org/api/records/18448323/files/HYBRIDplus_Data_Management_Plan.json/content
10.5281/zenodo.20215382,TURING Deliverable D1.2 Data Management Plan,2026-02,Horizon Europe,HORIZON,101215032,TURING,HORIZON-CL4-2024-HUMAN-03,natural sciences,unknown,,2025-09-01,2028-08-31,SIGNED,False,,,,0,0,,False,public,https://zenodo.org/records/20215382,
10.5281/zenodo.20135699,PANTA RHEI Project - Data Management Plan,2026-01-31,Horizon Europe,HORIZON,101152973,Panta Rhei,HORIZON-MSCA-2023-PF-01,natural sciences,mid,0.54,2025-01-02,2027-01-01,SIGNED,False,,,,0,0,,False,public,https://zenodo.org/records/20135699,
10.5281/zenodo.19366023,D1.2. Data Management Plan,2026-01-31,Horizon Europe,HORIZON,101061157,PERCEIVE,HORIZON-CL2-2021-HERITAGE-01,engineering and technology,late,1.0,2023-02-01,2026-01-31,CLOSED,False,,,,0,0,,False,public,https://zenodo.org/records/19366023,
10.5281/zenodo.13911286,"Data Management Plan by BioEcoOcean - Towards Integrated, FAIR and Inclusive Ocean Data Management",2026-01-31,Horizon Europe,HORIZON,101136748,BioEcoOcean,HORIZON-CL6-2023-CLIMATE-01,,mid,0.5,2024-02-01,2028-01-31,SIGNED,False,,,,0,0,,False,public,https://zenodo.org/records/13911286,
10.5281/zenodo.19043021,Data and Collaboration Policy - Australian Avian Genomics Initiative,2026-01-30,No funder metadata,,,,,,unknown,,,,,False,,,,0,0,,False,public,https://zenodo.org/records/19043021,
10.5281/zenodo.18432329,"Forest roads as multifunctional ecosystems: biodiversity, ecosystem services and disservices",2026-01-30,Other funder,,lzp-2023/1-0558,,,,unknown,,,,,True,False,6,30,0,0,unknown,False,public,https://zenodo.org/records/18432329,https://zenodo.org/api/records/18432329/files/Forest_roads_as_multifunctional_ecosystems_biodiversity_ecosystem_services_and_disservices.json/content
10.5281/zenodo.18425303,Data and Collaboration Policy - Threatened Species Initiative,2026-01-30,No funder metadata,,,,,,unknown,,,,,False,,,,0,0,,False,public,https://zenodo.org/records/18425303,
10.5281/zenodo.18436761,HARNESS D6.2 Data Management Plan,2026-01-30,Horizon Europe,HORIZON,101169409,HARNESS,HORIZON-MSCA-2023-DN-01,natural sciences,early,0.27,2025-01-01,2028-12-31,SIGNED,False,,,,0,0,,False,public,https://zenodo.org/records/18436761,
10.5281/zenodo.18427778,CE-RISE DMP & DPP Record Metadata,2026-01-30,Horizon Europe,HORIZON,101092281,CE-RISE,HORIZON-CL4-2022-RESILIENCE-01,natural sciences,late,0.771,2023-01-01,2026-12-31,SIGNED,False,,,,0,0,,False,public,https://zenodo.org/records/18427778,
10.5281/zenodo.19690282,D1.5 Data Management Plan and Data Policy (Final),2026-01-29,Horizon Europe,HORIZON,101095055,SUBMERSE,HORIZON-INFRA-2022-TECH-01,,late,0.917,2023-05-01,2026-04-30,SIGNED,False,,,,0,0,,True,public,https://zenodo.org/records/19690282,
10.5281/zenodo.18414796,CE-RISE Digital Product and Material Passport (DPP & DMP) data-model architecture,2026-01-29,Horizon Europe,HORIZON,101092281,CE-RISE,HORIZON-CL4-2022-RESILIENCE-01,natural sciences,late,0.77,2023-01-01,2026-12-31,SIGNED,False,,,,0,0,,False,public,https://zenodo.org/records/18414796,
10.5281/zenodo.18404504,HAR4BEST Data Management Plan (DMP),2026-01-28,Other funder,,MCIN/AEI/ 10.13039/501100011033,,,,unknown,,,,,False,,,,0,0,,False,public,https://zenodo.org/records/18404504,
10.5281/zenodo.18396025,Supplementary data for: Cosmological analysis of the DESI DR1 Lya 1D power spectrum,2026-01-28,No funder metadata,,,,,,unknown,,,,,False,,,,0,0,,False,public,https://zenodo.org/records/18396025,
10.5281/zenodo.18403735,RECHARGE: Data Management Plan (final update),2026-01-28,Horizon Europe,HORIZON,101061233,RECHARGE,HORIZON-CL2-2021-HERITAGE-01,medical and health sciences,late,1.11,2022-10-01,2025-09-30,SIGNED,False,,,,0,0,,False,public,https://zenodo.org/records/18403735,
10.5281/zenodo.18384473,D1.3. Data Management Plan for SysAge,2026-01-27,Horizon Europe,HORIZON,101159920,SysAge,HORIZON-WIDERA-2023-ACCESS-02,medical and health sciences,mid,0.469,2024-09-01,2027-08-31,SIGNED,False,,,,0,0,,False,public,https://zenodo.org/records/18384473,
10.5281/zenodo.18375649,UNIS data policy,2026-01-26,No funder metadata,,,,,,unknown,,,,,False,,,,0,0,,False,public,https://zenodo.org/records/18375649,
10.5281/zenodo.18373344,Unlocking the Underworld,2026-01-26,Other funder,,lzp-2024/1-0479,,,,unknown,,,,,True,False,2,10,0,0,unknown,False,public,https://zenodo.org/records/18373344,https://zenodo.org/api/records/18373344/files/Unlocking_the_Underworld.json/content
10.5281/zenodo.18371242,Ángeles,2026-01-26,No funder metadata,,,,,,unknown,,,,,False,,,,0,0,,False,public,https://zenodo.org/records/18371242,
10.5281/zenodo.19608357,FORSAID deliverable 1.2 - Data Management Plan,2026-01-26,Horizon Europe,HORIZON,101134200,FORSAID,HORIZON-CL6-2023-GOVERNANCE-01,engineering and technology,mid,0.401,2024-09-01,2028-02-29,SIGNED,False,,,,0,0,,False,public,https://zenodo.org/records/19608357,
10.5281/zenodo.18349878,DMP Writing Made Easy: A Hands-on Workshop for Chemists,2026-01-23,DFG,DFG,441958208,,,,unknown,,,,,False,,,,0,0,,False,public,https://zenodo.org/records/18349878,
10.5281/zenodo.18354631,Pesquisas em Educação: diálogos interdisciplinares,2026-01-23,No funder metadata,,,,,,unknown,,,,,False,,,,0,0,,False,public,https://zenodo.org/records/18354631,
10.5281/zenodo.18349237,D12.1- Data Management Plan v1,2026-01-23,Horizon Europe,HORIZON,101135183,MYRTUS,HORIZON-CL4-2023-DATA-01,,mid,0.688,2024-01-01,2026-12-31,SIGNED,False,,,,0,0,,False,public,https://zenodo.org/records/18349237,
10.5281/zenodo.18341539,TP_Entrepreneuriat_Master2_IRADUKUNDA_Elias.pdf,2026-01-22,No funder metadata,,,,,,unknown,,,,,False,,,,0,0,,False,public,https://zenodo.org/records/18341539,
10.5281/zenodo.18342534,D9.1 Data Management Plan,2026-01-22,Horizon Europe,HORIZON,101084179,ClimateSmartAdvisors,HORIZON-CL6-2022-CLIMATE-01,,mid,0.402,2023-04-01,2030-03-31,SIGNED,False,,,,0,0,,True,public,https://zenodo.org/records/18342534,
10.5281/zenodo.18335481,Deliverable D1.1 - Data Management Plan,2026-01-22,Horizon Europe,HORIZON,101139182,6G-EWOC,HORIZON-JU-SNS-2023,engineering and technology,mid,0.687,2024-01-01,2026-12-31,SIGNED,False,,,,0,0,,False,public,https://zenodo.org/records/18335481,
10.5281/zenodo.18338125,ODISSEE - D7.2 : Initial Project Data Management Plan,2026-01-22,Horizon Europe,HORIZON,101188332,ODISSEE,HORIZON-INFRA-2024-TECH-01,natural sciences,mid,0.353,2025-01-01,2027-12-31,SIGNED,False,,,,0,0,,False,public,https://zenodo.org/records/18338125,
10.5281/zenodo.18324464,OPINION Lab_Hoedl_Schoberer_Eglseer 4.0,2026-01-21,Other funder,,CM 300,,,,unknown,,,,,False,,,,0,0,,False,public,https://zenodo.org/records/18324464,
10.5281/zenodo.18324669,"Data Management Plan (v1.3, D4.1)",2026-01-21,Horizon Europe,HORIZON,101130949,POLARIN,HORIZON-INFRA-2023-SERV-01,natural sciences,mid,0.379,2024-03-01,2029-02-28,SIGNED,False,,,,0,0,,True,public,https://zenodo.org/records/18324669,
10.5281/zenodo.18318210,nexus monARC project,2026-01-20,Horizon Europe,HORIZON,101079156,NEXUS-MONARC,HORIZON-WIDERA-2021-ACCESS-03,,late,1.018,2023-01-01,2025-12-31,SIGNED,True,False,1,4,0,0,no,False,public,https://zenodo.org/records/18318210,https://zenodo.org/api/records/18318210/files/nexus_monARC_project.json/content
10.5281/zenodo.18308741,Cognitive Open RAN Architecture (CORA) - RTU PostDoctroal Research grant (ID 1.1.1.9/LZP/2/25/248),2026-01-20,Other funder,,postdoc-1.1.1.9/LZP/2/25/248,,,,unknown,,,,,True,False,1,3,0,0,unknown,False,public,https://zenodo.org/records/18308741,https://zenodo.org/api/records/18308741/files/Cognitive_Open_RAN_Architecture_CORA__RTU_PostDoctroal_Research_grant_ID_1119LZP225248.json/content
10.5281/zenodo.18308737,Cognitive Open RAN Architecture (CORA) - RTU PostDoctroal Research grant (ID 1.1.1.9/LZP/2/25/248),2026-01-20,Other funder,,postdoc-1.1.1.9/LZP/2/25/248,,,,unknown,,,,,True,False,1,3,0,0,unknown,False,public,https://zenodo.org/records/18308737,https://zenodo.org/api/records/18308737/files/Cognitive_Open_RAN_Architecture_CORA__RTU_PostDoctroal_Research_grant_ID_1119LZP225248.json/content
10.5281/zenodo.18315296,Test - DMP,2026-01-20,Other funder,,COVID/BD/152586/2022,COVID/BD/152586/2022,,,unknown,,,,,False,,,,0,0,,False,public,https://zenodo.org/records/18315296,
10.5281/zenodo.18316046,Last DMP,2026-01-20,Horizon Europe,HORIZON,101094796,REBOOT,HORIZON-CL2-2022-HERITAGE-01,,late,0.99,2023-02-01,2026-01-31,SIGNED,False,,,,0,0,,False,public,https://zenodo.org/records/18316046,
10.5281/zenodo.18302130,Assessment of microbial contamination growth in ventilation systems at varying system parameters,2026-01-19,Other EU,EC,Academic career PostDoctoral grant (RTU-PG-2024/1-0007 ),,,,unknown,,,,,False,,,,0,0,,False,public,https://zenodo.org/records/18302130,
10.5281/zenodo.18299229,EOSC-ENTRUST D2.1 Project Data Management Plan,2026-01-19,Horizon Europe,HORIZON,101131056,EOSC-ENTRUST,HORIZON-INFRA-2023-EOSC-01,,mid,0.63,2024-03-01,2027-02-28,SIGNED,False,,,,0,0,,True,public,https://zenodo.org/records/18299229,
10.5281/zenodo.18274159,LasApp Data Management Plan,2026-01-16,Other funder,,CZ.02.01.01/00/22_008/0004573,,,,unknown,,,,,False,,,,0,0,,False,public,https://zenodo.org/records/18274159,
10.5281/zenodo.18268652,Research on a Distributed-Ledger-Based Multilateral Payment System - Academic career PhD (doctoral) grant (1138),2026-01-16,Other EU,EC,phd2025,,,,unknown,,,,,False,,,,0,0,,False,public,https://zenodo.org/records/18268652,
10.5281/zenodo.18258424,FLPP MEET DPP,2026-01-15,Other funder,,lzp-2022/1-0379,,,,unknown,,,,,True,False,4,12,0,0,unknown,False,public,https://zenodo.org/records/18258424,https://zenodo.org/api/records/18258424/files/FLPP_MEET_DPP.json/content
10.5281/zenodo.18257145,NOVAFERT Data Management Plan,2026-01-15,Horizon Europe,HORIZON,101060835,NOVAFERT,HORIZON-CL6-2021-ZEROPOLLUTION-01,agricultural sciences,late,1.125,2022-09-01,2025-08-31,SIGNED,False,,,,0,0,,False,public,https://zenodo.org/records/18257145,
10.5281/zenodo.18250399,A urine-based diagnostic for the detection of sepsis biomarkers in infants (U-TEST),2026-01-14,Other funder,,0011,,,,unknown,,,,,True,False,1,5,0,0,unknown,False,public,https://zenodo.org/records/18250399,https://zenodo.org/api/records/18250399/files/A_urinebased_diagnostic_for_the_detection_of_sepsis_biomarkers_in_infants_UTEST.json/content
10.5281/zenodo.18250397,Sweat-based Monitoring and Assessment of Relevant Clinical Biomarkers (SwyCard),2026-01-14,Other funder,,0011,,,,unknown,,,,,True,False,1,3,0,0,unknown,True,public,https://zenodo.org/records/18250397,https://zenodo.org/api/records/18250397/files/Sweatbased_Monitoring_and_Assessment_of_Relevant_Clinical_Biomarkers_SwyCard.json/content
10.5281/zenodo.18249508,AQUASERV DMP : FishEdge,2026-01-14,No funder metadata,,,,,,unknown,,,,,True,False,1,2,0,0,unknown,False,public,https://zenodo.org/records/18249508,https://zenodo.org/api/records/18249508/files/AQUASERV_DMP__FishEdge.json/content
10.5281/zenodo.18246566,D8.4 Data Management Plan and Ethics Report,2026-01-14,Horizon Europe,HORIZON,101182299,SPOON,HORIZON-CL6-2024-FARM2FORK-01,medical and health sciences,early,0.28,2024-12-01,2028-11-30,SIGNED,False,,,,0,0,,True,public,https://zenodo.org/records/18246566,
10.5281/zenodo.18230939,FOSSR Legal Entity Proposal,2026-01-13,No funder metadata,,,,,,unknown,,,,,False,,,,0,0,,False,public,https://zenodo.org/records/18230939,
10.5281/zenodo.18234652,Formal Repository for the Optimized Storage of Taxa (DMP_FROST),2026-01-13,No funder metadata,,,,,,unknown,,,,,False,,,,0,0,,False,public,https://zenodo.org/records/18234652,
10.5281/zenodo.18222803,Synthetic Access of Libiguin A and Its Analogues,2026-01-12,Other funder,,Synthetic access of Libiguin A and its analogues,,,,unknown,,,,,True,False,1,3,0,0,unknown,False,public,https://zenodo.org/records/18222803,https://zenodo.org/api/records/18222803/files/Synthetic_Access_of_Libiguin_A_and_Its_Analogues.json/content
10.5281/zenodo.18200241,ERC FILM AND DEATH Data Management Plan,2026-01-09,Horizon Europe,HORIZON,101088956,FILM AND DEATH,ERC-2022-COG,humanities,mid,0.522,2023-06-01,2028-05-31,SIGNED,False,,,,0,0,,False,public,https://zenodo.org/records/18200241,
10.5281/zenodo.18198783,Optical multimodal method for microcirculation assessment in sublingual and  gastric mucosal level in patients with septic shock,2026-01-09,Other funder,,Nr. OSI_PIP_BioPhoT-2025/1-0076,,,,unknown,,,,,False,,,,0,0,,True,public,https://zenodo.org/records/18198783,
10.5281/zenodo.18186224,"Load-Bearing Bioresorbable Nanocomposites (LBBN), lzp-2025/1-0364",2026-01-08,Other funder,,lzp-2025/1-0364,,,,unknown,,,,,True,False,1,4,0,0,unknown,True,public,https://zenodo.org/records/18186224,https://zenodo.org/api/records/18186224/files/LoadBearing_Bioresorbable_Nanocomposites_LBBN_lzp202510364.json/content
10.5281/zenodo.18185994,Liquid biopsy biomarkers for bladder cancer diagnostics: LiqBio-BC,2026-01-08,Other funder,,OSI_PIP_BioPhoT-2025/1-0038,,,,unknown,,,,,True,False,1,5,0,0,unknown,True,public,https://zenodo.org/records/18185994,https://zenodo.org/api/records/18185994/files/Liquid_biopsy_biomarkers_for_bladder_cancer_diagnostics_LiqBioBC.json/content
10.5281/zenodo.18174488,Plánování práce s daty a Data Management Plan,2026-01-08,Other EU,EC,CZ.02.02.XX/00/23_022/0009069,,,,unknown,,,,,False,,,,0,0,,False,public,https://zenodo.org/records/18174488,
10.5281/zenodo.18171348,FOSSR Financial Sustainability Plan,2026-01-07,No funder metadata,,,,,,unknown,,,,,False,,,,0,0,,False,public,https://zenodo.org/records/18171348,
10.5281/zenodo.18175696,AIforSCHOOLS DM plan,2026-01-07,Other funder,,aiforschools1,,,,unknown,,,,,False,,,,0,0,,True,public,https://zenodo.org/records/18175696,
10.5281/zenodo.18160609,FOSSR Business Plan,2026-01-06,No funder metadata,,,,,,unknown,,,,,False,,,,0,0,,False,public,https://zenodo.org/records/18160609,
10.5281/zenodo.18162490,Zenodo Community User Manual,2026-01-06,Horizon Europe,HORIZON,101060717,FOODCLIC,HORIZON-CL6-2021-COMMUNITIES-01,social sciences,late,0.745,2022-09-01,2027-02-28,SIGNED,False,,,,0,0,,False,public,https://zenodo.org/records/18162490,
10.5281/zenodo.18155665,FOSSR Strategic Plan 2024-26,2026-01-05,No funder metadata,,,,,,unknown,,,,,False,,,,0,0,,False,public,https://zenodo.org/records/18155665,
10.5281/zenodo.18153730,Development of biocatalyst from bacterial enzymes involved in the C-H bond activation,2026-01-05,Other funder,,1.1.1.9/LZP/1/24/001,,,,unknown,,,,,True,False,1,0,0,0,unknown,False,public,https://zenodo.org/records/18153730,https://zenodo.org/api/records/18153730/files/Development_of_biocatalyst_from_bacterial_enzymes_involved_in_the_CH_bond_activation.json/content
10.5281/zenodo.18151253,"Data management plan for ""Advancing MAS NMR as a Tool for Investigation of Mechanochemical Fluorination Reactions"" project.",2026-01-05,Other funder,,1119124062,,,,unknown,,,,,True,False,1,3,0,0,unknown,False,public,https://zenodo.org/records/18151253,https://zenodo.org/api/records/18151253/files/Data_management_plan_for_Advancing_MAS_NMR_as_a_Tool_for_Investigation_of_Mechanochemical_Fluorination_Reactions_project.json/content
10.5281/zenodo.18150481,FLPP2024: Prussian Blue-Modified Fiber Materials: Synthesis and Applications,2026-01-05,Other funder,,lzp-2024/1-0015,,,,unknown,,,,,True,False,1,3,0,0,unknown,False,public,https://zenodo.org/records/18150481,https://zenodo.org/api/records/18150481/files/FLPP2024_Prussian_BlueModified_Fiber_Materials_Synthesis_and_Applications.json/content
10.5281/zenodo.18139792,Il modello Pipeline-as-a-Service applicato alle neuroscienze,2026-01-02,No funder metadata,,,,,,unknown,,,,,False,,,,0,0,,False,public,https://zenodo.org/records/18139792,
10.5281/zenodo.19398127,ROTATES preliminary Data Management Plan,2026-01-02,Horizon Europe,HORIZON,101181532,ROTATES,HORIZON-CL6-2024-BIODIV-02,agricultural sciences,early,0.127,2025-07-01,2029-06-30,SIGNED,False,,,,0,0,,False,public,https://zenodo.org/records/19398127,
10.5281/zenodo.20555741,RLUK Technician Commitment Action Plan 2026-2028,2026-01-01,No funder metadata,,,,,,unknown,,,,,False,,,,0,0,,False,public,https://zenodo.org/records/20555741,
10.5281/zenodo.18121953,Standard output results for snap dycore,2026-01-01,No funder metadata,,,,,,unknown,,,,,False,,,,0,0,,False,public,https://zenodo.org/records/18121953,
10.5281/zenodo.18403552,Supplementary data for: Early results in the search for extreme coronal line emitters with the Dark Energy Spectroscopic Instrument,2026,No funder metadata,,,,,,unknown,,,,,False,,,,0,0,,False,public,https://zenodo.org/records/18403552,
10.5281/zenodo.11161995,DMP Bioenergy Observatory,2026,No funder metadata,,,,,,unknown,,,,,False,,,,0,0,,False,public,https://zenodo.org/records/11161995,
10.5281/zenodo.20592691,D7.2 Data Management Plan,2026,Horizon Europe,HORIZON,101134861,FoSSNet,HORIZON-CL6-2023-GOVERNANCE-01,social sciences,unknown,,2024-02-01,2028-01-31,SIGNED,False,,,,0,0,,True,public,https://zenodo.org/records/20592691,
10.5281/zenodo.19593084,PoDIUM - D1.6 Data Management Plan (Final Version),2026,Horizon Europe,HORIZON,101069547,PoDIUM,HORIZON-CL5-2021-D6-01,natural sciences,unknown,,2022-10-01,2025-12-31,SIGNED,False,,,,0,0,,True,public,https://zenodo.org/records/19593084,
10.5281/zenodo.17361082,TWEET-IE Deliverable 6.4: Data Management Plan - Final assessment,2025-12-31,Horizon Europe,HORIZON,101079125,TWEET-IE,HORIZON-WIDERA-2021-ACCESS-03,engineering and technology,late,1.056,2022-11-01,2025-10-31,SIGNED,False,,,,0,0,,False,public,https://zenodo.org/records/17361082,
10.5281/zenodo.18110139,Impacto da Coinfecção Vírus-Bactéria na Evolução Clínica de Pacientes Hospitalizados com Doenças Respiratórias Agudas,2025-12-31,No funder metadata,,,,,,unknown,,,,,False,,,,0,0,,False,public,https://zenodo.org/records/18110139,
10.5281/zenodo.18324594,D7.3 - Data Management Plan,2025-12-31,Horizon Europe,HORIZON,101096511,INTERSTORE,HORIZON-CL5-2022-D3-01,natural sciences,late,1.0,2023-01-01,2025-12-31,SIGNED,False,,,,0,0,,False,public,https://zenodo.org/records/18324594,
10.5281/zenodo.18097231,"DMP for the LZP FLPP project - ""A Thirty-Year Study of Corporate Ownership Evolution in Latvia"" (lzp-2024/1-0551)",2025-12-30,Other funder,,Fundamental and Applied Research Programme (FLPP),,,,unknown,,,,,True,False,1,5,0,0,unknown,False,public,https://zenodo.org/records/18097231,https://zenodo.org/api/records/18097231/files/DMP_for_the_LZP_FLPP_project__A_ThirtyYear_Study_of_Corporate_Ownership_Evolution_in_Latvia_lzp202410551.json/content
10.5281/zenodo.18096302,"DMP for the LZP FLPP project - ""StAR: Labour Market Response to Shocks: Strategies for Adaptability and Resilience"" (lzp-2024/1-0616)",2025-12-30,Other funder,,Fundamental and Applied Research Programme (FLPP),,,,unknown,,,,,True,False,1,3,0,0,unknown,True,public,https://zenodo.org/records/18096302,https://zenodo.org/api/records/18096302/files/DMP_for_the_LZP_FLPP_project__StAR_Labour_Market_Response_to_Shocks_Strategies_for_Adaptability_and_Resilience_lzp202410616.json/content
10.5281/zenodo.20765873,"Revised Project Data Management Plan, Associated Specification and Supporting Tools for Data Generation and Exchange (WP1)",2025-12-30,Horizon Europe,HORIZON,101082021,MARCO-BOLO,HORIZON-CL6-2022-BIODIV-01,social sciences,late,0.771,2022-12-01,2026-11-30,SIGNED,False,,,,0,0,,False,public,https://zenodo.org/records/20765873,
10.5281/zenodo.18088005,ThrombUS+ Data Management Plan,2025-12-29,Horizon Europe,HORIZON,101137227,ThrombUS,HORIZON-HLTH-2023-TOOL-05,medical and health sciences,mid,0.571,2024-01-01,2027-06-30,SIGNED,True,False,7,37,1,5,yes,True,public,https://zenodo.org/records/18088005,https://zenodo.org/api/records/18088005/files/ThrombUS+_Data_Management_Plan.json/content
10.5281/zenodo.18081985,"DMP for the LZP FLPP project - ""Study of health literacy in Latvia: levels, burden and interventions"" (HeLiL, lzp-2024/1-0543)",2025-12-29,Other funder,,Fundamental and Applied Research Programme (FLPP),,,,unknown,,,,,True,False,1,5,0,0,unknown,True,public,https://zenodo.org/records/18081985,https://zenodo.org/api/records/18081985/files/DMP_for_the_LZP_FLPP_project__Study_of_health_literacy_in_Latvia_levels_burden_and_interventions_HeLiL_lzp202410543.json/content
10.5281/zenodo.18072791,BGE Myxohares DMP,2025-12-28,Horizon Europe,HORIZON,101059492,BGE,HORIZON-CL6-2021-BIODIV-01,natural sciences,late,0.951,2022-09-01,2026-02-28,SIGNED,True,False,1,2,0,0,unknown,True,public,https://zenodo.org/records/18072791,https://zenodo.org/api/records/18072791/files/BGE_Myxohares_DMP.json/content
10.5281/zenodo.18070681,"Scholarly Review Documentation: Dean Elizabeth Kronk Warner's Detailed Comments on ""Sasquatch, Sovereignty, and the Epistemic Violence of Theological Colonialism""",2025-12-27,No funder metadata,,,,,,unknown,,,,,False,,,,0,0,,False,public,https://zenodo.org/records/18070681,
10.5281/zenodo.18071897,D1.4 Data Management Plan – 1st release,2025-12-27,Horizon Europe,HORIZON,101135471,AquaPLAN,HORIZON-CL6-2023-BIODIV-01,natural sciences,mid,0.497,2024-01-01,2027-12-31,SIGNED,False,,,,0,0,,False,public,https://zenodo.org/records/18071897,
10.5281/zenodo.18385831,"Plan de Gestión de Datos (PGD) proyecto ""Validación y aplicabilidad de la asimilación de la ET obtenida por teledetección y los parámetros biofísicos de la vegetación para la gestión del riego a escala de campo"" ET4DROUGHT (PID2021- 127345OR-C33)",2025-12-26,Other funder,,PID2021- 127345OR,,,,unknown,,,,,False,,,,0,0,,False,public,https://zenodo.org/records/18385831,
10.5281/zenodo.18075142,"Plan de Gestión de Datos (PGD) proyecto ""Evaluación del paradigma de gemelos digitales aplicado a la gestión precisa de fertirriego"" DIGISPAC (TED2021-131237B-C32)",2025-12-26,Other funder,,"Proyectos estratégicos orientados a la transición ecológica y a la transición digital, del Plan Estatal de Investigación Científica, Técnica y de Innovación para el período 2021-2023,",,,,unknown,,,,,False,,,,0,0,,False,public,https://zenodo.org/records/18075142,
10.5281/zenodo.18047808,Carta Gantt proyecto feria ITT Magister informática aplicada Universidad de Valparaíso,2025-12-24,No funder metadata,,,,,,unknown,,,,,False,,,,0,0,,False,public,https://zenodo.org/records/18047808,
10.5281/zenodo.18018050,Data Management Plan for the Development of an Entanglement-Based Quantum Network with Quantum Repeaters,2025-12-22,Other funder,,1.1.1.9/LZP/2/25/287,,,,unknown,,,,,True,False,1,3,0,0,unknown,False,public,https://zenodo.org/records/18018050,https://zenodo.org/api/records/18018050/files/Data_Management_Plan_for_the_Development_of_an_EntanglementBased_Quantum_Network_with_Quantum_Repeaters.json/content
10.5281/zenodo.18015979,21GRD07PlasticTrace - DATA MANAGEMENT PLAN,2025-12-22,No funder metadata,,,,,,unknown,,,,,False,,,,0,0,,True,public,https://zenodo.org/records/18015979,
10.5281/zenodo.18015196,LV-UA NEW MEDIA DPP,2025-12-22,Other funder,,The project is conducted through Latvian-Ukrainian Joint Program of Scientific and Technological Cooperation,,,,unknown,,,,,True,False,1,4,0,0,unknown,False,public,https://zenodo.org/records/18015196,https://zenodo.org/api/records/18015196/files/LVUA_NEW_MEDIA_DPP.json/content
10.5281/zenodo.18019532,D6.5 Final Data Management Plan,2025-12-22,Horizon Europe,HORIZON,101094416,PATTERN,HORIZON-WIDERA-2022-ERA-01,,late,0.851,2023-01-01,2026-06-30,SIGNED,False,,,,0,0,,False,public,https://zenodo.org/records/18019532,
10.5281/zenodo.18001058,137 Root: Establishing a Shared Mathematical Anchor for Post-2025 Physics,2025-12-20,No funder metadata,,,,,,unknown,,,,,False,,,,0,0,,False,public,https://zenodo.org/records/18001058,
10.5281/zenodo.17988977,21NRM03 MEWS Metrology for emerging wireless standards Project Data management plan,2025-12-19,No funder metadata,,,,,,unknown,,,,,False,,,,0,0,,False,public,https://zenodo.org/records/17988977,
10.5281/zenodo.17986184,"Multifunctional polyphenol-clay composite for natural UV protection and skin health, POLYCLAY-UV",2025-12-19,Other funder,,Biophotonics and Biomedical Research Platform for the Development of Innovative Products (BioPhoT),,,,unknown,,,,,False,,,,0,0,,True,public,https://zenodo.org/records/17986184,
10.5281/zenodo.17986596,FAIR Data Management Plan v1,2025-12-19,Horizon Europe,HORIZON,101057271,SynAir-G,HORIZON-HLTH-2021-ENVHLTH-02,,late,0.825,2022-09-01,2026-08-31,SIGNED,False,,,,0,0,,False,public,https://zenodo.org/records/17986596,
10.5281/zenodo.17984710,EOSC beyond MS2 Data Management Plan updated,2025-12-19,Horizon Europe,HORIZON,101131875,EOSC Beyond,HORIZON-INFRA-2023-EOSC-01,,mid,0.573,2024-04-01,2027-03-31,SIGNED,False,,,,0,0,,False,public,https://zenodo.org/records/17984710,
10.5281/zenodo.17979188,Science Outreach Implementation Toolkit: RiBBiTR Artists in Residence,2025-12-18,Other funder,,2120084,,,,unknown,,,,,False,,,,0,0,,False,public,https://zenodo.org/records/17979188,
10.5281/zenodo.17979183,Science Outreach Implementation Toolkit: BPRI Educational Docuseries,2025-12-18,Other funder,,2021795,,,,unknown,,,,,False,,,,0,0,,False,public,https://zenodo.org/records/17979183,
10.5281/zenodo.17979178,Science Outreach Implementation Toolkit: BPRI Global Stakeholder Engagement (Virtual Zoom Series),2025-12-18,Other funder,,2021795,,,,unknown,,,,,False,,,,0,0,,False,public,https://zenodo.org/records/17979178,
10.5281/zenodo.17979175,Science Outreach Implementation Toolkit: ASCEND Science Outreach Through Local Museum Partnerships,2025-12-18,Other funder,,2021898,,,,unknown,,,,,False,,,,0,0,,False,public,https://zenodo.org/records/17979175,
10.5281/zenodo.17978370,Stereoselective Synthesis of Piperidine Building Blocks and their Application in the Total Synthesis of Alkaloids,2025-12-18,Other funder,,ANM_OSI_DG_30,,,,unknown,,,,,False,,,,0,0,,False,public,https://zenodo.org/records/17978370,
10.5281/zenodo.17979166,Plasma-PEPSC D7.3 Updated Data Management Plan,2025-12-18,Horizon Europe,HORIZON,101093261,Plasma-PEPSC,HORIZON-EUROHPC-JU-2021-COE-01,natural sciences,late,0.741,2023-01-01,2026-12-31,SIGNED,False,,,,0,0,,False,public,https://zenodo.org/records/17979166,
10.5281/zenodo.17970028,Final Data Management Plan,2025-12-18,Horizon 2020,H2020,101000570,VIRTIGATION,H2020-SFS-2018-2020,agricultural sciences,late,1.011,2021-06-01,2025-11-30,CLOSED,False,,,,0,0,,False,public,https://zenodo.org/records/17970028,
10.5281/zenodo.17966338,I-GUIDE Data Ethics Toolkit (I-DET) v2,2025-12-17,No funder metadata,,,,,,unknown,,,,,False,,,,0,0,,True,public,https://zenodo.org/records/17966338,
10.5281/zenodo.17959061,The Power of DESI for Photometric Redshift Calibration: A Case Study with KiDS-1000,2025-12-17,No funder metadata,,,,,,unknown,,,,,False,,,,0,0,,False,public,https://zenodo.org/records/17959061,
10.5281/zenodo.17965170,Investigation of the Mechanism of Triarylborane-Catalyzed Hydrosilylation,2025-12-17,Other funder,,ANM_OSI_DG_20,,,,unknown,,,,,False,,,,0,0,,False,public,https://zenodo.org/records/17965170,
10.5281/zenodo.17964490,BRIGHTS,2025-12-17,Other funder,,1.1.1.3/1/24/A/006,,,,unknown,,,,,True,False,1,3,0,0,unknown,False,public,https://zenodo.org/records/17964490,https://zenodo.org/api/records/17964490/files/BRIGHTS.json/content
10.5281/zenodo.17961415,Novel peptide nucleic acids for recognition of double-stranded RNA,2025-12-17,Other funder,,33/OSI/DG,,,,unknown,,,,,True,False,1,3,0,0,unknown,False,public,https://zenodo.org/records/17961415,https://zenodo.org/api/records/17961415/files/Novel_peptide_nucleic_acids_for_recognition_of_doublestranded_RNA.json/content
10.5281/zenodo.19697444,D8.2: Data Management Plan,2025-12-17,Horizon Europe,HORIZON,101134874,ACT4CAP27,HORIZON-CL6-2023-GOVERNANCE-01,,mid,0.359,2024-03-01,2029-02-28,SIGNED,False,,,,0,0,,True,public,https://zenodo.org/records/19697444,
10.5281/zenodo.17945717,Clustering redshift distribution calibration of weak lensing surveys using the DESI-DR1 spectroscopic dataset,2025-12-16,No funder metadata,,,,,,unknown,,,,,False,,,,0,0,,False,public,https://zenodo.org/records/17945717,
10.5281/zenodo.17952919,PID 37349- Francesca Maradonna- PRISM-P,2025-12-16,No funder metadata,,,,,,unknown,,,,,True,True,2,0,0,0,unknown,True,public,https://zenodo.org/records/17952919,https://zenodo.org/api/records/17952919/files/_PID_37349_Francesca_Maradonna_PRISMP.json/content
10.5281/zenodo.17950238,D1.5: Data Management Plan (mid-term update),2025-12-16,Horizon Europe,HORIZON,101136904,HarvRESt,HORIZON-CL6-2023-CLIMATE-01,natural sciences,mid,0.653,2024-01-01,2026-12-31,SIGNED,False,,,,0,0,,True,public,https://zenodo.org/records/17950238,
10.5281/zenodo.17949955,D1.2: Data Management Plan,2025-12-16,Horizon Europe,HORIZON,101136904,HarvRESt,HORIZON-CL6-2023-CLIMATE-01,natural sciences,mid,0.653,2024-01-01,2026-12-31,SIGNED,False,,,,0,0,,True,public,https://zenodo.org/records/17949955,
10.5281/zenodo.17937581,DESI-DR1 3x2-pt analysis: consistent cosmology across weak lensing surveys,2025-12-15,No funder metadata,,,,,,unknown,,,,,False,,,,0,0,,False,public,https://zenodo.org/records/17937581,
10.5281/zenodo.17934989,Joint cosmological fits to DESI-DR1 full-shape clustering and weak gravitational lensing in configuration space,2025-12-15,No funder metadata,,,,,,unknown,,,,,False,,,,0,0,,False,public,https://zenodo.org/records/17934989,
10.5281/zenodo.17940142,D2.1 Data Management Plan,2025-12-15,Horizon Europe,HORIZON,101137054,KitNewCare,HORIZON-HLTH-2023-CARE-04,natural sciences,mid,0.489,2024-01-01,2027-12-31,SIGNED,False,,,,0,0,,False,public,https://zenodo.org/records/17940142,
10.5281/zenodo.17937069,Mid-term Data Management Plan - ICEBERG Deliverable D6.4,2025-12-15,Horizon Europe,HORIZON,101135130,ICEBERG,HORIZON-CL6-2023-ZEROPOLLUTION-01,social sciences,mid,0.56,2024-01-01,2027-06-30,SIGNED,False,,,,0,0,,False,public,https://zenodo.org/records/17937069,
10.5281/zenodo.17936634,First Data Management Plan - ICEBERG Deliverable D6.2,2025-12-15,Horizon Europe,HORIZON,101135130,ICEBERG,HORIZON-CL6-2023-ZEROPOLLUTION-01,social sciences,mid,0.56,2024-01-01,2027-06-30,SIGNED,False,,,,0,0,,False,public,https://zenodo.org/records/17936634,
10.5281/zenodo.17923218,QVM as Framework for Experimental Investigation of the Riemann Hypothesis,2025-12-13,No funder metadata,,,,,,unknown,,,,,False,,,,0,0,,False,public,https://zenodo.org/records/17923218,
10.5281/zenodo.17913359,VPP4-DMP: A research project on adults' professional development and the transfer of its results into practice in Latvia,2025-12-12,Other funder,,"The State research programme ""Education"", project No. VPP-IZM-Izglītība-2023/4-0001",,,,unknown,,,,,True,False,2,8,0,0,unknown,True,public,https://zenodo.org/records/17913359,https://zenodo.org/api/records/17913359/files/VPP4DMP_A_research_project_on_adults_professional_development_and_the_transfer_of_its_results_into_practice_in_Latvia.json/content
10.5281/zenodo.17900045,"SUPREMETAL - Sustainable 3D Printing Solutions and Surface Engineering for Magnesium and Titanium Alloys PID2024–158719OB-C33/MICIU/AEI/10.13039/501100011033/FEDER, UE",2025-12-11,Other funder,,PID2024-158719OB-C33,,,,unknown,,,,,True,False,1,0,0,0,unknown,False,public,https://zenodo.org/records/17900045,https://zenodo.org/api/records/17900045/files/SUPREMETAL__Sustainable_3D_Printing_Solutions_and_Surface_Engineering_for_Magnesium_and_Titanium_Alloys_PID2024158719OBC33MICIUAEI1013039501100011033FEDER_UE.json/content
10.5281/zenodo.17899102,Data Management Plan of the 21NRM06 - EMC-STD project,2025-12-11,No funder metadata,,,,,,unknown,,,,,False,,,,0,0,,False,public,https://zenodo.org/records/17899102,
10.5281/zenodo.17899520,OSTrails Workshop Use Case 5 - DMP Evaluation,2025-12-11,Horizon Europe,HORIZON,101130187,OSTrails,HORIZON-INFRA-2023-EOSC-01,natural sciences,mid,0.62,2024-02-01,2027-01-31,SIGNED,False,,,,0,0,,False,public,https://zenodo.org/records/17899520,
10.5281/zenodo.17878213,D1.2 Preliminary Data Management Plan and Ethic handbook,2025-12-10,Horizon Europe,HORIZON,101181943,ANIPH,HORIZON-CL6-2024-CIRCBIO-01,engineering and technology,early,0.235,2025-01-01,2028-12-31,SIGNED,False,,,,0,0,,True,public,https://zenodo.org/records/17878213,
10.5281/zenodo.17867850,Plano de Gestão de dados do Projeto SYREN,2025-12-09,No funder metadata,,,,,,unknown,,,,,False,,,,0,0,,False,public,https://zenodo.org/records/17867850,
10.5281/zenodo.17870226,SPARROW Project Deliverable D1.4: Data Management Plan - 1,2025-12-09,Horizon Europe,HORIZON,101168499,SPARROW,HORIZON-CL3-2023-DRS-01,social sciences,mid,0.424,2024-09-01,2027-08-31,SIGNED,False,,,,0,0,,False,public,https://zenodo.org/records/17870226,
10.5281/zenodo.17857001,Data management plan (23/OSI/DG),2025-12-08,Other funder,,Recombinant seryl-tRNA synthetase production for the creation of selective inhibitors with antibacterial activity,,,,unknown,,,,,False,,,,0,0,,False,public,https://zenodo.org/records/17857001,
10.5281/zenodo.17845467,Madhesh University Research Guidelines,2025-12-07,No funder metadata,,,,,,unknown,,,,,False,,,,0,0,,False,public,https://zenodo.org/records/17845467,
10.5281/zenodo.17822973,The Sproot Global Regeneration System: Output Management Plan (OMP) v1.0,2025-12-05,No funder metadata,,,,,,unknown,,,,,False,,,,0,0,,False,public,https://zenodo.org/records/17822973,
10.5281/zenodo.17829344,D1.2 – Data Management Plan (DMP),2025-12-05,Horizon Europe,HORIZON,101123175,Herit4ages,HORIZON-CL5-2022-D4-02,,mid,0.524,2023-11-01,2027-10-31,SIGNED,False,,,,0,0,,False,public,https://zenodo.org/records/17829344,
10.5281/zenodo.17818836,MLDR: A Machine Learning-driven Radio Interface,2025-12-04,Other funder,,ANR-23-CHR4-0005,MLDR,,,late,1.614,2024-04-24,2025-04-24,,True,True,1,0,0,0,unknown,False,public,https://zenodo.org/records/17818836,https://zenodo.org/api/records/17818836/files/MLDR_A_Machine_Learningdriven_Radio_Interface.json/content
10.5281/zenodo.17814071,"Genomic data for the Latvia-Ukraine collaboration project ""Complete genome sequencing and analysis of bacteriophages isolated in Ukraine as a crucial step towards realizing their therapeutic potential""",2025-12-04,Other funder,,LV_UA /2025/5,,,,unknown,,,,,False,,,,0,0,,False,public,https://zenodo.org/records/17814071,
10.5281/zenodo.17813811,D1.1 Data Management Plan,2025-12-04,Horizon Europe,HORIZON,101181746,4Sir2,HORIZON-CL6-2024-FARM2FORK-01,engineering and technology,early,0.057,2025-09-01,2030-02-28,SIGNED,False,,,,0,0,,False,public,https://zenodo.org/records/17813811,
10.5281/zenodo.17807621,"EvoRoads Project Deliverable 6.2: ""Data Management Plan (v.2)""",2025-12-03,Horizon Europe,HORIZON,101147850,EvoRoads,HORIZON-CL5-2023-D6-01,social sciences,mid,0.531,2024-05-01,2027-04-30,SIGNED,False,,,,0,0,,True,public,https://zenodo.org/records/17807621,
10.5281/zenodo.17807514,"EvoRoads Project Deliverable 6.2: ""Data Management Plan (v.1)""",2025-12-03,Horizon Europe,HORIZON,101147850,EvoRoads,HORIZON-CL5-2023-D6-01,social sciences,mid,0.531,2024-05-01,2027-04-30,SIGNED,False,,,,0,0,,True,public,https://zenodo.org/records/17807514,
10.5281/zenodo.17788185,Exploring enzyme-based biohybrid materials as platforms for diabetes monitoring applications,2025-12-02,Other funder,,PIP_091,,,,unknown,,,,,False,,,,0,0,,True,public,https://zenodo.org/records/17788185,
10.5281/zenodo.17789901,Data Management Plan v2,2025-12-02,Horizon Europe,HORIZON,101059872,LIVESEEDING,HORIZON-CL6-2021-BIODIV-01,social sciences,late,0.793,2022-10-01,2026-09-30,SIGNED,False,,,,0,0,,False,public,https://zenodo.org/records/17789901,
10.5281/zenodo.17789869,D8.5 Data Management Plan,2025-12-02,Horizon Europe,HORIZON,101059872,LIVESEEDING,HORIZON-CL6-2021-BIODIV-01,social sciences,late,0.793,2022-10-01,2026-09-30,SIGNED,False,,,,0,0,,False,public,https://zenodo.org/records/17789869,
10.5281/zenodo.17779555,IANUS - Data Management Plan (final update),2025-12-01,Horizon Europe,HORIZON,101058158,IANUS,HORIZON-WIDERA-2021-ERA-01,social sciences,late,1.168,2022-06-01,2025-05-31,SIGNED,False,,,,0,0,,False,public,https://zenodo.org/records/17779555,
10.5281/zenodo.17777119,Data Management Plan,2025-12-01,Horizon Europe,HORIZON,101212998,QuantERA III,HORIZON-CL4-2024-DIGITAL-EMERGING-02,,early,0.1,2025-06-01,2030-05-31,SIGNED,False,,,,0,0,,False,public,https://zenodo.org/records/17777119,
10.5281/zenodo.18952670,Data management plan (DMP),2025-12,Horizon Europe,HORIZON,101061645,MapIneq,HORIZON-CL2-2021-TRANSFORMATIONS-01,social sciences,unknown,,2022-10-01,2025-12-31,SIGNED,False,,,,0,0,,False,public,https://zenodo.org/records/18952670,
10.5281/zenodo.17714832,DMP: NBA MVP Likelihood Investigator,2025-11-30,No funder metadata,,,,,,unknown,,,,,False,,,,0,0,,False,public,https://zenodo.org/records/17714832,
10.5281/zenodo.17714127,DMP: Home Advantage in European Football League,2025-11-30,No funder metadata,,,,,,unknown,,,,,False,,,,0,0,,False,public,https://zenodo.org/records/17714127,
10.5281/zenodo.17741288,DMP: Climate Pavement Performance Analysis,2025-11-30,No funder metadata,,,,,,unknown,,,,,False,,,,0,0,,False,public,https://zenodo.org/records/17741288,
10.5281/zenodo.17769823,DMP: Drones See Signs,2025-11-30,No funder metadata,,,,,,unknown,,,,,False,,,,0,0,,False,public,https://zenodo.org/records/17769823,
10.5281/zenodo.17768620,DMP: Evaluating the Effectiveness of Symmetry Breaking in SAT Solving,2025-11-30,No funder metadata,,,,,,unknown,,,,,False,,,,0,0,,False,public,https://zenodo.org/records/17768620,
10.5281/zenodo.17650613,DMP: WatermakNN: Evaluating Black-Box Watermarking Robustness in Deep Learning,2025-11-30,No funder metadata,,,,,,unknown,,,,,False,,,,0,0,,False,public,https://zenodo.org/records/17650613,
10.5281/zenodo.17772206,Data Management Plan for the IMDb Ratings vs. Box Office Analysis (1980–2024),2025-11-30,No funder metadata,,,,,,unknown,,,,,False,,,,0,0,,False,public,https://zenodo.org/records/17772206,
10.5281/zenodo.17764891,DMP: Anomalous Sound Detection in toys and machines.pdf,2025-11-29,No funder metadata,,,,,,unknown,,,,,False,,,,0,0,,False,public,https://zenodo.org/records/17764891,
10.5281/zenodo.17761845,Politics,2025-11-29,No funder metadata,,,,,,unknown,,,,,False,,,,0,0,,False,public,https://zenodo.org/records/17761845,
10.5281/zenodo.17710565,DMP: Relationship Between Temperature and Energy Consumption in Europe,2025-11-28,No funder metadata,,,,,,unknown,,,,,False,,,,0,0,,False,public,https://zenodo.org/records/17710565,
10.5281/zenodo.17753970,DMP: Influence of Demographic Characteristics In the Sport of Gymnastics,2025-11-28,No funder metadata,,,,,,unknown,,,,,False,,,,0,0,,True,public,https://zenodo.org/records/17753970,
10.5281/zenodo.18387619,CS-MACH1 - D1.5 Data Management Plan (DMP),2025-11-28,Horizon Europe,HORIZON,101214613,CS-MACH1,HORIZON-MISS-2024-OCEAN-01,natural sciences,early,0.197,2025-06-01,2027-11-30,SIGNED,False,,,,0,0,,False,public,https://zenodo.org/records/18387619,
10.5281/zenodo.18036323,DIAMOND: D6.3 – Open data management plan – Update 2,2025-11-28,Horizon Europe,HORIZON,101081179,DIAMOND,HORIZON-CL5-2022-D1-02,social sciences,late,0.749,2022-12-01,2026-11-30,SIGNED,False,,,,0,0,,True,public,https://zenodo.org/records/18036323,
10.5281/zenodo.17736601,DMP: Analysis of Correlation Between Working Time Duration and Productivity Index in EU and OECD Countries,2025-11-27,No funder metadata,,,,,,unknown,,,,,False,,,,0,0,,False,public,https://zenodo.org/records/17736601,
10.5281/zenodo.21002988,D8.3 Intermediate Data Management Plan,2025-11-27,Horizon Europe,HORIZON,101060211,BIOSYSMO,HORIZON-CL6-2021-ZEROPOLLUTION-01,natural sciences,late,0.81,2022-09-01,2026-08-31,SIGNED,False,,,,0,0,,False,public,https://zenodo.org/records/21002988,
10.5281/zenodo.17736425,D1.3 Data Management Plan - Final version,2025-11-27,Horizon Europe,HORIZON,101082131,InvestCEC,HORIZON-CL6-2022-CIRCBIO-01,social sciences,late,1.025,2022-11-01,2025-10-31,SIGNED,False,,,,0,0,,False,public,https://zenodo.org/records/17736425,
10.5281/zenodo.17723489,Identification of covalent and non-peptidomimetic plasmepsin V inhibitors as potential antimalarial leads,2025-11-26,Other EU,EC,ANM_OSI_PG_67,,,,unknown,,,,,True,False,1,4,0,0,unknown,False,public,https://zenodo.org/records/17723489,https://zenodo.org/api/records/17723489/files/Identification_of_covalent_and_nonpeptidomimetic_plasmepsin_V_inhibitors_as_potential_antimalarial_leads.json/content
10.5281/zenodo.17722853,AQUASERV DMP Blueprint Plan,2025-11-26,No funder metadata,,,,,,unknown,,,,,False,,,,0,0,,False,public,https://zenodo.org/records/17722853,
10.5281/zenodo.17720667,"DMP for ANM grant ""Exploring enzyme-based biohybrid materials as platforms for diabetes monitoring applications""",2025-11-26,Other funder,,ANM_OSI_ZG_74,,,,unknown,,,,,False,,,,0,0,,True,public,https://zenodo.org/records/17720667,
10.70124/k19vc-wa972,DMP: Predictive Modeling of Used Car Prices Based on Market and Technical Attributes,2025-11-26,No funder metadata,,,,,,unknown,,,,,False,,,,0,0,,False,public,https://zenodo.org/records/17726279,
10.5281/zenodo.17741959,"Data Management Plan (DMP) – PATH2EU (MSCA PF 101206931), Version 1.0",2025-11-26,Horizon Europe,HORIZON,101206931,PATH2EU,HORIZON-MSCA-2024-PF-01,,early,0.267,2025-05-15,2027-05-14,SIGNED,False,,,,0,0,,True,public,https://zenodo.org/records/17741959,
10.5281/zenodo.17710395,AQUASERV DMP Blueprint Plan - zenodo test 1,2025-11-25,No funder metadata,,,,,,unknown,,,,,True,False,1,0,0,0,unknown,False,public,https://zenodo.org/records/17710395,https://zenodo.org/api/records/17710395/files/AQUASERV_DMP_Blueprint_Plan__zenodo_test_1.json/content
10.5281/zenodo.17711800,D1.2 Data Management Plan,2025-11-25,Horizon Europe,HORIZON,101135144,Bio4HUMAN,HORIZON-CL6-2023-CIRCBIO-01,social sciences,late,0.762,2024-01-01,2026-06-30,SIGNED,False,,,,0,0,,False,public,https://zenodo.org/records/17711800,
10.5281/zenodo.17703176,"Data Management Plan for Project ""Steady-State Off-Design Performance of a Double Spool Turbofan Engine Using SIMULINK""",2025-11-24,No funder metadata,,,,,,unknown,,,,,False,,,,0,0,,False,public,https://zenodo.org/records/17703176,
10.5281/zenodo.17698380,Baltic German and Baltic German Literature. Language History and Autobiographical Writing from Transnational and Regional Perspective,2025-11-24,Other funder,,lzp-2025/1-0170,,,,unknown,,,,,True,False,2,6,0,0,unknown,False,public,https://zenodo.org/records/17698380,https://zenodo.org/api/records/17698380/files/Baltic_German_and_Baltic_German_Literature_Language_History_and_Autobiographical_Writing_from_Transnational_and_Regional_Perspective.json/content
10.5281/zenodo.17695584,Automating Accounts Payable in Dynamics 365,2025-11-24,No funder metadata,,,,,,unknown,,,,,False,,,,0,0,,False,public,https://zenodo.org/records/17695584,
10.5281/zenodo.17672942,DMP: Do pandemics have a benefit on the environment? Analyzing the Relation between Covid-19 mobility Restrictions and CO2 emmisions,2025-11-21,No funder metadata,,,,,,unknown,,,,,False,,,,0,0,,False,public,https://zenodo.org/records/17672942,
10.5281/zenodo.17668481,THE DESI DR1 PECULIAR VELOCITY SURVEY: GROWTH RATE MEASUREMENTS FROM GALAXY AND MOMENTUM CORRELATION FUNCTIONS,2025-11-21,No funder metadata,,,,,,unknown,,,,,False,,,,0,0,,False,public,https://zenodo.org/records/17668481,
10.5281/zenodo.17662302,Development and Structural Evaluation of Cement-less UHPC for Sustainable Concrete Applications New,2025-11-20,Other EU,EC,EC_PostDoc,,,,unknown,,,,,True,False,1,5,0,0,unknown,False,public,https://zenodo.org/records/17662302,https://zenodo.org/api/records/17662302/files/Development_and_Structural_Evaluation_of_Cementless_UHPC_for_Sustainable_Concrete_Applications_New.json/content
10.5281/zenodo.17662009,Development and Structural Evaluation of Cement-less UHPC for Sustainable Concrete Applications,2025-11-20,Other funder,,1119,,,,unknown,,,,,True,False,1,5,0,0,unknown,False,public,https://zenodo.org/records/17662009,https://zenodo.org/api/records/17662009/files/Development_and_Structural_Evaluation_of_Cementless_UHPC_for_Sustainable_Concrete_Applications.json/content
10.5281/zenodo.17659790,PID 12345 : John Smith : CCMAR 3,2025-11-20,No funder metadata,,,,,,unknown,,,,,True,True,1,0,0,0,unknown,False,public,https://zenodo.org/records/17659790,https://zenodo.org/api/records/17659790/files/PID_12345__John_Smith__CCMAR_3.json/content
10.5281/zenodo.17659721,AQUASERV DMP Blueprint Plan,2025-11-20,No funder metadata,,,,,,unknown,,,,,True,False,1,0,0,0,unknown,False,public,https://zenodo.org/records/17659721,https://zenodo.org/api/records/17659721/files/AQUASERV_DMP_Blueprint_Plan.json/content
10.5281/zenodo.17665731,UNTWIST project: Updated /confirmed data management plan,2025-11-20,Horizon 2020,H2020,862524,UNTWIST,H2020-SFS-2018-2020,social sciences,late,0.95,2020-09-01,2026-02-28,SIGNED,False,,,,0,0,,False,public,https://zenodo.org/records/17665731,
10.5281/zenodo.17665715,UNTWIST project: Data Management Plan,2025-11-20,Horizon 2020,H2020,862524,UNTWIST,H2020-SFS-2018-2020,social sciences,late,0.95,2020-09-01,2026-02-28,SIGNED,False,,,,0,0,,False,public,https://zenodo.org/records/17665715,
10.5281/zenodo.17665651,PHAntastic project: Preliminary Data Management Plan,2025-11-20,Horizon Europe,HORIZON,101130073,PHAntastic,HORIZON-CL4-2023-RESILIENCE-01-TWO-STAGE,natural sciences,early,0.305,2024-09-01,2028-08-31,SIGNED,False,,,,0,0,,False,public,https://zenodo.org/records/17665651,
10.5281/zenodo.17665494,MIBIREM project: Data management plan version 1,2025-11-20,Horizon Europe,HORIZON,101059260,MIBIREM,HORIZON-CL6-2021-CIRCBIO-01,natural sciences,mid,0.698,2022-10-01,2027-03-31,SIGNED,False,,,,0,0,,False,public,https://zenodo.org/records/17665494,
10.5281/zenodo.17663522,D1.3 Data Management Plan HURRICANE,2025-11-20,Horizon Europe,HORIZON,101168017,HURRICANE,HORIZON-CL3-2023-DRS-01,engineering and technology,early,0.221,2025-01-01,2028-12-31,SIGNED,False,,,,0,0,,True,public,https://zenodo.org/records/17663522,
10.5281/zenodo.17648016,Plan de Gestión de Datos - Proyecto DUALES (PID2022-137602OB-I00),2025-11-19,Other funder,,"MCIN/AEI/10.13039/501100011033/FEDER, UE",,,,unknown,,,,,False,,,,0,0,,False,public,https://zenodo.org/records/17648016,
10.5281/zenodo.17648090,Galaxy-Multiplet Clustering from DESI DR2,2025-11-19,No funder metadata,,,,,,unknown,,,,,False,,,,0,0,,False,public,https://zenodo.org/records/17648090,
10.5281/zenodo.17646410,GHOST ATLAS CANON - PREFACE (Canon Edition),2025-11-19,No funder metadata,,,,,,unknown,,,,,False,,,,0,0,,False,public,https://zenodo.org/records/17646410,
10.5281/zenodo.17639514,DISPOSITIVOS MINIATURIZADOS Y FLUÍDICOS AVANZADOS PARA ANÁLISIS DE EXPOSÓMICA DE ALTO RENDIMIENTO ENFOCADA A CONTAMINANTES DE PREOCUPACIÓN EMERGENTE,2025-11-18,No funder metadata,,,,,,unknown,,,,,False,,,,0,0,,False,public,https://zenodo.org/records/17639514,
10.5281/zenodo.17633014,Fishing Architecture. ERC Open Research Data Management Plan,2025-11-17,Horizon Europe,HORIZON,101044244,FISH-A,ERC-2021-COG,social sciences,mid,0.643,2022-09-01,2027-08-31,SIGNED,False,,,,0,0,,False,public,https://zenodo.org/records/17633014,
10.5281/zenodo.17626100,THE PS LETTERS: A Letter To Congressman Dwight Evans: Policy Update,2025-11-17,No funder metadata,,,,,,unknown,,,,,False,,,,0,0,,False,public,https://zenodo.org/records/17626100,
10.5281/zenodo.18940014,Data Management Plan,2025-11-17,Horizon Europe,HORIZON,101136131,SHIFT2DC,HORIZON-CL5-2023-D3-01,engineering and technology,mid,0.561,2023-12-01,2027-05-31,SIGNED,False,,,,0,0,,False,public,https://zenodo.org/records/18940014,
10.5281/zenodo.17607968,DEFINITE-CCRI Data Menagement Plan,2025-11-14,No funder metadata,,,,,,unknown,,,,,False,,,,0,0,,True,public,https://zenodo.org/records/17607968,
10.5281/zenodo.17607918,"DEFINITE-CCRI Dissemination, Communication and Exploitation Plan",2025-11-14,No funder metadata,,,,,,unknown,,,,,False,,,,0,0,,False,public,https://zenodo.org/records/17607918,
10.5281/zenodo.17606923,Data management plan for ANM project Doctoral grant ANM_OSI_DG_31,2025-11-14,Other funder,,ANM project-Doctoral grant,,,,unknown,,,,,False,,,,0,0,,False,public,https://zenodo.org/records/17606923,
10.5281/zenodo.17606714,DEFINITE-CCRI Gender Equality and Inclusivity Plan,2025-11-14,No funder metadata,,,,,,unknown,,,,,False,,,,0,0,,False,public,https://zenodo.org/records/17606714,
10.5281/zenodo.17595052,La Sociedad Española de Astronomía y las Agrupaciones de Astrónomos Aficionados,2025-11-13,No funder metadata,,,,,,unknown,,,,,False,,,,0,0,,False,public,https://zenodo.org/records/17595052,
10.5281/zenodo.17592517,Structural insights in selective inhibitors of Aminoacyl-tRNA synthetases,2025-11-12,Other funder,,ANM_OSI_DG_36,,,,unknown,,,,,False,,,,0,0,,False,public,https://zenodo.org/records/17592517,
10.5281/zenodo.17586893,Navigating Misinformation: The Toll of Fake News on People and Communities in Crises,2025-11-11,No funder metadata,,,,,,unknown,,,,,False,,,,0,0,,False,public,https://zenodo.org/records/17586893,
10.5281/zenodo.17579531,D1.1 - Data Management Plan,2025-11-11,Horizon Europe,HORIZON,101132585,GAME-ER,HORIZON-CL2-2023-HERITAGE-01,,mid,0.567,2024-03-01,2027-02-28,SIGNED,False,,,,0,0,,True,public,https://zenodo.org/records/17579531,
10.5281/zenodo.17570457,"Eco-evolutionary genomics of adaptation to climate change across contrasting terrestrial, marine and subterranean systems",2025-11-10,Other funder,,ERC-Portugal,,,,unknown,,,,,True,False,1,2,0,0,unknown,False,public,https://zenodo.org/records/17570457,https://zenodo.org/api/records/17570457/files/Ecoevolutionary_genomics_of_adaptation_to_climate_change_across_contrasting_terrestrial_marine_and_subterranean_systems.json/content
10.5281/zenodo.17566439,Riemann Zero Spacings  - Spectral Periodicity in Prime Gaps and Riemann Zero Spacings,2025-11-10,No funder metadata,,,,,,unknown,,,,,False,,,,0,0,,False,public,https://zenodo.org/records/17566439,
10.5281/zenodo.17578116,PathOS - D3.5 Data Management Plan (update),2025-11-10,Horizon Europe,HORIZON,101058728,PathOS,HORIZON-WIDERA-2021-ERA-01,natural sciences,late,1.065,2022-09-01,2025-08-31,SIGNED,False,,,,0,0,,False,public,https://zenodo.org/records/17578116,
10.5281/zenodo.17556903,Multipoint Blind Equalization Techniques for Space-Divided Wireless Communication Systems,2025-11-08,Other funder,,1.1.1.9/LZP/1/24/098,,,,unknown,,,,,False,,,,0,0,,False,public,https://zenodo.org/records/17556903,
10.5281/zenodo.17552502,Cobalt-Catalyzed C-H Bond Functionalization,2025-11-07,Other funder,,113,,,,unknown,,,,,False,,,,0,0,,False,public,https://zenodo.org/records/17552502,
10.5281/zenodo.17464753,WP1 D1.1 NIVA: Data Management Plan for CONTRAST,2025-11-07,Horizon Europe,HORIZON,101135037,CONTRAST,HORIZON-CL6-2023-ZEROPOLLUTION-01,natural sciences,mid,0.463,2024-01-01,2027-12-31,SIGNED,False,,,,0,0,,False,public,https://zenodo.org/records/17464753,
10.5281/zenodo.17549971,Multidisciplinary analysis of pasture-based dairy sheep livestock systems: adaptation to changing scenarios (ExtenSheep),2025-11-07,Other funder,,Programa Estatal de I+D+i Orientada a los Retos de la Sociedad. Plan Estatal de Investigación Científica y Técnica y de Innovación 2017-2020. Convocatoria 2020.,,,,unknown,,,,,True,False,5,0,0,0,unknown,False,public,https://zenodo.org/records/17549971,https://zenodo.org/api/records/17549971/files/Multidisciplinary_analysis_of_pasturebased_dairy_sheep_livestock_systems_adaptation_to_changing_scenarios_ExtenSheep.json/content
10.5281/zenodo.17552108,D1.2 - LuxHyVal Data Management Plan,2025-11-07,Horizon Europe,HORIZON,101111984,LuxHyVal,HORIZON-JTI-CLEANH2-2022-2,social sciences,mid,0.384,2023-11-01,2029-01-31,SIGNED,False,,,,0,0,,True,public,https://zenodo.org/records/17552108,
10.5281/zenodo.17540429,Development of fluorogenic assay kit for cardiolipin ligand screening (MitoCLue),2025-11-06,Other funder,,PIP_1-0059,,,,unknown,,,,,False,,,,0,0,,False,public,https://zenodo.org/records/17540429,
10.5281/zenodo.18149895,Methods apprendix on Field-Based Policy Audit of Informal Economies and Temporary Governance at Medaram Jatara,2025-11-05,No funder metadata,,,,,,unknown,,,,,False,,,,0,0,,False,public,https://zenodo.org/records/18149895,
10.5281/zenodo.17528965,Dry Air improves GC-EAD sensitivity for detecting semiochemicals in Carpophilus davidsoni,2025-11-05,No funder metadata,,,,,,unknown,,,,,False,,,,0,0,,False,public,https://zenodo.org/records/17528965,
10.5281/zenodo.17243617,Final data management plan. Report No D6.3 of the Horizon Europe Project 101082212 – PLANET4B,2025-11-05,Horizon Europe,HORIZON,101082212,PLANET4B,HORIZON-CL6-2022-BIODIV-01,,late,1.005,2022-11-01,2025-10-31,CLOSED,False,,,,0,0,,False,public,https://zenodo.org/records/17243617,
10.5281/zenodo.17526833,Latvian Council of Science Blueprint Plan,2025-11-04,Other funder,,PIP_027,,,,unknown,,,,,False,,,,0,0,,False,public,https://zenodo.org/records/17526833,
10.5281/zenodo.17518332,"IPBES Monitoring assessment, Chapter 3. DMR 1. Ecosystems & Remote Sensing",2025-11-04,No funder metadata,,,,,,unknown,,,,,False,,,,0,0,,False,public,https://zenodo.org/records/17518332,
10.5281/zenodo.17518350,"IPBES Monitoring assessment, Chapter 3. DMR 2. Species data",2025-11-04,No funder metadata,,,,,,unknown,,,,,False,,,,0,0,,False,public,https://zenodo.org/records/17518350,
10.5281/zenodo.17518369,"IPBES Monitoring assessment, Chapter 3. DMR 3. Societal engagement, inclusion and resource mobilisation [Referring to Section 3.4]",2025-11-04,No funder metadata,,,,,,unknown,,,,,False,,,,0,0,,False,public,https://zenodo.org/records/17518369,
10.5281/zenodo.17518373,"IPBES Monitoring assessment, Chapter 3. DMR 4. CBMIS inventory (database)",2025-11-04,No funder metadata,,,,,,unknown,,,,,False,,,,0,0,,False,public,https://zenodo.org/records/17518373,
10.5281/zenodo.17518392,"IPBES Monitoring assessment, Chapter 3. DMR 5. Governance & Infrastructures. [Referring to Section 3.6]",2025-11-04,No funder metadata,,,,,,unknown,,,,,False,,,,0,0,,False,public,https://zenodo.org/records/17518392,
10.5281/zenodo.17518400,"IPBES Monitoring assessment, Chapter 3. DMR 6. Drivers",2025-11-04,No funder metadata,,,,,,unknown,,,,,False,,,,0,0,,False,public,https://zenodo.org/records/17518400,
10.5281/zenodo.17518423,"IPBES Monitoring assessment, Chapter 3. DMR 7. Nature's Contributions to People (NCP) [Referring to Section 3.2.3]",2025-11-04,No funder metadata,,,,,,unknown,,,,,False,,,,0,0,,False,public,https://zenodo.org/records/17518423,
10.5281/zenodo.17518809,"IPBES Monitoring assessment, Chapter 2.  DMR 1. Placeholder for Typology",2025-11-04,No funder metadata,,,,,,unknown,,,,,False,,,,0,0,,False,public,https://zenodo.org/records/17518809,
10.5281/zenodo.17518837,"IPBES Monitoring assessment, Chapter 2.  DMR 2. Establishment of the RUSTIC Principles",2025-11-04,No funder metadata,,,,,,unknown,,,,,False,,,,0,0,,False,public,https://zenodo.org/records/17518837,
10.5281/zenodo.17518847,"IPBES Monitoring assessment, Chapter 2.  DMR 3. Review of Data Needs for MEAs",2025-11-04,No funder metadata,,,,,,unknown,,,,,False,,,,0,0,,False,public,https://zenodo.org/records/17518847,
10.5281/zenodo.17518850,"IPBES Monitoring assessment, Chapter 2.  DMR 2.5. Review of Monitoring and Data Needs at Local, National and International Scales",2025-11-04,No funder metadata,,,,,,unknown,,,,,False,,,,0,0,,False,public,https://zenodo.org/records/17518850,
10.5281/zenodo.17520534,NEXTCELL WP1 T1.5 D1.1 DATA MANAGEMENT PLAN,2025-11-04,Horizon Europe,HORIZON,101069910,NEXTCELL,HORIZON-CL5-2021-D2-01,natural sciences,late,0.711,2023-01-01,2026-12-31,SIGNED,False,,,,0,0,,False,public,https://zenodo.org/records/17520534,
10.5281/zenodo.17515479,"IPBES Monitoring assessment, Chapter 1. DMR 2. Benefits of monitoring",2025-11-03,No funder metadata,,,,,,unknown,,,,,False,,,,0,0,,False,public,https://zenodo.org/records/17515479,
10.5281/zenodo.17515559,"IPBES Monitoring assessment, Chapter 1. DMR 1.3 The global monitoring foundation [Referring to Section 1.4]",2025-11-03,No funder metadata,,,,,,unknown,,,,,False,,,,0,0,,False,public,https://zenodo.org/records/17515559,
10.5281/zenodo.17515653,IPBES Monitoring Assessment. Chapter 1. DMR 4 Illustrative Case Studies on Diverse Monitoring Systems,2025-11-03,No funder metadata,,,,,,unknown,,,,,False,,,,0,0,,False,public,https://zenodo.org/records/17515653,
10.5281/zenodo.17515807,IPBES Monitoring Assessment. Chapter 1. DMR 5 Monitoring across the IPBES Conceptual Framework [Referring to Section 1.7],2025-11-03,No funder metadata,,,,,,unknown,,,,,False,,,,0,0,,False,public,https://zenodo.org/records/17515807,
10.5281/zenodo.17515843,IPBES Monitoring Assessment. Chapter 1. DMR 6. Mapping of the components of the IPBES Conceptual Framework to the 23 targets of the Kunming-Montreal Global Biodiversity Framework.,2025-11-03,No funder metadata,,,,,,unknown,,,,,False,,,,0,0,,False,public,https://zenodo.org/records/17515843,
10.5281/zenodo.17517677,"IPBES Monitoring assessment, Chapter 4. DMR 1. Selection of variables for biodiversity and NCP monitoring [Referring to Section 4.2.3]",2025-11-03,No funder metadata,,,,,,unknown,,,,,False,,,,0,0,,False,public,https://zenodo.org/records/17517677,
10.5281/zenodo.17517701,"IPBES Monitoring assessment, Chapter 4. DMR 2. Gaps in Observation and Monitoring Systems [Referring to Section 4.3.1]",2025-11-03,No funder metadata,,,,,,unknown,,,,,False,,,,0,0,,False,public,https://zenodo.org/records/17517701,
10.5281/zenodo.17517728,"IPBES Monitoring assessment, Chapter 4. DMR 3. Improving national and global capacity for analysis of trends, predictive modelling and generating information products [Referring to Section 4.3.5]",2025-11-03,No funder metadata,,,,,,unknown,,,,,False,,,,0,0,,False,public,https://zenodo.org/records/17517728,
10.5281/zenodo.17517761,"IPBES Monitoring assessment, Chapter 4. DMR 4.  Benefits of monitoring [Referring to Section 4.4.2]",2025-11-03,No funder metadata,,,,,,unknown,,,,,False,,,,0,0,,False,public,https://zenodo.org/records/17517761,
10.5281/zenodo.17517790,"IPBES Monitoring assessment, Chapter 4. DMR 5. Strategies to finance biodiversity monitoring [Referring to Section 4.5.2]",2025-11-03,No funder metadata,,,,,,unknown,,,,,False,,,,0,0,,False,public,https://zenodo.org/records/17517790,
10.5281/zenodo.17512118,AiChemist Data Management Plan Version 1,2025-11-03,Horizon Europe,HORIZON,101120466,AiChemist,HORIZON-MSCA-2022-DN-01,natural sciences,mid,0.544,2023-09-01,2027-08-31,SIGNED,False,,,,0,0,,False,public,https://zenodo.org/records/17512118,
10.5281/zenodo.17501246,Deliverable: 7.5 Title: First update Data Management Plan,2025-11-01,Horizon Europe,HORIZON,101159293,HortiFoodTrends,HORIZON-WIDERA-2023-ACCESS-02,agricultural sciences,mid,0.473,2024-06-01,2027-05-31,SIGNED,False,,,,0,0,,False,public,https://zenodo.org/records/17501246,
10.1093/mnras/stag1418,Supplementary data for: Stacked Reverberation Mapping of High Redshift Quasars in DESI. I. Feasibility Analysis,2025-11,No funder metadata,,,,,,unknown,,,,,False,,,,0,0,,False,public,https://zenodo.org/records/17566015,
10.5281/zenodo.17492114,PID:00000-Andrzej Tkacz-TEST,2025-10-31,No funder metadata,,,,,,unknown,,,,,True,False,2,0,0,0,unknown,False,public,https://zenodo.org/records/17492114,https://zenodo.org/api/records/17492114/files/PID00000Andrzej_TkaczTEST.json/content
10.5281/zenodo.20506381,RE-IMAGINE-CROPS Deliverable D1.4 Data Management Plan,2025-10-31,Horizon Europe,HORIZON,101187260,RE-IMAGINE-CROPS,HORIZON-EIC-2024-PATHFINDEROPEN-01,agricultural sciences,early,0.167,2025-05-01,2028-04-30,SIGNED,False,,,,0,0,,False,public,https://zenodo.org/records/20506381,
10.5281/zenodo.17490152,OCCAM DMP dataset descriptions v01,2025-10-31,Horizon Europe,HORIZON,101182044,OCCAM,HORIZON-CL6-2024-FARM2FORK-02,natural sciences,early,0.125,2025-05-01,2029-04-30,SIGNED,False,,,,0,0,,False,public,https://zenodo.org/records/17490152,
10.5281/zenodo.20832661,AGROECOLOGY Partnership 2nd Data Management Plan (D5.2),2025-10-31,Horizon Europe,HORIZON,101132349,AGROECOLOGY,HORIZON-CL6-2023-FARM2FORK-01,natural sciences,early,0.262,2024-01-01,2030-12-31,SIGNED,False,,,,0,0,,True,public,https://zenodo.org/records/20832661,
10.5281/zenodo.17484633,ΜΕΤΑ_ΤΟΟ Dmp,2025-10-30,Horizon Europe,HORIZON,101160266,META-TOO,HORIZON-WIDERA-2023-ACCESS-02,,mid,0.472,2024-06-01,2027-05-31,SIGNED,True,False,4,14,0,0,no,True,public,https://zenodo.org/records/17484633,https://zenodo.org/api/records/17484633/files/__Dmp.json/content
10.5281/zenodo.17788053,TRANSIENCE: D7.1 – Updated open data management plan,2025-10-30,Horizon Europe,HORIZON,101137606,TRANSIENCE,HORIZON-CL4-2023-TWIN-TRANSITION-01,natural sciences,mid,0.458,2024-01-01,2027-12-31,SIGNED,False,,,,0,0,,True,public,https://zenodo.org/records/17788053,
10.5281/zenodo.17485722,D5.2 Data Management Plan,2025-10-30,Horizon Europe,HORIZON,101057253,POIESIS,HORIZON-WIDERA-2021-ERA-01,natural sciences,late,1.055,2022-09-01,2025-08-31,SIGNED,False,,,,0,0,,False,public,https://zenodo.org/records/17485722,
10.5281/zenodo.17479227,Numerical data of strong-gravity solutions with fundamental fields and its signatures,2025-10-29,Other funder,,2024.05617.CERN,UlightGrWavIm,,,unknown,,,,,True,False,1,4,0,0,unknown,False,public,https://zenodo.org/records/17479227,https://zenodo.org/api/records/17479227/files/Numerical_data_of_stronggravity_solutions_with_fundamental_fields_and_its_signatures.json/content
10.5281/zenodo.17476137,Plan de gestion des données de l'observatoire des cultures écrites Biblissima+,2025-10-29,Other funder,,ANR-21-ESRE-0005,Biblissima+,,,unknown,,,,,False,,,,0,0,,False,public,https://zenodo.org/records/17476137,
10.5281/zenodo.17465339,SMASH-HCM D2.1 Data Management Plan,2025-10-28,Horizon Europe,HORIZON,101137115,SMASH-HCM,HORIZON-HLTH-2023-TOOL-05,,mid,0.456,2024-01-01,2027-12-31,SIGNED,False,,,,0,0,,True,public,https://zenodo.org/records/17465339,
10.5281/zenodo.17458416,Data Management Plan - CAARE: Characterization and Recovery of Bionanoparticles for Vaccine Delivery and Gene Therapy,2025-10-27,Horizon Europe,HORIZON,101168862,CAARE,HORIZON-MSCA-2023-DN-01,natural sciences,early,0.268,2024-10-01,2028-09-30,SIGNED,False,,,,0,0,,True,public,https://zenodo.org/records/17458416,
10.5281/zenodo.17450480,Deliverable: 7.2 Title: Data Management Plan,2025-10-26,Horizon Europe,HORIZON,101159293,HortiFoodTrends,HORIZON-WIDERA-2023-ACCESS-02,agricultural sciences,mid,0.468,2024-06-01,2027-05-31,SIGNED,False,,,,0,0,,False,public,https://zenodo.org/records/17450480,
10.5281/zenodo.17431174,Zemas kvalitātes biomasas kurināmo granulu potenciāla novērtējums siltumenerģijas ražošanai Latvijā,2025-10-24,Other EU,EC,77777,,,,unknown,,,,,False,,,,0,0,,False,public,https://zenodo.org/records/17431174,
10.5281/zenodo.17456115,Data Management Plan,2025-10-24,Horizon Europe,HORIZON,101057388,EuroScienceGateway,HORIZON-INFRA-2021-EOSC-01,natural sciences,late,1.049,2022-09-01,2025-08-31,CLOSED,False,,,,0,0,,False,public,https://zenodo.org/records/17456115,
10.5281/zenodo.17433187,NEXTCELL WP1 T1.5 D.1.2 DATA MANAGEMENT PLAN DMP UPDATE,2025-10-24,Horizon Europe,HORIZON,101069910,NEXTCELL,HORIZON-CL5-2021-D2-01,natural sciences,late,0.703,2023-01-01,2026-12-31,SIGNED,False,,,,0,0,,False,public,https://zenodo.org/records/17433187,
10.5281/zenodo.17236743,Clustering of DESI galaxies split by thermal Sunyaev-Zeldovich effect,2025-10-22,No funder metadata,,,,,,unknown,,,,,False,,,,0,0,,False,public,https://zenodo.org/records/17236743,
10.5281/zenodo.17398461,PID:36219-Maria Rakka-Coral-larvae-ULPGC,2025-10-20,No funder metadata,,,,,,unknown,,,,,True,False,2,2,0,0,unknown,False,public,https://zenodo.org/records/17398461,https://zenodo.org/api/records/17398461/files/PID36219Maria_RakkaCorallarvaeULPGC.json/content
10.5281/zenodo.17396704,FORWARD Project - Data Management Plan,2025-10-20,Horizon Europe,HORIZON,101067043,FORWARD,HORIZON-MSCA-2021-PF-01,,late,1.068,2023-09-01,2025-08-31,SIGNED,False,,,,0,0,,False,public,https://zenodo.org/records/17396704,
10.5281/zenodo.17390503,D1.2 Data Management Plan,2025-10-19,Horizon Europe,HORIZON,101082131,InvestCEC,HORIZON-CL6-2022-CIRCBIO-01,social sciences,late,0.989,2022-11-01,2025-10-31,SIGNED,False,,,,0,0,,False,public,https://zenodo.org/records/17390503,
10.5281/zenodo.17387576,Direct Measurement of Galaxy Assembly Bias using DESI DR1 Data,2025-10-18,No funder metadata,,,,,,unknown,,,,,False,,,,0,0,,False,public,https://zenodo.org/records/17387576,
10.5281/zenodo.17376146,BIAS Revised Data Management Plan,2025-10-17,Horizon Europe,HORIZON,101070468,BIAS,HORIZON-CL4-2021-HUMAN-01,natural sciences,late,0.74,2022-11-01,2026-10-31,SIGNED,False,,,,0,0,,False,public,https://zenodo.org/records/17376146,
10.5281/zenodo.17376039,BIAS Data Management Plan version 1,2025-10-17,Horizon Europe,HORIZON,101070468,BIAS,HORIZON-CL4-2021-HUMAN-01,natural sciences,late,0.74,2022-11-01,2026-10-31,SIGNED,False,,,,0,0,,False,public,https://zenodo.org/records/17376039,
10.5281/zenodo.17368669,"IPBES Monitoring assessment, Chapter 1.  DMR 1. History of monitoring",2025-10-16,No funder metadata,,,,,,unknown,,,,,False,,,,0,0,,False,public,https://zenodo.org/records/17368669,
10.5281/zenodo.17367245,VALIDATE D3.1 Research data management plan (DMP),2025-10-16,Horizon Europe,HORIZON,101057263,VALIDATE,HORIZON-HLTH-2021-DISEASE-04,natural sciences,late,0.866,2022-05-01,2026-04-30,SIGNED,False,,,,0,0,,False,public,https://zenodo.org/records/17367245,
10.5281/zenodo.17362628,DMP for the CEELOMLOE project (PID2023-150590OB-I00),2025-10-15,Other funder,,PID2023-150590OB-I00,,,,unknown,,,,,True,True,7,0,0,0,unknown,False,public,https://zenodo.org/records/17362628,https://zenodo.org/api/records/17362628/files/DMP_for_the_CEELOMLOE_project_PID2023150590OBI00.json/content
10.5281/zenodo.20467739,Deliverable D6.1 - Data Management Plan,2025-10-15,Horizon Europe,HORIZON,101131346,GreenCosmIn,HORIZON-MSCA-2022-SE-01,natural sciences,mid,0.406,2024-03-01,2028-02-29,SIGNED,False,,,,0,0,,True,public,https://zenodo.org/records/20467739,
10.5281/zenodo.17360548,FAIR-EASE - D1.6 : Final Project and Data Management Plan,2025-10-15,Horizon Europe,HORIZON,101058785,FAIR-EASE,HORIZON-INFRA-2021-EOSC-01,natural sciences,late,1.041,2022-09-01,2025-08-31,SIGNED,False,,,,0,0,,False,public,https://zenodo.org/records/17360548,
10.5281/zenodo.17360184,D6.1 Midterm update of the Data Management Plan,2025-10-15,Horizon Europe,HORIZON,101081847,trans4num,HORIZON-CL6-2022-ZEROPOLLUTION-01,agricultural sciences,late,0.718,2022-12-01,2026-11-30,SIGNED,False,,,,0,0,,True,public,https://zenodo.org/records/17360184,
10.5281/zenodo.17346374,Data and Collaboration Policy - Australian Venom Innovation and Discovery Initiative,2025-10-14,No funder metadata,,,,,,unknown,,,,,False,,,,0,0,,False,public,https://zenodo.org/records/17346374,
10.5281/zenodo.17348712,GRAPHERGIA D1.2 Data Management Plan,2025-10-14,Horizon Europe,HORIZON,101120832,GRAPHERGIA,HORIZON-CL4-2022-DIGITAL-EMERGING-02,engineering and technology,mid,0.583,2023-10-01,2027-03-31,SIGNED,False,,,,0,0,,False,public,https://zenodo.org/records/17348712,
10.53962/r7qx-eb9r,Example Data Management Plan: Measurement of Morphological Richness in Tagalog Agrammatic Speech,2025-10-13,No funder metadata,,,,,,unknown,,,,,False,,,,0,0,,False,public,https://zenodo.org/records/17375609,
10.5281/zenodo.17338182,Data management plan for Latvian Council of Science project lzp-2024/1-0382,2025-10-13,Other funder,,FARP_lzp-2024/1-0382,,,,unknown,,,,,False,,,,0,0,,False,public,https://zenodo.org/records/17338182,
10.5281/zenodo.17337727,Developing an artificial neural network model to analyze emission spectra of high-frequency  electrodeless lamps,2025-10-13,Other funder,,No1.1.1.9/LZP/1/24/023,,,,unknown,,,,,True,False,2,8,0,0,unknown,False,public,https://zenodo.org/records/17337727,https://zenodo.org/api/records/17337727/files/Developing_an_artificial_neural_network_model_to_analyze_emission_spectra_of_highfrequency__electrodeless_lamps.json/content
10.5281/zenodo.17335029,BIOservicES Data Management Plan,2025-10-12,Horizon Europe,HORIZON,101112374,BIOservicES,HORIZON-MISS-2022-SOIL-01,natural sciences,mid,0.423,2023-09-01,2028-08-31,SIGNED,False,,,,0,0,,False,public,https://zenodo.org/records/17335029,
10.5281/zenodo.18476520,Evidence for large baryonic feedback at low and intermediate redshifts from kinematic Sunyaev-Zel'dovich observations with ACT and DESI photometric galaxies,2025-10-10,No funder metadata,,,,,,unknown,,,,,False,,,,0,0,,False,public,https://zenodo.org/records/18476520,
10.5281/zenodo.17313972,Heavy metal concentration in precipitation and their impact on the environment,2025-10-10,Other funder,,1.1.1.9/LZP/1/24/141_2,,,,unknown,,,,,True,False,3,12,0,0,unknown,True,public,https://zenodo.org/records/17313972,https://zenodo.org/api/records/17313972/files/Heavy_metal_concentration_in_precipitation_and_their_impact_on_the_environment.json/content
10.5281/zenodo.17298579,Enhancing Multiplet Alignment Measurements with Imaging,2025-10-08,No funder metadata,,,,,,unknown,,,,,False,,,,0,0,,False,public,https://zenodo.org/records/17298579,
10.5281/zenodo.17279633,"Data Management Plan for project ""Analysis of the Applicability of Artificial Intelligence Methods in the Field of European Union Fund Projects""",2025-10-06,Other funder,,VPP-AI-2024-1-0003,,,,unknown,,,,,True,False,3,12,0,0,unknown,False,public,https://zenodo.org/records/17279633,https://zenodo.org/api/records/17279633/files/Data_Management_Plan_for_project_Analysis_of_the_Applicability_of_Artificial_Intelligence_Methods_in_the_Field_of_European_Union_Fund_Projects.json/content
10.5281/zenodo.17278226,Exploration of near-infrared and short-term variability in spectra of planetary nebulae precursors,2025-10-06,Other EU,EC,LU postdoc,,,,unknown,,,,,True,False,1,3,0,0,unknown,False,public,https://zenodo.org/records/17278226,https://zenodo.org/api/records/17278226/files/Exploration_of_nearinfrared_and_shortterm_variability_in_spectra_of_planetary_nebulae_precursors.json/content
10.5281/zenodo.17268452,Institutional review board and ethical statement (informed consent): Use of the PhET Colorado 'Graphing Lines' simulator to build conceptualizations of slope: a view from mathematical connections,2025-10-05,No funder metadata,,,,,,unknown,,,,,False,,,,0,0,,True,public,https://zenodo.org/records/17268452,
10.5281/zenodo.17242614,DMP of Exploring the Behavior of Self-assembling Styrylpyridinium and Its Aza-Analog Fluorescent Probes within Liposomes as Mimics of Biological Membranes (LipAgrStyrPro),2025-10-01,Other funder,,lzp-2024/1-0364,,,,unknown,,,,,False,,,,0,0,,False,public,https://zenodo.org/records/17242614,
10.5281/zenodo.17242078,"Development of artificial intelligent systems for early biomarker detection in spine imaging with a focus on evaluating structural changes in osteoporotic vertebral bodies, including potential applications for war affected individuals",2025-10-01,Other funder,,LV_UA_GRANT_2,,,,unknown,,,,,False,,,,0,0,,True,public,https://zenodo.org/records/17242078,
10.5281/zenodo.17866885,EIRENE PPP D3.1 - Data policy and Data Management Plan of EIRENE,2025-10,Horizon Europe,HORIZON,101079789,EIRENE PPP,HORIZON-INFRA-2021-DEV-02,medical and health sciences,unknown,,2022-10-01,2025-09-30,SIGNED,False,,,,0,0,,False,public,https://zenodo.org/records/17866885,
10.5281/zenodo.18199780,STASIS - Data Management Plan,2025-09-30,Other funder,,21NRM05,,,,unknown,,,,,False,,,,0,0,,False,public,https://zenodo.org/records/18199780,
10.5281/zenodo.17232279,"PID: 40871 – Balanced pond feeding Proof-of-concept in German fishponds - development and evaluation of circular, ecological stoichiometric pond feeds to cure seasonal imbalances in pond natural food web",2025-09-30,No funder metadata,,,,,,unknown,,,,,True,False,1,2,0,0,unknown,False,public,https://zenodo.org/records/17232279,https://zenodo.org/api/records/17232279/files/PID_40871__Balanced_pond_feeding_Proofofconcept_in_German_fishponds__development_and_evaluation_of_circular_ecological_stoichiometric_pond_feeds_to_cure_seasonal_imbalances_in_pond_natural_food_web.json/content
10.5281/zenodo.17533120,COALESCE Data Management Plan,2025-09-30,Horizon Europe,HORIZON,101095230,COALESCE,HORIZON-WIDERA-2022-ERA-01,,mid,0.625,2023-04-01,2027-03-31,SIGNED,False,,,,0,0,,False,public,https://zenodo.org/records/17533120,
10.5281/zenodo.17174556,D1.19 Data Management Plan Update,2025-09-30,Horizon 2020,H2020,862731,FRAMEwork,H2020-SFS-2018-2020,,late,1.0,2020-10-01,2025-09-30,SIGNED,False,,,,0,0,,False,public,https://zenodo.org/records/17174556,
10.5281/zenodo.17232992,Data Management Plan v2.0 for the U-SPY project,2025-09-30,Horizon Europe,HORIZON,101152452,U-SPY,HORIZON-MSCA-2023-PF-01,natural sciences,mid,0.499,2024-10-01,2026-09-30,SIGNED,False,,,,0,0,,False,public,https://zenodo.org/records/17232992,
10.5281/zenodo.17225204,Utilization of Microbial-Induced Calcite Precipitation for Sustainable Concrete Production,2025-09-29,Other funder,,086,,,,unknown,,,,,True,False,3,3,0,0,unknown,False,public,https://zenodo.org/records/17225204,https://zenodo.org/api/records/17225204/files/Utilization_of_MicrobialInduced_Calcite_Precipitation_for_Sustainable_Concrete_Production.json/content
10.5281/zenodo.17226636,"D8.3 DATA MANAGEMENT PLAN, UPDATE M36",2025-09-29,Horizon Europe,HORIZON,101060179,CODECS,HORIZON-CL6-2021-GOVERNANCE-01,agricultural sciences,late,0.749,2022-10-01,2026-09-30,SIGNED,False,,,,0,0,,True,public,https://zenodo.org/records/17226636,
10.5281/zenodo.17609563,D7.4 Data management plan update 2,2025-09-29,Horizon Europe,HORIZON,101060014,CHORIZO,HORIZON-CL6-2021-FARM2FORK-01,,late,0.999,2022-10-01,2025-09-30,SIGNED,False,,,,0,0,,True,public,https://zenodo.org/records/17609563,
10.5281/zenodo.17208807,EOSC Data Commons D1.2 - Data Management Plan - v1.0 - Under EC Review,2025-09-26,Horizon Europe,HORIZON,101188179,EOSC Data Commons,HORIZON-INFRA-2024-EOSC-01,natural sciences,early,0.163,2025-04-01,2028-03-31,SIGNED,False,,,,0,0,,False,public,https://zenodo.org/records/17208807,
10.5281/zenodo.17196600,Data Management Plan - REVALSEA,2025-09-26,Horizon Europe,HORIZON,101146373,REVALSEA,HORIZON-MSCA-2023-PF-01,natural sciences,early,0.139,2025-04-01,2028-09-30,SIGNED,False,,,,0,0,,False,public,https://zenodo.org/records/17196600,
10.5281/zenodo.19567250,MODALSHIFT: Data management plan,2025-09-25,Horizon Europe,HORIZON,101203040,MODALSHIFT,HORIZON-CL5-2024-D6-01,natural sciences,early,0.091,2025-06-01,2028-11-30,SIGNED,False,,,,0,0,,False,public,https://zenodo.org/records/19567250,
10.5281/zenodo.17201854,AD4GD D8.4 Data Management Plan (final) Funded by the European Union,2025-09-25,Horizon Europe,HORIZON,101061001,AD4GD,HORIZON-CL6-2021-GOVERNANCE-01,natural sciences,late,1.023,2022-09-01,2025-08-31,SIGNED,False,,,,0,0,,True,public,https://zenodo.org/records/17201854,
10.5281/zenodo.17191230,Development of Effective Technical Solutions for Energy Consumption Transition to Mitigate Climate Impact (TRANSIT),2025-09-24,Other funder,,POSTDOC,,,,unknown,,,,,True,False,1,4,0,0,unknown,False,public,https://zenodo.org/records/17191230,https://zenodo.org/api/records/17191230/files/Development_of_Effective_Technical_Solutions_for_Energy_Consumption_Transition_to_Mitigate_Climate_Impact_TRANSIT.json/content
10.5281/zenodo.17190479,The pathfinder framework,2025-09-24,Other funder,,NNF22SA0081175,,,,unknown,,,,,False,,,,0,0,,False,public,https://zenodo.org/records/17190479,
10.5281/zenodo.17190544,Data Management Plan v.3.0 (Deliverable D7.3),2025-09-24,Horizon Europe,HORIZON,101060452,OCEAN ICE,HORIZON-CL6-2021-CLIMATE-01,natural sciences,late,0.725,2022-11-01,2026-10-31,SIGNED,False,,,,0,0,,False,public,https://zenodo.org/records/17190544,
10.5281/zenodo.17190123,D1.2 DATA MANAGEMENT PLAN,2025-09-24,Horizon Europe,HORIZON,101185661,ERMES,HORIZON-EIC-2024-PATHFINDEROPEN-01,natural sciences,early,0.161,2025-04-01,2028-03-31,SIGNED,False,,,,0,0,,True,public,https://zenodo.org/records/17190123,
10.5281/zenodo.17189883,SCARBOn Data Management Plan,2025-09-24,Horizon Europe,HORIZON,101135301,SCARBOn,HORIZON-CL4-2023-SPACE-01,engineering and technology,mid,0.52,2024-01-01,2027-04-30,SIGNED,False,,,,0,0,,False,public,https://zenodo.org/records/17189883,
10.5281/zenodo.17182375,DMP for OptiEnergyHub,2025-09-23,Other funder,,lzp-2024/1-0307,,,,unknown,,,,,False,,,,0,0,,False,public,https://zenodo.org/records/17182375,
10.5281/zenodo.17177348,MultimetricST Spatial Transcriptomics Datasets Clustering Results,2025-09-22,No funder metadata,,,,,,unknown,,,,,False,,,,0,0,,False,public,https://zenodo.org/records/17177348,
10.5281/zenodo.17171958,Interdépendance entre les variables étudier,2025-09-21,No funder metadata,,,,,,unknown,,,,,False,,,,0,0,,False,public,https://zenodo.org/records/17171958,
10.5281/zenodo.17161323,Data management plan for Nr. LU-BA-ZG-2024/1-0020 Project title: The new paradigm in education – changing values and integrating Sustainable Development goals into the study content New,2025-09-19,No funder metadata,,,,,,unknown,,,,,True,False,1,4,0,0,unknown,False,public,https://zenodo.org/records/17161323,https://zenodo.org/api/records/17161323/files/Data_management_plan_for_Nr_LUBAZG202410020_Project_title_The_new_paradigm_in_education__changing_values_and_integrating_Sustainable_Development_goals_into_the_study_content_New.json/content
10.5281/zenodo.17641382,D6.5 - Final Data Management Plan,2025-09-19,Horizon Europe,HORIZON,101059407,MarinePlan,HORIZON-CL6-2021-BIODIV-01,natural sciences,late,0.99,2022-10-01,2025-09-30,SIGNED,False,,,,0,0,,False,public,https://zenodo.org/records/17641382,
10.5281/zenodo.17609153,D4.2 Data Management Plan – V2,2025-09-19,Horizon Europe,HORIZON,101158464,COLOSSE,HORIZON-WIDERA-2023-ACCESS-04,,mid,0.49,2024-04-01,2027-03-31,SIGNED,False,,,,0,0,,False,public,https://zenodo.org/records/17609153,
10.5281/zenodo.17609095,D4.1 Data Management Plan - V1,2025-09-19,Horizon Europe,HORIZON,101158464,COLOSSE,HORIZON-WIDERA-2023-ACCESS-04,,mid,0.49,2024-04-01,2027-03-31,SIGNED,False,,,,0,0,,False,public,https://zenodo.org/records/17609095,
10.5281/zenodo.17160406,Data Management Plan (Deliverable 1.2),2025-09-19,Horizon Europe,HORIZON,101094984,MeDeMAP,HORIZON-CL2-2022-DEMOCRACY-01,social sciences,late,0.852,2023-03-01,2026-02-28,SIGNED,False,,,,0,0,,False,public,https://zenodo.org/records/17160406,
10.5281/zenodo.17184336,Data Management Plan - Horizon Europe,2025-09-18,Horizon Europe,HORIZON,101073978,DIRECTED,HORIZON-CL3-2021-DRS-01,social sciences,late,0.742,2022-10-01,2026-09-30,SIGNED,False,,,,0,0,,True,public,https://zenodo.org/records/17184336,
10.5281/zenodo.17132229,Data management plan for the project: Methods and Tools for Control of Resilience of Integrated Energy Systems (IntEneRes) (LCS project No. 1.1.1.9/LZP/1/24/066),2025-09-16,No funder metadata,,,,,,unknown,,,,,True,False,1,5,0,0,unknown,False,public,https://zenodo.org/records/17132229,https://zenodo.org/api/records/17132229/files/Data_management_plan_for_the_project_Methods_and_Tools_for_Control_of_Resilience_of_Integrated_Energy_Systems_IntEneRes_LCS_project_No_1119LZP124066.json/content
10.5281/zenodo.19052807,B1MGplus D1.2 Data management plan,2025-09-16,Other EU,EC,101194865,,,,unknown,,,,,False,,,,0,0,,True,public,https://zenodo.org/records/19052807,
10.5281/zenodo.17395170,D12.1 Data Management Plan,2025-09-16,Horizon Europe,HORIZON,101122277,APOLLO,HORIZON-CL5-2022-D3-03,engineering and technology,mid,0.57,2024-01-01,2026-12-31,SIGNED,False,,,,0,0,,False,public,https://zenodo.org/records/17395170,
10.5281/zenodo.17120257,Pla d'Acció CoARA URL 2025-2028,2025-09-15,No funder metadata,,,,,,unknown,,,,,False,,,,0,0,,False,public,https://zenodo.org/records/17120257,
10.5281/zenodo.17120550,Meta-Analysis of Categorical Equivalence and Scale Invariance,2025-09-15,No funder metadata,,,,,,unknown,,,,,False,,,,0,0,,False,public,https://zenodo.org/records/17120550,
10.5281/zenodo.17115282,Validation of the DESI-DR1 3x2-pt analysis: scale cut and shear ratio tests,2025-09-14,No funder metadata,,,,,,unknown,,,,,False,,,,0,0,,False,public,https://zenodo.org/records/17115282,
10.5281/zenodo.17111172,Detection of supernova magnitude fluctuations induced by large-scale structure,2025-09-13,No funder metadata,,,,,,unknown,,,,,False,,,,0,0,,False,public,https://zenodo.org/records/17111172,
10.5281/zenodo.17100543,DESI DR1 Lyα 1D power spectrum: The Fast Fourier Transform estimator,2025-09-11,Other funder,,ANR-22-CE92- 0037,,,,unknown,,,,,False,,,,0,0,,False,public,https://zenodo.org/records/17100543,
10.5281/zenodo.17099293,interTwin D1.4 Final Data Management Plan,2025-09-11,Horizon Europe,HORIZON,101058386,interTwin,HORIZON-INFRA-2021-TECH-01,natural sciences,late,1.01,2022-09-01,2025-08-31,SIGNED,False,,,,0,0,,False,public,https://zenodo.org/records/17099293,
10.5281/zenodo.17089175,Plan de Gestión de Datos de Investigación: Fortalecimiento de la iniciativa de inclusión financiera desarrollada en el Circuito de Economía Solidaria del Suroccidente del país,2025-09-10,No funder metadata,,,,,,unknown,,,,,False,,,,0,0,,False,public,https://zenodo.org/records/17089175,
10.5281/zenodo.17350323,Data Management Plan (DMP) MULTIOMICS_CZ,2025-09-10,Other funder,,CZ.02.01.01/00/23_020/0008540,,,,unknown,,,,,False,,,,0,0,,False,public,https://zenodo.org/records/17350323,
10.5281/zenodo.17093770,D7.5 Interim Data Management Plan,2025-09-10,Horizon Europe,HORIZON,101060638,D4RUNOFF,HORIZON-CL6-2021-ZEROPOLLUTION-01,natural sciences,late,0.866,2022-09-01,2026-02-28,SIGNED,False,,,,0,0,,True,public,https://zenodo.org/records/17093770,
10.5281/zenodo.17084302,Strategy of Innovation for the Faculty of Engineering - Report 2021 - 2025,2025-09-09,No funder metadata,,,,,,unknown,,,,,False,,,,0,0,,False,public,https://zenodo.org/records/17084302,
10.5281/zenodo.17085386,Quiescent host galaxies of extended quasars revealed by spectrophotometric decomposition,2025-09-09,No funder metadata,,,,,,unknown,,,,,False,,,,0,0,,False,public,https://zenodo.org/records/17085386,
10.5281/zenodo.17055683,iMagine D1.4 Final Data Management Plan,2025-09-05,Horizon Europe,HORIZON,101058625,iMagine,HORIZON-INFRA-2021-SERV-01,natural sciences,late,1.005,2022-09-01,2025-08-31,SIGNED,False,,,,0,0,,False,public,https://zenodo.org/records/17055683,
10.5281/zenodo.17050529,StoryMachine D1.1 Data Management Plan (Version 1),2025-09-04,DFG,DFG,AH/Z507222/1,,,,unknown,,,,,False,,,,0,0,,True,public,https://zenodo.org/records/17050529,
10.5281/zenodo.17048691,D1.3 Data Management Plan - final update,2025-09-04,Horizon Europe,HORIZON,101058527,Skills4EOSC,HORIZON-INFRA-2021-EOSC-01,,late,1.004,2022-09-01,2025-08-31,SIGNED,False,,,,0,0,,False,public,https://zenodo.org/records/17048691,
10.5281/zenodo.17049884,AI4REALNET Ethics and data management plan - 2nd version,2025-09-03,Horizon Europe,HORIZON,101119527,AI4REALNET,HORIZON-CL4-2022-HUMAN-02,natural sciences,mid,0.551,2023-10-01,2027-03-31,SIGNED,False,,,,0,0,,True,public,https://zenodo.org/records/17049884,
10.5281/zenodo.17038281,MOPLAND: A Co-construction Conceptual Model for Participatory Land-Use Modelling in Spatial Planning - Plano de Gestão de Dados,2025-09-02,No funder metadata,,,,,,unknown,,2024-10-08,2024-10-08,,True,False,1,3,0,0,unknown,False,public,https://zenodo.org/records/17038281,https://zenodo.org/api/records/17038281/files/MOPLAND_A_Coconstruction_Conceptual_Model_for_Participatory_LandUse_Modelling_in_Spatial_Planning__Plano_de_Gesto_de_Dados.json/content
10.5281/zenodo.17037342,Data Management Plan (Project 1: Room Temperature Measurements),2025-09-02,No funder metadata,,,,,,unknown,,,,,False,,,,0,0,,True,public,https://zenodo.org/records/17037342,
10.5281/zenodo.16947437,Influence of sample handling conditions on radiation-induced effects in biphasic tritium breeding material for future thermonuclear fusion reactors,2025-09-02,No funder metadata,,,,,,unknown,,,,,False,,,,0,0,,False,public,https://zenodo.org/records/16947437,
10.1088/1475-7516/2025/09/007,Exploring HOD-dependent systematics for the DESI 2024 Full-Shape galaxy clustering analysis,2025-09-01,No funder metadata,,,,,,unknown,,,,,False,,,,0,0,,False,public,https://zenodo.org/records/16537082,
10.5281/zenodo.17713916,SPECTRUM D1.3 Data Management Plan,2025-09-01,Horizon Europe,HORIZON,101131550,SPECTRUM,HORIZON-INFRA-2023-DEV-01,,mid,0.668,2024-01-01,2026-06-30,SIGNED,False,,,,0,0,,False,public,https://zenodo.org/records/17713916,
10.5281/zenodo.17389695,"DELIVERABLE 6.6 ""Update of the Data Management Plan at the End of the 2nd RP""",2025-08-31,Horizon Europe,HORIZON,101099462,SafeWax,HORIZON-EIC-2022-PATHFINDEROPEN-01,engineering and technology,mid,0.626,2023-03-01,2027-02-28,SIGNED,False,,,,0,0,,True,public,https://zenodo.org/records/17389695,
10.5281/zenodo.17009326,MAGIC AND SUPERSTITION IN THE WORLDVIEW OF LATVIAN PEASANTS (16TH–18TH CENTURIES),2025-08-30,No funder metadata,,,,,,unknown,,,,,True,False,3,3,0,0,unknown,False,public,https://zenodo.org/records/17009326,https://zenodo.org/api/records/17009326/files/MAGIC_AND_SUPERSTITION_IN_THE_WORLDVIEW_OF_LATVIAN_PEASANTS_16TH18TH_CENTURIES.json/content
10.5281/zenodo.17406136,ROBIN Data Management Plan – Final Version,2025-08-30,Horizon Europe,HORIZON,101060504,ROBIN,HORIZON-CL6-2021-GOVERNANCE-01,social sciences,late,0.999,2022-09-01,2025-08-31,CLOSED,False,,,,0,0,,True,public,https://zenodo.org/records/17406136,
10.5281/zenodo.16992652,DESI 2024 V: Full-Shape Galaxy Clustering from Galaxies and Quasars,2025-08-29,No funder metadata,,,,,,unknown,,,,,False,,,,0,0,,False,public,https://zenodo.org/records/16992652,
10.5281/zenodo.16993190,Data management plan,2025-08-29,Horizon Europe,HORIZON,101181077,INFINIFISH,HORIZON-CL6-2024-FARM2FORK-02,natural sciences,early,0.061,2025-06-01,2029-05-31,SIGNED,False,,,,0,0,,True,public,https://zenodo.org/records/16993190,
10.5281/zenodo.16993480,RI-SCALE_D1.2 – Data Management Plan,2025-08-29,Horizon Europe,HORIZON,101188168,RI-SCALE,HORIZON-INFRA-2024-TECH-01,natural sciences,early,0.165,2025-03-01,2028-02-29,SIGNED,False,,,,0,0,,True,public,https://zenodo.org/records/16993480,
10.5281/zenodo.18545661,D24.2 Initial Data Management Plan,2025-08-28,Horizon Europe,HORIZON,101184070,P2F,HORIZON-CL5-2024-D1-01,natural sciences,early,0.123,2025-03-01,2029-02-28,SIGNED,False,,,,0,0,,False,public,https://zenodo.org/records/18545661,
10.5281/zenodo.17036440,Standardising Data Management Plans for Machine-Actionable Data Management across NFDI and beyond,2025-08-26,DFG,DFG,521453681,,,,unknown,,,,,False,,,,0,0,,False,public,https://zenodo.org/records/17036440,
10.5281/zenodo.16949061,Projekthandbuch Vorlage als Workflow für gutes Forschungsdatenmanagement (FDM) / Project manual template as a workflow for good research data management (RDM),2025-08-26,Other funder,,ESF Plus Promotionsstipendium,,,,unknown,,,,,False,,,,0,0,,False,public,https://zenodo.org/records/16949061,
10.5281/zenodo.16943723,DESI DR1 Lyα 1D power spectrum: The optimal estimator measurement,2025-08-25,No funder metadata,,,,,,unknown,,,,,False,,,,0,0,,False,public,https://zenodo.org/records/16943723,
10.5281/zenodo.16940784,Data Management Plan for 2024/2025 of life-cycle of an offshore wind farm in the legal framework (LU-BA-PG-2024/1-0024),2025-08-25,No funder metadata,,,,,,unknown,,,,,True,False,2,9,0,0,unknown,False,public,https://zenodo.org/records/16940784,https://zenodo.org/api/records/16940784/files/Data_Management_Plan_for_20242025_of_lifecycle_of_an_offshore_wind_farm_in_the_legal_framework_LUBAPG202410024_.json/content
10.5281/zenodo.16939965,"Development of mono and bimetallic Ru, Re catalysts for sustainable aviation fuel production (1.1.1.9/LZP/1/24/064)",2025-08-25,No funder metadata,,,,,,unknown,,,,,True,False,2,10,0,0,unknown,False,public,https://zenodo.org/records/16939965,https://zenodo.org/api/records/16939965/files/Development_of_mono_and_bimetallic_Ru_Re_catalysts_for_sustainable_aviation_fuel_production_1119LZP124064.json/content
10.5281/zenodo.16937965,IAM COMPACT - Machine-Actionable Data Management Plan,2025-08-24,Horizon Europe,HORIZON,101056306,IAM COMPACT,HORIZON-CL5-2021-D1-01,natural sciences,late,0.994,2022-09-01,2025-08-31,SIGNED,True,False,26,117,0,0,no,True,public,https://zenodo.org/records/16937965,https://zenodo.org/api/records/16937965/files/IAM_COMPACT__MachineActionable_Data_Management_Plan_New.json/content
10.5281/zenodo.16937959,IAM COMPACT - Machine-Actionable Data Management Plan New,2025-08-24,Horizon Europe,HORIZON,101056306,IAM COMPACT,HORIZON-CL5-2021-D1-01,natural sciences,late,0.994,2022-09-01,2025-08-31,SIGNED,True,False,26,117,0,0,no,True,public,https://zenodo.org/records/16937959,https://zenodo.org/api/records/16937959/files/IAM_COMPACT__MachineActionable_Data_Management_Plan_New.json/content
10.5281/zenodo.16921926,Combined Research Project Plan and Master Dossier: The Principle of Harmonic Closure (POHC),2025-08-21,No funder metadata,,,,,,unknown,,,,,False,,,,0,0,,False,public,https://zenodo.org/records/16921926,
10.5281/zenodo.16910298,Research Data Management Plan (DMP) for EpiDentLatvia: Mapping the Epidemiological Profile of Oral Health in Latvian Children and Adolescents,2025-08-20,No funder metadata,,,,,,unknown,,,,,True,False,1,5,0,0,unknown,True,public,https://zenodo.org/records/16910298,https://zenodo.org/api/records/16910298/files/Research_Data_Management_Plan_DMP_for_EpiDentLatvia_Mapping_the_Epidemiological_Profile_of_Oral_Health_in_Latvian_Children_and_Adolescents.json/content
10.5281/zenodo.16911634,Supplementary_SearchStrategy,2025-08-20,No funder metadata,,,,,,unknown,,,,,False,,,,0,0,,False,public,https://zenodo.org/records/16911634,
10.5281/zenodo.16901984,Antibacterial Biomaterials through Synergy of Metallic Ions-Substituted Calcium Phosphates and Bacteriophages No. 1.1.1.9/LZP/1/24/056 (1.1.1.9/1/24/I/001),2025-08-19,No funder metadata,,,,,,unknown,,,,,True,False,2,8,0,0,unknown,False,public,https://zenodo.org/records/16901984,https://zenodo.org/api/records/16901984/files/Antibacterial_Biomaterials_through_Synergy_of_Metallic_IonsSubstituted_Calcium_Phosphates_and_Bacteriophages_No_1119LZP124056_1119124I001.json/content
10.5281/zenodo.17184832,Metadata table from Initial version of the data management plan,2025-08-18,Horizon Europe,HORIZON,101060922,WATERUN,HORIZON-CL6-2021-ZEROPOLLUTION-01,,late,0.804,2022-06-01,2026-05-31,SIGNED,False,,,,0,0,,False,public,https://zenodo.org/records/17184832,
10.5281/zenodo.16894308,Metadata table from Intermediate version of the data management plan,2025-08-18,Horizon Europe,HORIZON,101060922,WATERUN,HORIZON-CL6-2021-ZEROPOLLUTION-01,,late,0.804,2022-06-01,2026-05-31,SIGNED,False,,,,0,0,,False,public,https://zenodo.org/records/16894308,
10.5281/zenodo.16876979,Frequentist Cosmological Constraints from Full-Shape Clustering Measurements in DESI DR1,2025-08-15,No funder metadata,,,,,,unknown,,,,,False,,,,0,0,,False,public,https://zenodo.org/records/16876979,
10.5281/zenodo.16878327,Personalised Clinical Practice Algorithm (P-CPA) for Newly Diagnosed with Asthma Management (Age 12 and above) in PCN (Primary Care Networks),2025-08-14,No funder metadata,,,,,,unknown,,,,,False,,,,0,0,,True,public,https://zenodo.org/records/16878327,
10.5281/zenodo.16845003,SuperBark - Data Management Plan,2025-08-13,Horizon Europe,HORIZON,101112447,SuperBark,HORIZON-JU-CBE-2022,engineering and technology,mid,0.488,2023-09-01,2027-08-31,SIGNED,False,,,,0,0,,False,public,https://zenodo.org/records/16845003,
10.5281/zenodo.16811657,"Data Management Plan (D6.1), ""Data Governance and Intellectual Property Governance in Common European Data Spaces (DGIP-CEDS)""",2025-08-12,Horizon Europe,HORIZON,101210413,DGIP-CEDS,HORIZON-MSCA-2024-PF-01,social sciences,early,0.182,2025-04-01,2027-03-31,SIGNED,False,,,,0,0,,False,public,https://zenodo.org/records/16811657,
10.5281/zenodo.16787099,D1.2 Data management plan,2025-08-09,Horizon Europe,HORIZON,101094822,STECCI,HORIZON-CL2-2022-HERITAGE-01,social sciences,mid,0.485,2023-09-01,2027-08-31,SIGNED,False,,,,0,0,,False,public,https://zenodo.org/records/16787099,
10.5281/zenodo.16779639,"Data Management Plan for the project Architectures, Frameworks and Applications of High Performance Computing (HOT-HPC)",2025-08-08,Other funder,,PID2022-136435NB-I00,,,,unknown,,,,,False,,,,0,0,,False,public,https://zenodo.org/records/16779639,
10.5281/zenodo.16761220,DMP - Analysing the coverage of the University of Bologna's bibliographic and citation metadata in OpenCitations collections - Open Science Project - version 5,2025-08-07,No funder metadata,,,,,,late,1.334,2024-04-07,2025-04-07,,True,False,6,42,0,0,no,True,public,https://zenodo.org/records/16761220,https://zenodo.org/api/records/16761220/files/DMP__Analysing_the_coverage_of_the_University_of_Bolognas_bibliographic_and_citation_metadata_in_OpenCitations_collections__Open_Science_Project__version_5.json/content
10.5281/zenodo.16872125,AEGEUS - Data Management Plan 2,2025-08-04,Horizon Europe,HORIZON,101099210,AEGEUS,HORIZON-EIC-2022-PATHFINDEROPEN-01,medical and health sciences,mid,0.511,2023-03-01,2027-11-30,SIGNED,False,,,,0,0,,False,public,https://zenodo.org/records/16872125,
10.5281/zenodo.16731979,"A Critical Examination of Spacetime, Mass, and Gravity through a Meta-Analysis of Competing Ontological Frameworks",2025-08-03,No funder metadata,,,,,,unknown,,,,,False,,,,0,0,,False,public,https://zenodo.org/records/16731979,
10.5281/zenodo.16028267,HIGH Horizons - Updated Data Management Plan of HIGH Horizons – Year 3,2025-08,Other EU,EC,10105784,,,,unknown,,,,,False,,,,0,0,,False,public,https://zenodo.org/records/16028267,
10.5281/zenodo.16631498,Data Management Plan: Extracellular Vesicles as Advanced Delivery System for Peptide Nucleic Acids (EV-PNA),2025-07-31,No funder metadata,,,,,,unknown,,,,,False,,,,0,0,,False,public,https://zenodo.org/records/16631498,
10.5281/zenodo.17054431,D7.4 Data management plan,2025-07-31,Horizon Europe,HORIZON,101185769,OPTIPATH,HORIZON-EIC-2024-PATHFINDEROPEN-01,natural sciences,early,0.165,2025-02-01,2028-01-31,SIGNED,False,,,,0,0,,False,public,https://zenodo.org/records/17054431,
10.5281/zenodo.16936995,D6.2 - Data Management Plan Update,2025-07-31,Horizon Europe,HORIZON,101137625,ACHIEVE,HORIZON-CL5-2023-D1-01,natural sciences,mid,0.395,2024-01-01,2027-12-31,SIGNED,False,,,,0,0,,True,public,https://zenodo.org/records/16936995,
10.5281/zenodo.16605832,"Data Management plan: The good, the bad and the unknown – the effects of circulating extracellular vesicles on various cell types constituting the breast cancer microenvironment",2025-07-30,No funder metadata,,,,,,unknown,,,,,False,,,,0,0,,False,public,https://zenodo.org/records/16605832,
10.5281/zenodo.16604329,MaxImmun newsletter issue 1,2025-07-30,Horizon Europe,HORIZON,101129622,MaxImmun,HORIZON-EIC-2023-PATHFINDEROPEN-01,natural sciences,mid,0.395,2024-01-01,2027-12-31,SIGNED,False,,,,0,0,,False,public,https://zenodo.org/records/16604329,
10.5281/zenodo.16750487,Waste to Energy Project (India),2025-07-30,No funder metadata,,,,,,unknown,,,,,False,,,,0,0,,False,public,https://zenodo.org/records/16750487,
10.5281/zenodo.16606754,D5.2 Data Management Plan,2025-07-30,Horizon Europe,HORIZON,101188073,RM Framework,HORIZON-WIDERA-2024-ERA-01,,early,0.246,2025-02-01,2027-01-31,SIGNED,False,,,,0,0,,False,public,https://zenodo.org/records/16606754,
10.5281/zenodo.16562906,PID38004_AndreaMiccoli_miRBass,2025-07-29,No funder metadata,,,,,,unknown,,,,,True,True,2,0,0,0,unknown,False,public,https://zenodo.org/records/16562906,https://zenodo.org/api/records/16562906/files/PID38004_AndreaMiccoli_miRBass.json/content
10.5281/zenodo.16573289,make-a-thek Data Management Plan,2025-07-29,Horizon Europe,HORIZON,101177660,make-a-thek,HORIZON-CL2-2024-HERITAGE-01,humanities,early,0.163,2025-02-01,2028-01-31,SIGNED,False,,,,0,0,,False,public,https://zenodo.org/records/16573289,
10.5281/zenodo.17866004,LAUDS Factories Data management plan,2025-07-28,Horizon Europe,HORIZON,101135986,LAUDS Factories,HORIZON-CL4-2023-HUMAN-01,social sciences,mid,0.524,2024-01-01,2026-12-31,SIGNED,False,,,,0,0,,True,public,https://zenodo.org/records/17866004,
10.5281/zenodo.16539228,Data management plan Version 2 (D1.5),2025-07-28,Horizon Europe,HORIZON,101136548,ObsSea4Clim,HORIZON-CL6-2023-CLIMATE-01,natural sciences,mid,0.372,2024-02-01,2028-01-31,SIGNED,False,,,,0,0,,False,public,https://zenodo.org/records/16539228,
10.5281/zenodo.16537424,SYMBA D1.2 - Open Sciences and Data Management Plan,2025-07-28,Horizon Europe,HORIZON,101135562,SYMBA,HORIZON-CL6-2023-CIRCBIO-01,engineering and technology,mid,0.524,2024-01-01,2026-12-31,SIGNED,False,,,,0,0,,False,public,https://zenodo.org/records/16537424,
10.5281/zenodo.16420495,Combining Machine Learning Interatomic Potentials with X-ray Absorption Spectroscopy to Resolve the Structure–Property Relationship in Functional Oxides New,2025-07-25,No funder metadata,,,,,,unknown,,,,,True,False,1,4,0,0,unknown,False,public,https://zenodo.org/records/16420495,https://zenodo.org/api/records/16420495/files/Combining_Machine_Learning_Interatomic_Potentials_with_Xray_Absorption_Spectroscopy_to_Resolve_the_StructureProperty_Relationship_in_Functional_Oxides_New.json/content
10.5281/zenodo.16811531,D1.12: Final data management plan,2025-07-24,Horizon 2020,H2020,101003470,NextGEMS,H2020-LC-CLA-2018-2019-2020,natural sciences,late,0.974,2021-09-01,2025-08-31,CLOSED,False,,,,0,0,,False,public,https://zenodo.org/records/16811531,
10.5281/zenodo.16413745,NanoBio4Can: FAIR Data Principles and Data Management Plan for Fellows and Supervisors,2025-07-24,Horizon Europe,HORIZON,101126492,NANOBIO4CAN,HORIZON-MSCA-2022-COFUND-01,,mid,0.346,2023-11-01,2028-10-31,SIGNED,False,,,,0,0,,False,public,https://zenodo.org/records/16413745,
10.5281/zenodo.16411304,D9.6.3 'Data Management Plan',2025-07-24,Horizon 2020,H2020,884411,ASTEP,H2020-LC-SC3-2018-2019-2020,agricultural sciences,late,1.013,2020-05-01,2025-06-30,SIGNED,False,,,,0,0,,True,public,https://zenodo.org/records/16411304,
10.5281/zenodo.16367606,No one knows what infinity is and the truth  about the sum of positive numbers. (The first review of the myths of some mathematicians),2025-07-23,No funder metadata,,,,,,unknown,,,,,False,,,,0,0,,False,public,https://zenodo.org/records/16367606,
10.5281/zenodo.16366291,D9.1 Data Management Plan (DMP),2025-07-23,Horizon Europe,HORIZON,101059632,GIANT LEAPS,HORIZON-CL6-2021-FARM2FORK-01,natural sciences,late,0.723,2022-09-01,2026-08-31,SIGNED,False,,,,0,0,,False,public,https://zenodo.org/records/16366291,
10.5281/zenodo.16321722,Data management plan for Project No.lzp-2023/1-0123  Development of Biopolymer-based Hydrophobic Multi-layer Packaging Material from Biomass Waste Streams,2025-07-22,No funder metadata,,,,,,unknown,,,,,False,,,,0,0,,False,public,https://zenodo.org/records/16321722,
10.5281/zenodo.16309877,Therapy-induced transcriptome variations to promote heart cell senescence reversal,2025-07-22,No funder metadata,,,,,,unknown,,,,,True,False,1,5,0,0,unknown,True,public,https://zenodo.org/records/16309877,https://zenodo.org/api/records/16309877/files/Therapyinduced_transcriptome_variations_to_promote_heart_cell_senescence_reversal.json/content
10.5281/zenodo.20412714,Remedy: D8.2 Data Management Plan,2025-07-21,Horizon Europe,HORIZON,101185862,REMEDY,HORIZON-EIC-2024-PATHFINDEROPEN-01,natural sciences,early,0.116,2025-02-01,2029-01-31,SIGNED,False,,,,0,0,,False,public,https://zenodo.org/records/20412714,
10.5281/zenodo.16204846,DIAL: Decolonial Intelligence for Access & Liberation,2025-07-20,No funder metadata,,,,,,unknown,,,,,False,,,,0,0,,False,public,https://zenodo.org/records/16204846,
10.5281/zenodo.16105194,PID36934_ChristianBihun_Oxygen_SDA,2025-07-18,No funder metadata,,,,,,unknown,,,,,True,False,1,5,0,0,unknown,True,public,https://zenodo.org/records/16105194,https://zenodo.org/api/records/16105194/files/PID36934_ChristianBihun_Oxygen_SDA.json/content
10.5281/zenodo.16108569,PERSEUS Open Data Management Plan (Release 1),2025-07-18,Horizon Europe,HORIZON,101099423,PERSEUS,HORIZON-EIC-2022-PATHFINDEROPEN-01,medical and health sciences,mid,0.596,2023-03-01,2027-02-28,SIGNED,False,,,,0,0,,False,public,https://zenodo.org/records/16108569,
10.5281/zenodo.16042103,Deliverable 1.6 : Project Data Management Plan,2025-07-17,Horizon Europe,HORIZON,101189542,SIROCO,HORIZON-CL4-2024-SPACE-01,engineering and technology,early,0.156,2024-12-01,2028-11-30,SIGNED,False,,,,0,0,,False,public,https://zenodo.org/records/16042103,
10.5281/zenodo.15977217,USEit Data Management Plan,2025-07-16,No funder metadata,,,,,,late,2.874,2022-09-01,2023-09-01,,True,False,6,36,0,0,no,False,public,https://zenodo.org/records/15977217,https://zenodo.org/api/records/15977217/files/USEit_Data_Management_Plan.json/content
10.5281/zenodo.15921905,WW_scheme,2025-07-15,No funder metadata,,,,,,unknown,,,,,False,,,,0,0,,False,public,https://zenodo.org/records/15921905,
10.5281/zenodo.15932967,WDFW Protocols for Hatchery Production of Native Olympia oyster (Ostrea lurida) Seed for Restoration,2025-07-15,No funder metadata,,,,,,unknown,,,,,False,,,,0,0,,False,public,https://zenodo.org/records/15932967,
10.5281/zenodo.15883641,PACP Internal DMP Draft - July 13 2025,2025-07-14,No funder metadata,,,,,,unknown,,,,,False,,,,0,0,,False,public,https://zenodo.org/records/15883641,
10.5281/zenodo.15872901,Wind or Current: Determining the key driver in seagrass floating fruit dispersal to optimize seed collection foraquaculture/restoration purposes,2025-07-13,Horizon Europe,HORIZON,101131121,AQUASERV,HORIZON-INFRA-2023-SERV-01,agricultural sciences,early,0.256,2024-04-01,2029-03-31,SIGNED,True,True,1,0,0,0,unknown,False,public,https://zenodo.org/records/15872901,https://zenodo.org/api/records/15872901/files/Wind_or_Current_Determining_the_key_driver_in_seagrass_floating_fruit_dispersal_to_optimize_seed_collection_foraquaculturerestoration_purposes.json/content
10.5281/zenodo.18889385,RELISH Data Management Plan,2025-07-10,Horizon Europe,HORIZON,101177427,RELISH,HORIZON-CL2-2024-HERITAGE-01,,early,0.174,2025-01-01,2027-12-31,SIGNED,False,,,,0,0,,False,public,https://zenodo.org/records/18889385,
10.5281/zenodo.16809668,Data Policy - Australian Animal Disease Genomics Initiative,2025-07-04,No funder metadata,,,,,,unknown,,,,,False,,,,0,0,,False,public,https://zenodo.org/records/16809668,
10.5281/zenodo.15805049,Data Management Plan / D1.2,2025-07-04,Horizon Europe,HORIZON,101135513,CyclOps,HORIZON-CL4-2023-DATA-01,social sciences,mid,0.502,2024-01-01,2026-12-31,SIGNED,False,,,,0,0,,False,public,https://zenodo.org/records/15805049,
10.5281/zenodo.15799772,INFALA Project Data Management Plan,2025-07-03,Horizon Europe,HORIZON,101146425,INFALA,HORIZON-MSCA-2023-PF-01,humanities,early,0.235,2025-01-13,2027-01-12,SIGNED,False,,,,0,0,,False,public,https://zenodo.org/records/15799772,
10.5281/zenodo.15772125,MARVIC Mid-term Data Management Plan,2025-07-02,Horizon Europe,HORIZON,101112942,MARVIC,HORIZON-MISS-2022-SOIL-01,agricultural sciences,mid,0.522,2023-06-01,2027-05-31,SIGNED,False,,,,0,0,,False,public,https://zenodo.org/records/15772125,
10.5281/zenodo.15781533,AWARE2ALL_D7.4_Data Management Plan (update 1)_V1.0,2025-07-01,Horizon Europe,HORIZON,101076868,AWARE2ALL,HORIZON-CL5-2022-D6-01,,late,0.889,2022-11-01,2025-10-31,SIGNED,False,,,,0,0,,False,public,https://zenodo.org/records/15781533,
10.5281/zenodo.18081683,Data Management Plan - GBM4EPI (v1),2025-07-01,Horizon Europe,HORIZON,101151942,GBM4EPI,HORIZON-MSCA-2023-PF-01,natural sciences,early,0.248,2025-01-01,2026-12-31,SIGNED,False,,,,0,0,,True,public,https://zenodo.org/records/18081683,
10.5281/zenodo.16407100,D7.2/3 Data Management Plan v1+2,2025-07-01,Horizon Europe,HORIZON,101136358,CITY-MOVE,HORIZON-HLTH-2023-DISEASE-03,medical and health sciences,mid,0.375,2024-01-01,2027-12-31,SIGNED,False,,,,0,0,,False,public,https://zenodo.org/records/16407100,
10.5281/zenodo.17582337,D1.2 Data Management Plan,2025-07,Horizon Europe,HORIZON,101135763,SEHRENE,HORIZON-CL5-2023-D3-01,engineering and technology,unknown,,2024-01-01,2027-06-30,SIGNED,False,,,,0,0,,True,public,https://zenodo.org/records/17582337,
10.5281/zenodo.17581731,D1.2 Data Management Plan,2025-07,Horizon Europe,HORIZON,101135763,SEHRENE,HORIZON-CL5-2023-D3-01,engineering and technology,unknown,,2024-01-01,2027-06-30,SIGNED,False,,,,0,0,,False,public,https://zenodo.org/records/17581731,
10.5281/zenodo.16616784,Pla d'acció de la Universitat de Barcelona per a la reforma de l'avaluació de l'activitat de recerca. Implementació de criteris d'avaluació de l'Acord CoARA. Versió 3.0. Juny 2025,2025-06-30,No funder metadata,,,,,,unknown,,,,,False,,,,0,0,,False,public,https://zenodo.org/records/16616784,
10.5281/zenodo.20027245,PRESENCE_D7.4 Ethics Framework and Data Management Plan II,2025-06-30,Horizon Europe,HORIZON,101135025,PRESENCE,HORIZON-CL4-2023-HUMAN-01-CNECT,engineering and technology,mid,0.499,2024-01-01,2026-12-31,SIGNED,False,,,,0,0,,True,public,https://zenodo.org/records/20027245,
10.5281/zenodo.17968917,D5.1 DATA MANAGEMENT PLAN,2025-06-30,Horizon Europe,HORIZON,101159516,widerAdvanceFacility,HORIZON-WIDERA-2023-ACCESS-05,,early,0.123,2025-01-01,2028-12-31,SIGNED,False,,,,0,0,,True,public,https://zenodo.org/records/17968917,
10.5281/zenodo.17598641,D9.2 Data Management Plan,2025-06-30,Horizon Europe,HORIZON,101177811,StreamSCAPES,HORIZON-CL2-2024-HERITAGE-01,social sciences,early,0.095,2025-03-01,2028-08-31,SIGNED,False,,,,0,0,,True,public,https://zenodo.org/records/17598641,
10.5281/zenodo.17601002,D1.2 Data Management Plan,2025-06-30,Horizon Europe,HORIZON,101178027,ANIMA MUNDI,HORIZON-CL2-2024-HERITAGE-01,,early,0.117,2025-02-01,2028-07-31,SIGNED,False,,,,0,0,,True,public,https://zenodo.org/records/17601002,
10.5281/zenodo.17182139,NPOWER D8.1 Data Management Plan - Version 1,2025-06-30,Horizon Europe,HORIZON,101181873,NPower,HORIZON-CL6-2024-ZEROPOLLUTION-01,social sciences,early,0.123,2025-01-01,2028-12-31,SIGNED,False,,,,0,0,,True,public,https://zenodo.org/records/17182139,
10.5281/zenodo.17181974,EOSC Track - D1.3 Data management plan,2025-06-30,Horizon Europe,HORIZON,101148217,EOSC Track,HORIZON-INFRA-2023-EOSC-MONIT-IBA,,mid,0.499,2024-01-01,2026-12-31,SIGNED,False,,,,0,0,,False,public,https://zenodo.org/records/17181974,
10.5281/zenodo.17037431,D1.2 Interim Data Management Plan,2025-06-30,Horizon Europe,HORIZON,101133911,FOCCUS,HORIZON-CL4-2023-SPACE-01,natural sciences,mid,0.499,2024-01-01,2026-12-31,SIGNED,False,,,,0,0,,False,public,https://zenodo.org/records/17037431,
10.5281/zenodo.16901206,D1.2 - Data Management Plan,2025-06-30,Horizon Europe,HORIZON,101188256,FAIR2Adapt,HORIZON-INFRA-2024-EOSC-01,natural sciences,early,0.165,2025-01-01,2027-12-31,SIGNED,False,,,,0,0,,False,public,https://zenodo.org/records/16901206,
10.5281/zenodo.15808215,D6.2 Data Management Plan,2025-06-30,Horizon Europe,HORIZON,101187966,DIGITAfrica,HORIZON-INFRA-2024-DEV-01,natural sciences,early,0.165,2025-01-01,2027-12-31,SIGNED,False,,,,0,0,,True,public,https://zenodo.org/records/15808215,
10.5281/zenodo.15800139,D5.6 Data Management Plan Document Final release,2025-06-30,Horizon 2020,H2020,101003534,SCORE,H2020-LC-CLA-2018-2019-2020,social sciences,late,1.0,2021-07-01,2025-06-30,CLOSED,False,,,,0,0,,False,public,https://zenodo.org/records/15800139,
10.5281/zenodo.17121379,D8.5 ELOQUENCE DMP 2,2025-06-30,Horizon Europe,HORIZON,101135916,ELOQUENCE,HORIZON-CL4-2023-HUMAN-01-CNECT,,mid,0.499,2024-01-01,2026-12-31,SIGNED,False,,,,0,0,,True,public,https://zenodo.org/records/17121379,
10.5281/zenodo.15762665,PhotoSynH2 Data Management Plan,2025-06-28,Horizon Europe,HORIZON,101070948,PhotoSynH2,HORIZON-EIC-2021-PATHFINDERCHALLENGES-01,engineering and technology,mid,0.548,2022-10-01,2027-09-30,SIGNED,False,,,,0,0,,False,public,https://zenodo.org/records/15762665,
10.5281/zenodo.15755688,Data management plan,2025-06-27,No funder metadata,,,,,,unknown,,,,,False,,,,0,0,,False,public,https://zenodo.org/records/15755688,
10.5281/zenodo.18772621,ENTICE: D2.1 – Data management plan,2025-06-27,Horizon Europe,HORIZON,101184775,ENTICE,HORIZON-CL5-2024-D1-01,natural sciences,early,0.121,2025-01-01,2028-12-31,SIGNED,False,,,,0,0,,True,public,https://zenodo.org/records/18772621,
10.5281/zenodo.15975310,CLIMAAX Deliverable D8.7 – Update of the Data Management Plan,2025-06-27,Horizon Europe,HORIZON,101093864,CLIMAAX,HORIZON-MISS-2021-CLIMA-02,social sciences,mid,0.598,2023-01-01,2027-02-28,SIGNED,False,,,,0,0,,False,public,https://zenodo.org/records/15975310,
10.5281/zenodo.15755135,The 2nd Data Management Plan,2025-06-27,Horizon Europe,HORIZON,101059438,BioAgora,HORIZON-CL6-2021-BIODIV-01,natural sciences,mid,0.598,2022-07-01,2027-06-30,SIGNED,False,,,,0,0,,True,public,https://zenodo.org/records/15755135,
10.5281/zenodo.15746890,Lisboa Pós-Colonial: Plano de Gestão de Dados (Cópia),2025-06-26,No funder metadata,,,,,,late,2.148,2023-05-04,2024-05-03,,True,False,1,3,0,0,unknown,False,public,https://zenodo.org/records/15746890,https://zenodo.org/api/records/15746890/files/Lisboa_PsColonial_Plano_de_Gesto_de_Dados_Cpia.json/content
10.5281/zenodo.20407732,Data management plan (version 2),2025-06-26,Horizon Europe,HORIZON,101060415,SELINA,HORIZON-CL6-2021-BIODIV-01,natural sciences,mid,0.598,2022-07-01,2027-06-30,SIGNED,False,,,,0,0,,False,public,https://zenodo.org/records/20407732,
10.5281/zenodo.16918148,D6.1 – Data Management Plan (DMP),2025-06-26,Horizon Europe,HORIZON,101137625,ACHIEVE,HORIZON-CL5-2023-D1-01,natural sciences,mid,0.371,2024-01-01,2027-12-31,SIGNED,False,,,,0,0,,True,public,https://zenodo.org/records/16918148,
10.5281/zenodo.15742057,Open Science end-of-the-course project DMP - 2024/2025,2025-06-25,No funder metadata,,,,,,unknown,,,,,True,False,7,14,0,0,unknown,False,public,https://zenodo.org/records/15742057,https://zenodo.org/api/records/15742057/files/Open_Science_end-of-the-course_project_DMP_-_2024_2025 (1).json/content
10.5281/zenodo.15739876,RM4Health: Remote Monitoring for Elderly (Portuguese Use Case – UC5),2025-06-25,No funder metadata,,,,,,unknown,,,,,True,False,1,6,0,0,unknown,True,public,https://zenodo.org/records/15739876,https://zenodo.org/api/records/15739876/files/RM4Health_Remote_Monitoring_for_Elderly_Portuguese_Use_Case__UC5.json/content
10.5281/zenodo.15734249,Positive neutrino masses with DESI DR2 via matter conversion to dark energy,2025-06-25,No funder metadata,,,,,,unknown,,,,,False,,,,0,0,,False,public,https://zenodo.org/records/15734249,
10.5281/zenodo.17609730,Data Management Plan,2025-06-25,No funder metadata,,,,,,unknown,,,,,False,,,,0,0,,False,public,https://zenodo.org/records/17609730,
10.5281/zenodo.15727956,Data Management Plan (DMP): NFDI4Chem Template and Tool,2025-06-24,DFG,DFG,441958208,,,,unknown,,,,,False,,,,0,0,,False,public,https://zenodo.org/records/15727956,
10.5281/zenodo.15726063,Testing gravitational physics by combining spectroscopic and weak lensing datasets using the E_G estimator,2025-06-24,No funder metadata,,,,,,unknown,,,,,False,,,,0,0,,False,public,https://zenodo.org/records/15726063,
10.5281/zenodo.15721875,D2.5 Intermediate Data Management Plan (DMP),2025-06-23,Horizon Europe,HORIZON,101114838,TRUSTY,HORIZON-SESAR-2022-DES-ER-01,engineering and technology,late,0.726,2023-09-01,2026-02-28,SIGNED,False,,,,0,0,,False,public,https://zenodo.org/records/15721875,
10.5281/zenodo.15721850,D2.4 Initial Data Management Plan (DMP),2025-06-23,Horizon Europe,HORIZON,101114838,TRUSTY,HORIZON-SESAR-2022-DES-ER-01,engineering and technology,late,0.726,2023-09-01,2026-02-28,SIGNED,False,,,,0,0,,False,public,https://zenodo.org/records/15721850,
10.5281/zenodo.15706464,"IPBES Nexus Assessment – Chapter 5, data management report 2 – Governance figures",2025-06-20,No funder metadata,,,,,,unknown,,,,,False,,,,0,0,,False,public,https://zenodo.org/records/15706464,
10.5281/zenodo.15696469,EduLiM Project (WP3) Research Data Management Plan v1.0,2025-06-19,No funder metadata,,,,,,unknown,,,,,False,,,,0,0,,False,public,https://zenodo.org/records/15696469,
10.5281/zenodo.15700117,D5.6 - Data Management Plan V2,2025-06-19,Horizon Europe,HORIZON,101069892,GREEN-LOG,HORIZON-CL5-2021-D6-01,,late,0.705,2023-01-01,2026-06-30,SIGNED,False,,,,0,0,,True,public,https://zenodo.org/records/15700117,
10.5281/zenodo.15700068,D5.2 - Data Management Plan V1,2025-06-19,Horizon Europe,HORIZON,101069892,GREEN-LOG,HORIZON-CL5-2021-D6-01,,late,0.705,2023-01-01,2026-06-30,SIGNED,False,,,,0,0,,True,public,https://zenodo.org/records/15700068,
10.5281/zenodo.15695021,TEMPEST Project Data Management Plan Update 1,2025-06-19,Horizon Europe,HORIZON,101103681,TEMPEST,HORIZON-CL5-2022-D2-01,engineering and technology,late,0.712,2023-05-01,2026-04-30,SIGNED,False,,,,0,0,,False,public,https://zenodo.org/records/15695021,
10.5281/zenodo.15692114,[TESTE] Plano de Gestão de Dados do projeto Sustainable and safe urban mobility,2025-06-18,No funder metadata,,,,,,unknown,,,,,True,False,1,2,0,0,unknown,False,public,https://zenodo.org/records/15692114,https://zenodo.org/api/records/15692114/files/TESTE_Plano_de_Gesto_de_Dados_do_projeto_Sustainable_and_safe_urban_mobility.json/content
10.5281/zenodo.15688646,Data Management plan for: Innovative Multifunctional Laser-Textured Surfaces with Improved Tribological Performance and Icephobicity (lzp-2023/1-0060),2025-06-18,No funder metadata,,,,,,late,0.745,2024-09-19,2025-09-19,,True,False,4,17,0,0,unknown,False,public,https://zenodo.org/records/15688646,https://zenodo.org/api/records/15688646/files/Data_Management_plan_for_Innovative_Multifunctional_LaserTextured_Surfaces_with_Improved_Tribological_Performance_and_Icephobicity_lzp202310060_.json/content
10.5281/zenodo.15690808,D1.1 Data Management Plan,2025-06-18,Horizon Europe,HORIZON,101188018,GRAPHIA,HORIZON-INFRA-2024-TECH-01,,early,0.154,2025-01-01,2027-12-31,SIGNED,False,,,,0,0,,True,public,https://zenodo.org/records/15690808,
10.5281/zenodo.15637767,D1.2 - FIDELIS Data Management Plan,2025-06-17,Horizon Europe,HORIZON,101188078,FIDELIS,HORIZON-INFRA-2024-EOSC-01,,early,0.153,2025-01-01,2027-12-31,SIGNED,False,,,,0,0,,False,public,https://zenodo.org/records/15637767,
10.5281/zenodo.15656866,TRR237 DMP: Basic Research Data Management Plan,2025-06-13,DFG,DFG,369799452,,,,unknown,,,,,False,,,,0,0,,False,public,https://zenodo.org/records/15656866,
10.5281/zenodo.15656795,TRR237 DMP: Basic Research Data Management Plan – Extended,2025-06-13,No funder metadata,,,,,,unknown,,,,,False,,,,0,0,,False,public,https://zenodo.org/records/15656795,
10.5281/zenodo.15658033,LUMEN Deliverable 1.2: DMP and Policies,2025-06-13,Horizon Europe,HORIZON,101187940,LUMEN,HORIZON-INFRA-2024-EOSC-01,,early,0.149,2025-01-01,2027-12-31,SIGNED,False,,,,0,0,,True,public,https://zenodo.org/records/15658033,
10.5281/zenodo.15655473,Data Management Plan,2025-06-13,Horizon Europe,HORIZON,101132560,PLEDGE,HORIZON-CL2-2023-DEMOCRACY-01,social sciences,mid,0.455,2024-02-01,2027-01-31,SIGNED,False,,,,0,0,,True,public,https://zenodo.org/records/15655473,
10.5281/zenodo.15648507,MULTISOURCE Data Management Plan,2025-06-12,Horizon 2020,H2020,101003527,MULTISOURCE,H2020-SC5-2018-2019-2020,engineering and technology,late,1.008,2021-06-01,2025-05-31,CLOSED,False,,,,0,0,,False,public,https://zenodo.org/records/15648507,
10.5281/zenodo.15646978,BISCUITS Data Management Plan,2025-06-12,Horizon Europe,HORIZON,101154245,BISCUITS,HORIZON-MSCA-2023-PF-01,medical and health sciences,early,0.222,2025-01-01,2026-12-31,SIGNED,False,,,,0,0,,False,public,https://zenodo.org/records/15646978,
10.5281/zenodo.15643538,Binary and Multiclass Classification codes,2025-06-11,No funder metadata,,,,,,unknown,,,,,False,,,,0,0,,False,public,https://zenodo.org/records/15643538,
10.5281/zenodo.15642138,Data Management Plan CRYOCHICK,2025-06-11,Horizon Europe,HORIZON,101109983,CRYOCHICK,HORIZON-MSCA-2022-PF-01,natural sciences,late,1.086,2023-04-10,2025-04-09,SIGNED,False,,,,0,0,,False,public,https://zenodo.org/records/15642138,
10.5281/zenodo.15632251,CERTAINTY BSC's DMP,2025-06-10,Horizon Europe,HORIZON,101137680,CERTAINTY,HORIZON-CL5-2023-D1-01,engineering and technology,mid,0.36,2024-01-01,2027-12-31,SIGNED,True,False,3,16,0,0,no,False,public,https://zenodo.org/records/15632251,https://zenodo.org/api/records/15632251/files/CERTAINTY_BSCs_DMP.json/content
10.5281/zenodo.16411554,PoDIUM - D1.5 Data management plan mid-term version,2025-06-10,Horizon Europe,HORIZON,101069547,PoDIUM,HORIZON-CL5-2021-D6-01,natural sciences,late,0.828,2022-10-01,2025-12-31,SIGNED,False,,,,0,0,,True,public,https://zenodo.org/records/16411554,
10.5281/zenodo.15625581,CONNECT-NM Deliverable D4.8 – D4.4.1 First Data Management Plan,2025-06-09,Horizon Europe,HORIZON,101165375,CONNECT-NM,HORIZON-EURATOM-2023-NRT-01,,early,0.138,2024-10-01,2029-09-30,SIGNED,False,,,,0,0,,False,public,https://zenodo.org/records/15625581,
10.5281/zenodo.15618512,Research-based solutions for sustainable agri-food system addressed to the European Green Deal objectives (GreenAgroRes),2025-06-08,Other funder,,VPP-ZM-VRIIILA-2024/1-0002,,,,unknown,,,,,False,,,,0,0,,False,public,https://zenodo.org/records/15618512,
10.5281/zenodo.15617573,Autaxys Research & Development Master Plan,2025-06-08,No funder metadata,,,,,,unknown,,,,,False,,,,0,0,,False,public,https://zenodo.org/records/15617573,
10.5281/zenodo.15611866,Window convolution of the galaxy clustering bispectrum,2025-06-07,Horizon 2020,H2020,853291,FutureLSS,ERC-2019-STG,natural sciences,late,0.953,2020-09-01,2025-08-31,SIGNED,False,,,,0,0,,False,public,https://zenodo.org/records/15611866,
10.5281/zenodo.15610317,Data management plan,2025-06-06,Horizon Europe,HORIZON,101113522,POLIRNA,ERC-2022-POC2,medical and health sciences,late,1.122,2023-10-01,2025-03-31,CLOSED,False,,,,0,0,,False,public,https://zenodo.org/records/15610317,
10.5281/zenodo.15589629,Spectroscopic Characterization of redMaPPer Galaxy Clusters with DESI,2025-06-04,No funder metadata,,,,,,unknown,,,,,False,,,,0,0,,False,public,https://zenodo.org/records/15589629,
10.5281/zenodo.15591241,EU-CHINA BRIDGE - Machine-Actionable Data Management Plan,2025-06-04,Horizon Europe,HORIZON,101137971,EU-CHINA-BRIDGE,HORIZON-CL5-2023-D1-02,social sciences,mid,0.392,2024-04-01,2027-03-31,SIGNED,True,False,1,6,0,0,unknown,True,public,https://zenodo.org/records/15591241,https://zenodo.org/api/records/15591241/files/EUCHINA_BRIDGE__MachineActionable_Data_Management_Plan.json/content
10.5281/zenodo.15593142,Impact  of 9/11 on the World   Banking System,2025-06-04,No funder metadata,,,,,,unknown,,,,,False,,,,0,0,,False,public,https://zenodo.org/records/15593142,
10.5281/zenodo.15588147,Gestione dei dati secondo i princìpi FAIR e Data Management Plan,2025-06-04,Horizon Europe,HORIZON,101058527,Skills4EOSC,HORIZON-INFRA-2021-EOSC-01,,late,0.92,2022-09-01,2025-08-31,SIGNED,False,,,,0,0,,False,public,https://zenodo.org/records/15588147,
10.5281/zenodo.18927416,D11.2: Data Management Plan,2025-06-04,Horizon Europe,HORIZON,101183089,ArchiSpace,HORIZON-MSCA-2023-SE-01,natural sciences,early,0.147,2024-11-01,2028-10-31,SIGNED,False,,,,0,0,,False,public,https://zenodo.org/records/18927416,
10.5281/zenodo.15593886,Deliverable D8.2 Data Management Plan,2025-06-04,Horizon Europe,HORIZON,101059497,FOODPathS,HORIZON-CL6-2021-GOVERNANCE-01,social sciences,late,0.86,2022-06-01,2025-11-30,SIGNED,False,,,,0,0,,False,public,https://zenodo.org/records/15593886,
10.5281/zenodo.15575365,PID:37076-Jule_Drewalowski-sampling_Kristineberg,2025-06-02,No funder metadata,,,,,,unknown,,,,,True,True,1,0,0,0,unknown,False,public,https://zenodo.org/records/15575365,https://zenodo.org/api/records/15575365/files/PID37076Jule_Drewalowskisampling_Kristineberg.json/content
10.5281/zenodo.15623616,Authorship Guidelines - BeFRAIL,2025-06-01,Other funder,,10.54499/2022.02398.PTDC,,,,unknown,,,,,False,,,,0,0,,False,public,https://zenodo.org/records/15623616,
10.5281/zenodo.15555371,PREP4BLUE D1.10: Final Data Management Plan,2025-05-30,Horizon Europe,HORIZON,101056957,PREP4BLUE,HORIZON-MISS-2021-OCEAN-01,social sciences,late,0.999,2022-06-01,2025-05-31,SIGNED,False,,,,0,0,,True,public,https://zenodo.org/records/15555371,
10.5281/zenodo.15543633,ColdSpark project Deliverable D8.3. Data Management Plan (M24),2025-05-29,Horizon Europe,HORIZON,101069931,ColdSpark,HORIZON-CL5-2021-D2-01,engineering and technology,late,0.855,2022-06-01,2025-11-30,SIGNED,False,,,,0,0,,False,public,https://zenodo.org/records/15543633,
10.5281/zenodo.15536420,"Masers in Astrophysical Plasmas (MAPs): unveiling the coherent emission of Pulsars, Magnetars and their connection with Fast Radio Bursts",2025-05-28,No funder metadata,,,,,,unknown,,,,,True,False,1,2,0,0,unknown,False,public,https://zenodo.org/records/15536420,https://zenodo.org/api/records/15536420/files/Masers_in_Astrophysical_Plasmas_MAPs_unveiling_the_coherent_emission_of_Pulsars_Magnetars_and_their_connection_with_Fast_Radio_Bursts.json/content
10.5281/zenodo.15533822,Plan de Gestión de Datos (PGD) proyecto Aprovechamiento integral de subproductos y coproductos de la industria agroalimentaria local para la conservación de productos cárnicos (AGROSUSMEAT),2025-05-28,Other funder,,PID2020-119608RR-I00,,,,unknown,,,,,False,,,,0,0,,False,public,https://zenodo.org/records/15533822,
10.5281/zenodo.15535170,D1.2 / Data management plan (initial version),2025-05-28,Horizon Europe,HORIZON,101080581,AI-PROGNOSIS,HORIZON-HLTH-2022-STAYHLTH-01-two-stage,medical and health sciences,mid,0.477,2023-07-01,2027-06-30,SIGNED,False,,,,0,0,,True,public,https://zenodo.org/records/15535170,
10.5281/zenodo.15526671,D1.2 Data management plan (initial version),2025-05-27,Horizon Europe,HORIZON,101095697,iPROLEPSIS,HORIZON-HLTH-2022-STAYHLTH-02,,mid,0.481,2023-01-01,2027-12-31,SIGNED,False,,,,0,0,,True,public,https://zenodo.org/records/15526671,
10.5281/zenodo.15524612,Open Data Management Plan,2025-05-27,Horizon Europe,HORIZON,101099423,PERSEUS,HORIZON-EIC-2022-PATHFINDEROPEN-01,medical and health sciences,mid,0.56,2023-03-01,2027-02-28,SIGNED,False,,,,0,0,,False,public,https://zenodo.org/records/15524612,
10.5281/zenodo.15130045,Identification of core elements for a machine-actionable Data Management Plan metadata schema in the NFDI,2025-05-26,DFG,DFG,460234259,,,,unknown,,,,,False,,,,0,0,,False,public,https://zenodo.org/records/15130045,
10.5281/zenodo.15517802,ARMS Data management plan (D8.2),2025-05-26,Horizon Europe,HORIZON,101120677,ARMS,HORIZON-CL4-2022-DIGITAL-EMERGING-02,engineering and technology,mid,0.413,2023-10-01,2027-09-30,SIGNED,False,,,,0,0,,False,public,https://zenodo.org/records/15517802,
10.5281/zenodo.15513038,Data Type Registry Governance Model,2025-05-25,Horizon Europe,HORIZON,101057264,FAIRCORE4EOSC,HORIZON-INFRA-2021-EOSC-01,natural sciences,late,0.995,2022-06-01,2025-05-31,SIGNED,False,,,,0,0,,False,public,https://zenodo.org/records/15513038,
10.5281/zenodo.15390060,Grüner Datenmanagementplan,2025-05-25,No funder metadata,,,,,,unknown,,,,,False,,,,0,0,,False,public,https://zenodo.org/records/15390060,
10.5281/zenodo.15497421,Data management plan SoAPperF,2025-05-23,No funder metadata,,,,,,unknown,,,,,False,,,,0,0,,False,public,https://zenodo.org/records/15497421,
10.5281/zenodo.15495816,Data management plan,2025-05-23,Horizon Europe,HORIZON,101147342,SAFELOOP,HORIZON-CL5-2023-D2-02,engineering and technology,early,0.325,2024-06-01,2027-05-31,SIGNED,False,,,,0,0,,False,public,https://zenodo.org/records/15495816,
10.5281/zenodo.15489006,AQUASERV PID:36691-IbonCancio-phagoTOR,2025-05-22,No funder metadata,,,,,,unknown,,,,,True,False,1,4,0,0,unknown,True,public,https://zenodo.org/records/15489006,https://zenodo.org/api/records/15489006/files/AQUASERV_PID36691IbonCanciophagoTOR.json/content
10.5281/zenodo.15479679,CERTAINTY NOA's DMP - Version 1,2025-05-21,Horizon Europe,HORIZON,101137680,CERTAINTY,HORIZON-CL5-2023-D1-01,engineering and technology,mid,0.347,2024-01-01,2027-12-31,SIGNED,True,False,6,36,0,0,no,True,public,https://zenodo.org/records/15479679,https://zenodo.org/api/records/15479679/files/CERTAINTY_NOAs_DMP__Version_1.json/content
10.5281/zenodo.15480438,Data Management Plan,2025-05-21,Horizon Europe,HORIZON,101096606,ArchLabour,ERC-2022-ADG,humanities,early,0.277,2024-01-01,2028-12-31,SIGNED,False,,,,0,0,,False,public,https://zenodo.org/records/15480438,
10.5281/zenodo.15447075,Predicting the long-term tolerance of functional materials for use in extreme radiation conditions,2025-05-17,Other funder,,lzp-2023/1-0453,,,,unknown,,,,,True,False,1,5,0,0,unknown,False,public,https://zenodo.org/records/15447075,https://zenodo.org/api/records/15447075/files/Predicting_the_longterm_tolerance_of_functional_materials_for_use_in_extreme_radiation_conditions.json/content
10.5281/zenodo.15442669,Innovation in process data technology: Roadmap for 2025-2027,2025-05-16,No funder metadata,,,,,,unknown,,,,,False,,,,0,0,,False,public,https://zenodo.org/records/15442669,
10.5281/zenodo.15422549,"The Nexus between Economic Development, Social Capital and Societal Resilience in the Baltic States 1.1.1.9/LZP/1/24/136 (1.1.1.9/1/24/I/001)",2025-05-15,No funder metadata,,,,,,unknown,,,,,True,False,3,13,0,0,unknown,True,public,https://zenodo.org/records/15422549,https://zenodo.org/api/records/15422549/files/The_Nexus_between_Economic_Development_Social_Capital_and_Societal_Resilience_in_the_Baltic_States_1119LZP124136_1119124I001.json/content
10.5281/zenodo.15401718,AQUASERV DMP Blueprint v1 Plan,2025-05-14,No funder metadata,,,,,,unknown,,,,,True,False,2,0,0,0,unknown,False,public,https://zenodo.org/records/15401718,https://zenodo.org/api/records/15401718/files/AQUASERV_DMP_Blueprint_v1_Plan.json/content
10.5281/zenodo.15411332,D1.2 HeriTACE Data Management Plan (initial),2025-05-14,Horizon Europe,HORIZON,101138672,HeriTACE,HORIZON-CL5-2023-D4-01,engineering and technology,mid,0.342,2024-01-01,2027-12-31,SIGNED,False,,,,0,0,,True,public,https://zenodo.org/records/15411332,
10.5281/zenodo.15408037,iAtlantic Deliverable D7.1 - Data Management Plan,2025-05-14,Horizon 2020,H2020,818123,iAtlantic,H2020-BG-2018-2020,natural sciences,late,1.232,2019-06-01,2024-03-31,CLOSED,False,,,,0,0,,False,public,https://zenodo.org/records/15408037,
10.5281/zenodo.15397710,CERTAINTY ETH's DMP,2025-05-13,Horizon Europe,HORIZON,101137680,CERTAINTY,HORIZON-CL5-2023-D1-01,engineering and technology,mid,0.341,2024-01-01,2027-12-31,SIGNED,True,False,1,7,0,0,no,False,public,https://zenodo.org/records/15397710,https://zenodo.org/api/records/15397710/files/CERTAINTY_ETHs_DMP.json/content
10.5281/zenodo.15392557,Data Management Plan,2025-05-12,Horizon Europe,HORIZON,101090280,D1-Glia,HORIZON-WIDERA-2022-TALENTS-02,medical and health sciences,late,1.058,2023-04-01,2025-03-31,SIGNED,False,,,,0,0,,True,public,https://zenodo.org/records/15392557,
10.5281/zenodo.15382476,Data for Iron-corrected Single-epoch Black Hole Masses of DESI Quasars at low redshift,2025-05-11,No funder metadata,,,,,,unknown,,,,,False,,,,0,0,,False,public,https://zenodo.org/records/15382476,
10.5281/zenodo.15373617,CERTAINTY KNMI's DMP,2025-05-09,Horizon Europe,HORIZON,101137680,CERTAINTY,HORIZON-CL5-2023-D1-01,engineering and technology,early,0.338,2024-01-01,2027-12-31,SIGNED,True,False,1,7,0,0,no,False,public,https://zenodo.org/records/15373617,https://zenodo.org/api/records/15373617/files/CERTAINTY_KNMIs_DMP.json/content
10.5281/zenodo.15371234,CERTAINTY UHEL's DMP update 25.04.2025,2025-05-09,Horizon Europe,HORIZON,101137680,CERTAINTY,HORIZON-CL5-2023-D1-01,engineering and technology,early,0.338,2024-01-01,2027-12-31,SIGNED,True,False,2,10,0,0,no,False,public,https://zenodo.org/records/15371234,https://zenodo.org/api/records/15371234/files/CERTAINTY_UHELs_DMP_update_25042025.json/content
10.5281/zenodo.15365793,CERTAINTY TUC's DMP,2025-05-08,Horizon Europe,HORIZON,101137680,CERTAINTY,HORIZON-CL5-2023-D1-01,engineering and technology,early,0.338,2024-01-01,2027-12-31,SIGNED,True,False,1,7,0,0,no,False,public,https://zenodo.org/records/15365793,https://zenodo.org/api/records/15365793/files/CERTAINTY_TUCs_DMP_.json/content
10.5281/zenodo.15363414,ELIXIR-STEERS D1.4 Updated Data Management Plan (DMP) - v2,2025-05-08,Horizon Europe,HORIZON,101131096,ELIXIR-STEERS,HORIZON-INFRA-2023-DEV-01,natural sciences,mid,0.422,2024-02-01,2027-01-31,SIGNED,False,,,,0,0,,True,public,https://zenodo.org/records/15363414,
10.5281/zenodo.15350503,Data Management Plan for GEO.INFORMED use case 7 - Fire Hazard,2025-05-06,Other funder,,SBO project S006421N,,,,unknown,,,,,False,,,,0,0,,False,public,https://zenodo.org/records/15350503,
10.5281/zenodo.15347442,"Figure Data for ""The DESI Y1 RR Lyrae catalog II: The metallicity dependency of pulsational properties, the shape of the RR Lyrae instability strip, and metal rich RR Lyrae""",2025-05-06,No funder metadata,,,,,,unknown,,,,,False,,,,0,0,,False,public,https://zenodo.org/records/15347442,
10.5281/zenodo.15348632,BRILIAN Data Management Plan D1.3,2025-05-06,Horizon Europe,HORIZON,101112436,BRILIAN,HORIZON-JU-CBE-2022,social sciences,mid,0.483,2023-06-01,2027-05-31,SIGNED,False,,,,0,0,,True,public,https://zenodo.org/records/15348632,
10.5281/zenodo.20082686,Management and Quality Plan and Data Management Plan – Updated version V2.0,2025-05-05,Horizon Europe,HORIZON,101132497,R-Map,HORIZON-CL2-2023-TRANSFORMATIONS-01,engineering and technology,mid,0.419,2024-02-01,2027-01-31,SIGNED,False,,,,0,0,,False,public,https://zenodo.org/records/20082686,
10.5281/zenodo.15645116,The DIMER Guide,2025-05-04,No funder metadata,,,,,,unknown,,,,,False,,,,0,0,,False,public,https://zenodo.org/records/15645116,
10.5281/zenodo.20682627,The Risk Management Implementation For Industry 4.0,2025-05-03,No funder metadata,,,,,,unknown,,,,,False,,,,0,0,,False,public,https://zenodo.org/records/20682627,
10.5281/zenodo.15331969,Technological Innovations in Costume Practice - Data Management Plan,2025-05-03,Horizon Europe,HORIZON,101148601,TICP,HORIZON-MSCA-2023-PF-01,social sciences,mid,0.429,2024-11-15,2025-12-14,SIGNED,False,,,,0,0,,False,public,https://zenodo.org/records/15331969,
10.5281/zenodo.15544713,AT 2018dyk: tidal disruption event or active galactic nucleus? Follow-up observations of an extreme coronal line emitter with the Dark Energy Spectroscopic Instrument,2025-05-02,No funder metadata,,,,,,unknown,,,,,False,,,,0,0,,False,public,https://zenodo.org/records/15544713,
10.5281/zenodo.15324121,FLPP MEET DPP,2025-05-02,Other funder,,lzp-2022/1-0379,,,,unknown,,,,,False,,,,0,0,,False,public,https://zenodo.org/records/15324121,
10.5281/zenodo.14733988,IPBES Transformative Change Assessment Chapter 3. Data Management Report 3.3 Identification of on-going initiatives with transformative potential,2025-05,No funder metadata,,,,,,unknown,,,,,False,,,,0,0,,False,public,https://zenodo.org/records/14733988,
10.5281/zenodo.15307926,Minimizing Door to Reperfusion Times in Drip and Ship Model for Patients with Acute Ischemic Stroke (MDRinAIS),2025-04-30,Other funder,,Grant Agreement No. 101095654,,,,unknown,,,,,False,,,,0,0,,True,public,https://zenodo.org/records/15307926,
10.5281/zenodo.21099890,D1.12 - Data management plan (initial),2025-04-30,Horizon Europe,HORIZON,101165889,PharmEco,HORIZON-JU-IHI-2023-04-two-stage,natural sciences,early,0.082,2024-11-01,2030-10-31,SIGNED,False,,,,0,0,,True,public,https://zenodo.org/records/21099890,
10.5281/zenodo.18174536,EURAD-2 - Deliverable 1.3 - Data management plan,2025-04-30,Horizon Europe,HORIZON,101166718,EURAD-2,EURATOM-2023-RADIOWASTE-IBA,,early,0.116,2024-10-01,2029-09-30,SIGNED,False,,,,0,0,,False,public,https://zenodo.org/records/18174536,
10.5281/zenodo.15401402,D10.1. Updated Data Management Plan,2025-04-30,Horizon Europe,HORIZON,101135392,WORM,HORIZON-CL6-2023-CIRCBIO-01,social sciences,mid,0.664,2024-01-01,2025-12-31,SIGNED,False,,,,0,0,,True,public,https://zenodo.org/records/15401402,
10.5281/zenodo.15310103,D2.3 – Initial data management plan,2025-04-30,Horizon Europe,HORIZON,101120726,dAIEDGE,HORIZON-CL4-2022-HUMAN-02,natural sciences,mid,0.512,2023-09-01,2026-11-30,SIGNED,False,,,,0,0,,True,public,https://zenodo.org/records/15310103,
10.5281/zenodo.15310051,D2.5 – Final data management plan,2025-04-30,Horizon Europe,HORIZON,101120726,dAIEDGE,HORIZON-CL4-2022-HUMAN-02,natural sciences,mid,0.512,2023-09-01,2026-11-30,SIGNED,False,,,,0,0,,True,public,https://zenodo.org/records/15310051,
10.5281/zenodo.15302698,OSTrails Interoperability Framework – DMP-IF: A Unified Framework to Automate and Standardise DMP Information Exchange.,2025-04-29,Horizon Europe,HORIZON,101130187,OSTrails,HORIZON-INFRA-2023-EOSC-01,natural sciences,mid,0.414,2024-02-01,2027-01-31,SIGNED,False,,,,0,0,,False,public,https://zenodo.org/records/15302698,
10.5281/zenodo.15299427,DMP: Domain-Specific Classifier for Predicting Webpage Relevance,2025-04-28,No funder metadata,,,,,,unknown,,,,,False,,,,0,0,,False,public,https://zenodo.org/records/15299427,
10.5281/zenodo.15299492,Illicit antiques trade network,2025-04-28,No funder metadata,,,,,,unknown,,,,,False,,,,0,0,,False,public,https://zenodo.org/records/15299492,
10.5281/zenodo.15290490,DMP: Performance evaluation of different classifiers,2025-04-27,No funder metadata,,,,,,unknown,,,,,False,,,,0,0,,False,public,https://zenodo.org/records/15290490,
10.5281/zenodo.17531061,EERIE Data Management Plan,2025-04-25,Horizon Europe,HORIZON,101081383,EERIE,HORIZON-CL5-2022-D1-02,natural sciences,mid,0.579,2023-01-01,2026-12-31,SIGNED,False,,,,0,0,,False,public,https://zenodo.org/records/17531061,
10.5281/zenodo.15260613,A fuzzy logic based approach to the value of information estimation in optimal control problems under uncertainty with applications to ecological management,2025-04-22,No funder metadata,,,,,,unknown,,,,,True,False,1,3,0,0,unknown,False,public,https://zenodo.org/records/15260613,https://zenodo.org/api/records/15260613/files/A_fuzzy_logic_based_approach_to_the_value_of_information_estimation_in_optimal_control_problems_under_uncertainty_with_applications_to_ecological_management_.json/content
10.5281/zenodo.15238476,Environmental Data Initiative (EDI) Sustainability Plan,2025-04-18,No funder metadata,,,,,,unknown,,,,,False,,,,0,0,,False,public,https://zenodo.org/records/15238476,
10.5281/zenodo.15233523,Science Ouverte à l'Observatoire,2025-04-17,No funder metadata,,,,,,unknown,,,,,False,,,,0,0,,False,public,https://zenodo.org/records/15233523,
10.5281/zenodo.17590773,SolarHub D5.2: Updated Data Management Plan,2025-04-17,Horizon Europe,HORIZON,101086110,SolarHub,HORIZON-WIDERA-2022-ACCESS-04,,mid,0.573,2023-01-01,2026-12-31,SIGNED,False,,,,0,0,,False,public,https://zenodo.org/records/17590773,
10.5281/zenodo.15222028,SeaMark M36 update,2025-04-15,Horizon Europe,HORIZON,101060379,SeaMark,HORIZON-CL6-2021-CIRCBIO-01,social sciences,mid,0.698,2022-07-01,2026-06-30,SIGNED,True,False,49,210,2,30,no,True,public,https://zenodo.org/records/15222028,https://zenodo.org/api/records/15222028/files/SeaMark_M36_update.json/content
10.5281/zenodo.15223679,The need for inclusive teaching and challenges of students with different abilities to receive higher education in public sector universities,2025-04-15,No funder metadata,,,,,,unknown,,,,,False,,,,0,0,,False,public,https://zenodo.org/records/15223679,
10.5281/zenodo.15194954,Empowering Rural Communities. A strategic guide to local broadband deployment,2025-04-11,Horizon Europe,HORIZON,101060294,XGain,HORIZON-CL6-2021-COMMUNITIES-01,social sciences,late,0.87,2022-09-01,2025-08-31,SIGNED,False,,,,0,0,,False,public,https://zenodo.org/records/15194954,
10.5281/zenodo.15188322,Data management plan: Enhanced Security and Energy Efficiency Hybrid Chaotic Communication System (Nr. RTU-PA-2024/1-0064),2025-04-10,No funder metadata,,,,,,unknown,,,,,True,False,2,10,0,0,unknown,False,public,https://zenodo.org/records/15188322,https://zenodo.org/api/records/15188322/files/Data_management_plan_Enhanced_Security_and_Energy_Efficiency_Hybrid_Chaotic_Communication_System_Nr_RTUPA202410064.json/content
10.5281/zenodo.15188306,Data management plan: Chaotically Encrypted Wireless Power Transmission (Nr. lzp-2024/1-0430),2025-04-10,No funder metadata,,,,,,unknown,,,,,True,False,2,10,0,0,unknown,False,public,https://zenodo.org/records/15188306,https://zenodo.org/api/records/15188306/files/Data_management_plan_Chaotically_Encrypted_Wireless_Power_Transmission_Nr_lzp202410430.json/content
10.5281/zenodo.15185404,Constraining primordial non-Gaussianity with DESI 2024 LRG and QSO samples.,2025-04-09,No funder metadata,,,,,,unknown,,,,,False,,,,0,0,,False,public,https://zenodo.org/records/15185404,
10.5281/zenodo.15185439,Early time solution as an alternative to the late time evolving dark energy with DESI DR2 BAO,2025-04-09,No funder metadata,,,,,,unknown,,,,,False,,,,0,0,,False,public,https://zenodo.org/records/15185439,
10.5281/zenodo.15181577,NGI Sargasso Evaluation Process Document,2025-04-09,Horizon Europe,HORIZON,101092887,NGI Sargasso,HORIZON-CL4-2022-HUMAN-01,,late,0.757,2023-01-01,2025-12-31,SIGNED,False,,,,0,0,,False,public,https://zenodo.org/records/15181577,
10.5281/zenodo.15178357,Enhancing DESI DR1 Full-Shape analyses using HOD-informed priors,2025-04-08,No funder metadata,,,,,,unknown,,,,,False,,,,0,0,,False,public,https://zenodo.org/records/15178357,
10.5281/zenodo.15697967,План управління дослідницькими даними  експертного опитування «Удосконалення «Методики оцінювання ефективності наукової (науково-технічної) діяльності наукових установ та закладів вищої освіти в частині провадження такими закладами наукової (науково-технічної) діяльності за окремими науковими напрямами під час проведення державної атестації»». Інститут вищої освіти НАПН України. V2. 4 с.,2025-04-07,No funder metadata,,,,,,unknown,,,,,False,,,,0,0,,False,public,https://zenodo.org/records/15697967,
10.5281/zenodo.15148873,Soil biological quality index (QBS) determination using machine learning,2025-04-04,No funder metadata,,,,,,unknown,,,,,True,False,1,5,0,0,unknown,False,public,https://zenodo.org/records/15148873,https://zenodo.org/api/records/15148873/files/Soil_biological_quality_index_QBS_determination_using_machine_learning.json/content
10.5281/zenodo.15129830,"Crosswalks from the NFDI4DS hackathon ""machine-actionable Data Management Plan for NFDI""",2025-04-03,DFG,DFG,460234259,,,,unknown,,,,,False,,,,0,0,,False,public,https://zenodo.org/records/15129830,
10.5281/zenodo.16568156,D1.3 DATA MANAGEMENT PLAN,2025-04-02,Horizon Europe,HORIZON,101096435,CONFIDENTIAL6G,HORIZON-JU-SNS-2022,natural sciences,late,0.751,2023-01-01,2025-12-31,SIGNED,False,,,,0,0,,False,public,https://zenodo.org/records/16568156,
10.5281/zenodo.15124648,ARCHI-SKIN Data Management Plan (ERC),2025-04-02,Horizon Europe,HORIZON,101044468,ARCHI-SKIN,ERC-2021-COG,engineering and technology,mid,0.517,2022-09-01,2027-08-31,SIGNED,False,,,,0,0,,False,public,https://zenodo.org/records/15124648,
10.5281/zenodo.18803474,KwaMandlangampisi Protected Environment Five Year Management Plan: 2025 - 2030,2025-04-01,No funder metadata,,,,,,unknown,,,,,False,,,,0,0,,False,public,https://zenodo.org/records/18803474,
10.5281/zenodo.15166493,"Data Management Plan, v.1.0 of the project ERC-CoG-2023 REDMIX - Unpacking Mixedness for an Inclusive History of the Red Sea, 1800s-2000s",2025-03-31,Horizon Europe,HORIZON,101124725,REDMIX,ERC-2023-COG,humanities,early,0.183,2024-05-01,2029-04-30,SIGNED,False,,,,0,0,,False,public,https://zenodo.org/records/15166493,
10.5281/zenodo.15115207,Glacial landforms and deglaciation chronology of the SE sector of the Scandinavian Ice Sheet in Latvia.,2025-03-31,No funder metadata,,,,,,unknown,,,,,True,False,3,13,0,0,unknown,False,public,https://zenodo.org/records/15115207,https://zenodo.org/api/records/15115207/files/Glacial_landforms_and_deglaciation_chronology_of_the_SE_sector_of_the_Scandinavian_Ice_Sheet_in_Latvia.json/content
10.5281/zenodo.15114545,Microfluidic chip-based platform towards replacing the in vivo rodent calvarial critical-size defect model (lzp-2024/1-0509),2025-03-31,No funder metadata,,,,,,unknown,,,,,True,False,3,8,0,0,unknown,True,public,https://zenodo.org/records/15114545,https://zenodo.org/api/records/15114545/files/Microfluidic_chipbased_platform_towards_replacing_the_in_vivo_rodent_calvarial_criticalsize_defect_model_lzp202410509.json/content
10.5281/zenodo.15114535,"Data Management plan for the project ""Standardization of Modern Latvian Pronunciation""  New",2025-03-31,No funder metadata,,,,,,unknown,,,,,True,False,1,3,0,0,unknown,False,public,https://zenodo.org/records/15114535,https://zenodo.org/api/records/15114535/files/Data_Management_plan_for_the_project_Standardization_of_Modern_Latvian_Pronunciation__New.json/content
10.5281/zenodo.15113755,"Data Management Plan for the Project ""Latvian Folklore Studies in Exile""",2025-03-31,No funder metadata,,,,,,unknown,,,,,True,False,5,18,0,0,unknown,False,public,https://zenodo.org/records/15113755,https://zenodo.org/api/records/15113755/files/Data_Management_Plan_for_the_Project_Latvian_Folklore_Studies_in_Exile.json/content
10.5281/zenodo.15113035,"Bio-based, Highly Crosslinked β-Amino Polymer Resins as Thermally Recyclable Building Blocks (TReResin), lzp-2024/1-0333",2025-03-31,No funder metadata,,,,,,unknown,,,,,False,,,,0,0,,False,public,https://zenodo.org/records/15113035,
10.5281/zenodo.15112705,Chemically modified hyaluronic acid hydrogels for enhanced bone healing through local metabolite delivery (MetaGEL) (Nr. lzp-2024/1-0366),2025-03-31,No funder metadata,,,,,,unknown,,,,,True,False,1,4,0,0,unknown,False,public,https://zenodo.org/records/15112705,https://zenodo.org/api/records/15112705/files/Chemically_modified_hyaluronic_acid_hydrogels_for_enhanced_bone_healing_through_local_metabolite_delivery_MetaGEL_Nr_lzp202410366.json/content
10.5281/zenodo.15112640,"ISM-LATVIA: International student mobility towards off-beat destinations: geography, demographic profile and lived experiences in Latvia",2025-03-31,No funder metadata,,,,,,unknown,,,,,True,False,3,12,0,0,unknown,False,public,https://zenodo.org/records/15112640,https://zenodo.org/api/records/15112640/files/ISMLATVIA_International_student_mobility_towards_offbeat_destinations_geography_demographic_profile_and_lived_experiences_in_Latvia.json/content
10.5281/zenodo.15114213,What is in Your Knowledge Graph?,2025-03-31,No funder metadata,,,,,,unknown,,,,,True,False,1,4,0,0,unknown,False,public,https://zenodo.org/records/15114213,https://zenodo.org/api/records/15114213/files/What_is_in_Your_Knowledge_Graph.json/content
10.5281/zenodo.20492691,D1.4 Data Management Plan,2025-03-31,Horizon Europe,HORIZON,101177912,ALFIE,HORIZON-CL2-2024-TRANSFORMATIONS-01,,early,0.165,2024-10-01,2027-09-30,SIGNED,False,,,,0,0,,True,public,https://zenodo.org/records/20492691,
10.5281/zenodo.19110417,Data Management Plan 1 (Deliverable 1.2),2025-03-31,Horizon Europe,HORIZON,101183127,OH-FINE,HORIZON-CL6-2024-GOVERNANCE-01,agricultural sciences,early,0.103,2024-11-01,2028-10-31,SIGNED,False,,,,0,0,,False,public,https://zenodo.org/records/19110417,
10.5281/zenodo.18983892,AI-EFFECT D6.2: Data Management Plan,2025-03-31,Horizon Europe,HORIZON,101172952,AI-EFFECT,HORIZON-CL5-2024-D3-01,social sciences,early,0.165,2024-10-01,2027-09-30,SIGNED,False,,,,0,0,,True,public,https://zenodo.org/records/18983892,
10.5281/zenodo.18787777,Mid-Term Data Management Plan,2025-03-31,Horizon Europe,HORIZON,101120640,COROB,HORIZON-CL4-2022-DIGITAL-EMERGING-02,engineering and technology,mid,0.5,2023-10-01,2026-09-30,SIGNED,False,,,,0,0,,False,public,https://zenodo.org/records/18787777,
10.5281/zenodo.16326727,D8.4 – Data Management Plan,2025-03-31,Horizon Europe,HORIZON,101161135,MAGCCINE,HORIZON-EIC-2023-PATHFINDERCHALLENGES-01,natural sciences,early,0.124,2024-10-01,2028-09-30,SIGNED,False,,,,0,0,,False,public,https://zenodo.org/records/16326727,
10.5281/zenodo.15119951,D5.2 EOSC EDEN Data Management Plan,2025-03-31,Horizon Europe,HORIZON,101188015,EOSC EDEN,HORIZON-INFRA-2024-EOSC-01,,early,0.081,2025-01-01,2027-12-31,SIGNED,False,,,,0,0,,False,public,https://zenodo.org/records/15119951,
10.5281/zenodo.17585539,"Data, code and documentation for the paper The Tragedies that Bind Us: Shared memories, identity fusion, and moral concern among Balinese Hindus following the 2002 Bali Bombings (Revach et al., 2023)",2025-03-30,Horizon 2020,H2020,694986,RitualModes,ERC-2015-AdG,natural sciences,late,1.214,2016-10-01,2023-09-30,CLOSED,False,,,,0,0,,False,public,https://zenodo.org/records/17585539,
10.5281/zenodo.15108871,'Primitīvā un trokšņainā mūzika' Padomju Latvijā (1956-1986): kontroles mehānismi un izvairīšanās prakses autoritāras varas apstākļos (DPP),2025-03-30,No funder metadata,,,,,,unknown,,,,,True,False,2,8,0,0,unknown,False,public,https://zenodo.org/records/15108871,https://zenodo.org/api/records/15108871/files/Primitv_un_trokain_mzika_Padomju_Latvij_19561986_kontroles_mehnismi_un_izvairans_prakses_autoritras_varas_apstkos.json/content
10.5281/zenodo.15106973,Single chip-based digital oscilloscope for remote education,2025-03-29,No funder metadata,,,,,,unknown,,,,,True,False,1,3,0,0,unknown,False,public,https://zenodo.org/records/15106973,https://zenodo.org/api/records/15106973/files/Single_chipbased_digital_oscilloscope_for_remote_education.json/content
10.5281/zenodo.15105270,MOTHER PROJECT DATA MANAGEMENT PLAN,2025-03-29,No funder metadata,,,,,,unknown,,,,,False,,,,0,0,,False,public,https://zenodo.org/records/15105270,
10.5281/zenodo.15103440,"FLPP pētījuma projekta ""Konversijas un parāvumi: latviešu filozofijas epistēmiskās stratēģijas padomju periodā (1944-1991)"" datu pārvaldības plāns",2025-03-28,No funder metadata,,,,,,unknown,,,,,True,False,3,11,0,0,unknown,False,public,https://zenodo.org/records/15103440,https://zenodo.org/api/records/15103440/files/FLPP_ptjuma_projekta_Konversijas_un_parvumi_latvieu_filozofijas_epistmisks_stratijas_padomju_period_19441991_datu_prvaldbas_plns.json/content
10.5281/zenodo.15102382,2D Topological Insulator states in transitional metal dichalcogenides,2025-03-28,No funder metadata,,,,,,unknown,,,,,True,False,1,3,0,0,unknown,False,public,https://zenodo.org/records/15102382,https://zenodo.org/api/records/15102382/files/2D_Topological_Insulator_states_in_transitional_metal_dichalcogenides.json/content
10.5281/zenodo.15101933,DMP Resource efficiency solutions for circular bioeconomy,2025-03-28,No funder metadata,,,,,,unknown,,,,,True,False,1,4,0,0,unknown,False,public,https://zenodo.org/records/15101933,https://zenodo.org/api/records/15101933/files/DMP_Resource_efficiency_solutions_for_circular_bioeconomy_.json/content
10.5281/zenodo.15100859,Public Speech in the Culture of Livonia: A Political and Social Phenomenon in the European Performative Tradition (1200-1600) (No. lzp-2024/1-0296),2025-03-28,No funder metadata,,,,,,unknown,,,,,True,False,2,8,0,0,unknown,False,public,https://zenodo.org/records/15100859,https://zenodo.org/api/records/15100859/files/Public_Speech_in_the_Culture_of_Livonia_A_Political_and_Social_Phenomenon_in_the_European_Performative_Tradition_12001600_No_lzp202410296.json/content
10.5281/zenodo.15100698,"FLPP pētījuma projekta ""Iekšzemes ūdeņu arheoloģiskais mantojums: salas un ezermītnes Latvijas ezeros "" (Nr. lzp-2024/1-0542) datu pārvaldības plāns",2025-03-28,No funder metadata,,,,,,unknown,,,,,True,False,6,22,0,0,unknown,False,public,https://zenodo.org/records/15100698,https://zenodo.org/api/records/15100698/files/FLPP_ptjuma_projekta_Iekzemes_deu_arheoloiskais_mantojums_salas_un_ezermtnes_Latvijas_ezeros__Nr_lzp202410542_datu_prvaldbas_plns.json/content
10.5281/zenodo.15096509,Advancing Immune Defense of Pancreatic β-Cells through Innovative Tissue  Engineering Scaffolds,2025-03-27,No funder metadata,,,,,,unknown,,,,,True,False,1,4,0,0,unknown,False,public,https://zenodo.org/records/15096509,https://zenodo.org/api/records/15096509/files/Advancing_Immune_Defense_of_Pancreatic_Cells_through_Innovative_Tissue__Engineering_Scaffolds.json/content
10.5281/zenodo.15096131,STYLISTICS IN ACTION: EXPLORING LITERARY LANGUAGE AND MEANING,2025-03-27,No funder metadata,,,,,,unknown,,,,,False,,,,0,0,,False,public,https://zenodo.org/records/15096131,
10.5281/zenodo.18141923,Data Management Plan,2025-03-27,Horizon Europe,HORIZON,101172891,SPECTRUM,HORIZON-CL5-2024-D3-01,engineering and technology,early,0.139,2024-10-01,2028-03-31,SIGNED,False,,,,0,0,,False,public,https://zenodo.org/records/18141923,
10.5281/zenodo.15090139,FLPP Gatavojoties karam: Kara nozīmes Latvijas publiskajā diskursā un jauniešu uztverē (KARAM) datu pārvaldības plāns,2025-03-26,No funder metadata,,,,,,unknown,,,,,True,False,5,18,0,0,unknown,False,public,https://zenodo.org/records/15090139,https://zenodo.org/api/records/15090139/files/FLPP_Gatavojoties_karam_Kara_nozmes_Latvijas_publiskaj_diskurs_un_jaunieu_uztver_KARAM_datu_prvaldbas_plns_.json/content
10.5281/zenodo.15089931,RESOLUTE Data Management Plan 3,2025-03-26,No funder metadata,,,,,,unknown,,,,,False,,,,0,0,,False,public,https://zenodo.org/records/15089931,
10.5281/zenodo.15089536,Application of Bi2Se3-CNT heterostructures for conventional and photo-assisted low-temperature rechargeable Zn-ion batteries,2025-03-26,No funder metadata,,,,,,unknown,,,,,True,False,3,15,0,0,unknown,False,public,https://zenodo.org/records/15089536,https://zenodo.org/api/records/15089536/files/Application_of_Bi2Se3CNT_heterostructures_for_conventional_and_photoassisted_lowtemperature_rechargeable_Znion_batteries.json/content
10.5281/zenodo.15089493,Investigation of anomalous refraction effect by using automated digital zenith  camera VESTA,2025-03-26,No funder metadata,,,,,,unknown,,,,,True,False,1,4,0,0,unknown,False,public,https://zenodo.org/records/15089493,https://zenodo.org/api/records/15089493/files/Investigation_of_anomalous_refraction_effect_by_using_automated_digital_zenith__camera_VESTA.json/content
10.5281/zenodo.15086114,DESI 2024 III: Baryon Acoustic Oscillations from Galaxies and Quasars,2025-03-26,No funder metadata,,,,,,unknown,,,,,False,,,,0,0,,False,public,https://zenodo.org/records/15086114,
10.5281/zenodo.21186002,D1.2 Project's Data Management Plan and Ethical Framework,2025-03-26,Horizon Europe,HORIZON,101180225,KijaniSpace,HORIZON-EUSPA-2023-SPACE,natural sciences,early,0.161,2024-10-01,2027-09-30,SIGNED,False,,,,0,0,,True,public,https://zenodo.org/records/21186002,
10.5281/zenodo.15088702,DREAM D6.8_RP1 update of DMP,2025-03-26,Horizon Europe,HORIZON,101130523,DREAM,HORIZON-EIC-2023-PATHFINDEROPEN-01,social sciences,early,0.246,2024-04-01,2028-03-31,SIGNED,False,,,,0,0,,False,public,https://zenodo.org/records/15088702,
10.5281/zenodo.15280817,DATA MANAGEMENT PLAN FOR THE INNOVANTIBIOFILM PROJECT,2025-03-26,Horizon Europe,HORIZON,101157363,InnovAntiBiofilm,HORIZON-WIDERA-2023-ACCESS-02,medical and health sciences,early,0.161,2024-10-01,2027-09-30,SIGNED,False,,,,0,0,,True,public,https://zenodo.org/records/15280817,
10.5281/zenodo.15084690,Gamification as a Pedagogical Tool for Ethical Marketing,2025-03-25,No funder metadata,,,,,,unknown,,,,,False,,,,0,0,,True,public,https://zenodo.org/records/15084690,
10.5281/zenodo.15083744,Data management plan for development and piloting of meta-cognitive interventions for reducing engagement with misinformation,2025-03-25,No funder metadata,,,,,,unknown,,,,,True,False,1,4,0,0,unknown,False,public,https://zenodo.org/records/15083744,https://zenodo.org/api/records/15083744/files/Data_management_plan_for_development_and_piloting_of_metacognitive_interventions_for_reducing_engagement_with_misinformation.json/content
10.5281/zenodo.15083684,Reclaiming Latvian Realism: Literary Innovation as Identity Quest,2025-03-25,No funder metadata,,,,,,unknown,,,,,True,False,1,3,0,0,unknown,False,public,https://zenodo.org/records/15083684,https://zenodo.org/api/records/15083684/files/Reclaiming_Latvian_Realism_Literary_Innovation_as_Identity_Quest.json/content
10.5281/zenodo.15080965,ENGAGING CONVERSATION IN THE CLASSROOM,2025-03-25,No funder metadata,,,,,,unknown,,,,,False,,,,0,0,,False,public,https://zenodo.org/records/15080965,
10.5281/zenodo.15077251,Шаблон Плану управління дослідницькими даними Бердянського державного педагогічного університету,2025-03-24,No funder metadata,,,,,,unknown,,,,,False,,,,0,0,,True,public,https://zenodo.org/records/15077251,
10.5281/zenodo.15068958,Nearby stellar substructures in the Galactic halo from DESI Milky Way Survey Year 1 Data Release,2025-03-22,No funder metadata,,,,,,unknown,,,,,False,,,,0,0,,False,public,https://zenodo.org/records/15068958,
10.5281/zenodo.15056654,Innovative Approaches to Organic Glass-forming Materials for  Advanced All-Optical Devices DMP,2025-03-20,No funder metadata,,,,,,unknown,,,,,True,False,1,5,0,0,unknown,False,public,https://zenodo.org/records/15056654,https://zenodo.org/api/records/15056654/files/Innovative_Approaches_to_Organic_Glassforming_Materials_for__Advanced_AllOptical_Devices_DMP.json/content
10.5281/zenodo.15056332,Influence of stoichiometry on radiation-induced effects in advanced two-phase functional materials for future thermonuclear fusion reactors,2025-03-20,No funder metadata,,,,,,unknown,,,,,True,False,3,15,0,0,unknown,False,public,https://zenodo.org/records/15056332,https://zenodo.org/api/records/15056332/files/Influence_of_stoichiometry_on_radiationinduced_effects_in_advanced_twophase_functional_materials_for_future_thermonuclear_fusion_reactors.json/content
10.5281/zenodo.15051686,DECONSTRUCTING AUGMENTED VISION FUNCTIONALITY,2025-03-19,No funder metadata,,,,,,unknown,,,,,True,False,1,4,0,0,unknown,False,public,https://zenodo.org/records/15051686,https://zenodo.org/api/records/15051686/files/DECONSTRUCTING_AUGMENTED_VISION_FUNCTIONALITY.json/content
10.5281/zenodo.15045636,Multifunctional hybrid metal oxide nanowire arrays for simultaneous green power generation and CO2 reduction,2025-03-18,No funder metadata,,,,,,unknown,,,,,True,False,4,19,0,0,unknown,False,public,https://zenodo.org/records/15045636,https://zenodo.org/api/records/15045636/files/Multifunctional_hybrid_metal_oxide_nanowire_arrays_for_simultaneous_green_power_generation_and_CO2_reduction.json/content
10.5281/zenodo.15040352,Navigating Post-Exile: Transformations and Transitions in the Latvian Exile Community after 1991,2025-03-17,No funder metadata,,,,,,unknown,,,,,True,False,1,3,0,0,unknown,False,public,https://zenodo.org/records/15040352,https://zenodo.org/api/records/15040352/files/Navigating_PostExile_Transformations_and_Transitions_in_the_Latvian_Exile_Community_after_1991.json/content
10.5281/zenodo.15638890,Second Technical Workshop: DiSSCo Data Management Plan and Standards for Taxon Hypotheses - Milestone 20,2025-03-17,Horizon Europe,HORIZON,101130121,DiSSCo Transition,HORIZON-INFRA-2023-DEV-01,social sciences,late,0.863,2023-12-01,2025-05-31,SIGNED,False,,,,0,0,,False,public,https://zenodo.org/records/15638890,
10.5281/zenodo.15422361,D1.2 - Data Management Plan v1,2025-03-17,Horizon Europe,HORIZON,101120218,HumAIne,HORIZON-CL4-2022-HUMAN-02,natural sciences,mid,0.487,2023-10-01,2026-09-30,SIGNED,False,,,,0,0,,True,public,https://zenodo.org/records/15422361,
10.5281/zenodo.19019265,"Economics, Extension & Marketing Practical Book",2025-03-14,No funder metadata,,,,,,unknown,,,,,False,,,,0,0,,False,public,https://zenodo.org/records/19019265,
10.5281/zenodo.15026157,D1.6 – (D1.5.1) Ethics and Data Management Plan,2025-03-14,Horizon Europe,HORIZON,101095594,XpanDH,HORIZON-HLTH-2022-IND-13,medical and health sciences,late,1.1,2023-01-01,2024-12-31,SIGNED,False,,,,0,0,,True,public,https://zenodo.org/records/15026157,
10.5281/zenodo.15017905,Title,2025-03-13,No funder metadata,,,,,,unknown,,,,,False,,,,0,0,,False,public,https://zenodo.org/records/15017905,
10.5281/zenodo.15005410,Automated Patient Engagement and Tracking for Colorectal Cancer Screening in Primary Care,2025-03-11,No funder metadata,,,,,,unknown,,,,,True,False,1,4,0,0,unknown,True,public,https://zenodo.org/records/15005410,https://zenodo.org/api/records/15005410/files/Automated_Patient_Engagement_and_Tracking_for_Colorectal_Cancer_Screening_in_Primary_Care.json/content
10.5281/zenodo.15001756,Infra-dmp und DMP4NFDI - Datenmanagementpläne in der NFDI,2025-03-10,DFG,DFG,521453681,,,,unknown,,,,,False,,,,0,0,,False,public,https://zenodo.org/records/15001756,
10.5281/zenodo.14986756,No time for cosmology project - Data Management Plan,2025-03-07,Horizon Europe,HORIZON,101126304,NOTIMEFORCOSMO,ERC-2023-COG,natural sciences,early,0.102,2024-09-01,2029-08-31,SIGNED,False,,,,0,0,,False,public,https://zenodo.org/records/14986756,
10.5281/zenodo.14981565,Precise first principles methods for modelling quantum materials,2025-03-06,No funder metadata,,,,,,unknown,,,,,True,False,1,5,0,0,unknown,False,public,https://zenodo.org/records/14981565,https://zenodo.org/api/records/14981565/files/Precise_first_principles_methods_for_modelling_quantum_materials.json/content
10.5281/zenodo.21774756,PROTWIN Deliverable 5.2: DATA MANAGEMENT PLAN,2025-03-06,Horizon Europe,HORIZON,101158968,PROTWIN,HORIZON-WIDERA-2023-ACCESS-02,natural sciences,early,0.17,2024-09-01,2027-08-31,SIGNED,False,,,,0,0,,False,public,https://zenodo.org/records/21774756,
10.5281/zenodo.14975934,EUREMAP demonstrator project: Metabolomic profiling of sea surface microlayer and bio-fouling organisms in marine coastal areas with a focus on siderophores,2025-03-05,Horizon Europe,HORIZON,101131663,EUREMAP,HORIZON-INFRA-2023-DEV-01,medical and health sciences,mid,0.392,2024-01-01,2026-12-31,SIGNED,False,,,,0,0,,False,public,https://zenodo.org/records/14975934,
10.5281/zenodo.14973970,Title,2025-03-05,No funder metadata,,,,,,unknown,,,,,False,,,,0,0,,False,public,https://zenodo.org/records/14973970,
10.5281/zenodo.14968287,Disrupting AIP-Protein Interactions for Therapeutic Advances in Infectious and Inflammatory Diseases,2025-03-04,No funder metadata,,,,,,unknown,,,,,True,False,1,3,0,0,unknown,False,public,https://zenodo.org/records/14968287,https://zenodo.org/api/records/14968287/files/Disrupting_AIPProtein_Interactions_for_Therapeutic_Advances_in_Infectious_and_Inflammatory_Diseases.json/content
10.5281/zenodo.18921832,REED Deliverable 2.1 Data Management Plan,2025-03-03,Horizon Europe,HORIZON,101178405,REED,HORIZON-CL4-2024-TWIN-TRANSITION-01,,early,0.129,2024-10-01,2027-12-31,SIGNED,False,,,,0,0,,False,public,https://zenodo.org/records/18921832,
10.5281/zenodo.21905419,D7.2 Data Management Plan (M6),2025-02-28,No funder metadata,,,,,,unknown,,,,,False,,,,0,0,,True,public,https://zenodo.org/records/21905419,
10.5281/zenodo.17818069,23IND05 - H2FlowTrace - Data Management Plan,2025-02-28,Other EU,EC,23IND05 H2FlowTrace,,,,unknown,,,,,False,,,,0,0,,False,public,https://zenodo.org/records/17818069,
10.5281/zenodo.17434428,"D1.9 Data Management Plan and list of agreements  with data providers, M18",2025-02-28,Horizon Europe,HORIZON,101112823,DTO-BioFlow,HORIZON-MISS-2022-OCEAN-01,natural sciences,mid,0.428,2023-09-01,2027-02-28,SIGNED,False,,,,0,0,,True,public,https://zenodo.org/records/17434428,
10.5281/zenodo.17434358,"D1.8 Data Management Plan and list of agreements  with data providers, M6",2025-02-28,Horizon Europe,HORIZON,101112823,DTO-BioFlow,HORIZON-MISS-2022-OCEAN-01,natural sciences,mid,0.428,2023-09-01,2027-02-28,SIGNED,False,,,,0,0,,True,public,https://zenodo.org/records/17434358,
10.5281/zenodo.16748778,BRIDGE D6.2. Data Management Plan,2025-02-28,Horizon Europe,HORIZON,101160337,BRIDGE,HORIZON-WIDERA-2023-ACCESS-02,social sciences,early,0.165,2024-09-01,2027-08-31,SIGNED,False,,,,0,0,,False,public,https://zenodo.org/records/16748778,
10.5281/zenodo.15525377,D1.2 TwInn4MicroUp Data Management Plan,2025-02-28,Horizon Europe,HORIZON,101159570,TwInn4MicroUp,HORIZON-WIDERA-2023-ACCESS-02,engineering and technology,early,0.165,2024-09-01,2027-08-31,SIGNED,False,,,,0,0,,False,public,https://zenodo.org/records/15525377,
10.5281/zenodo.14943958,What's behind the Data Management Plan of the future?,2025-02-28,Horizon Europe,HORIZON,101130187,OSTrails,HORIZON-INFRA-2023-EOSC-01,natural sciences,mid,0.359,2024-02-01,2027-01-31,SIGNED,False,,,,0,0,,False,public,https://zenodo.org/records/14943958,
10.5281/zenodo.14970959,D1.4 - Data Management Plan,2025-02-28,Horizon Europe,HORIZON,101131592,EPOS ON,HORIZON-INFRA-2023-DEV-01,,early,0.165,2024-09-01,2027-08-31,SIGNED,False,,,,0,0,,False,public,https://zenodo.org/records/14970959,
10.5281/zenodo.14955816,Data Management Plan: final version,2025-02-28,Other EU,EC,CUP B53C22003780006,,,,unknown,,,,,False,,,,0,0,,False,public,https://zenodo.org/records/14955816,
10.5281/zenodo.16900973,D2.1. Data Management Plan,2025-02-27,Horizon Europe,HORIZON,101159214,ChatMED,HORIZON-WIDERA-2023-ACCESS-02,natural sciences,early,0.164,2024-09-01,2027-08-31,SIGNED,False,,,,0,0,,True,public,https://zenodo.org/records/16900973,
10.5281/zenodo.14925339,D1.6 – (D1.5.1) Ethics and Data Management Plan,2025-02-25,Horizon Europe,HORIZON,101095594,XpanDH,HORIZON-HLTH-2022-IND-13,medical and health sciences,late,1.077,2023-01-01,2024-12-31,SIGNED,False,,,,0,0,,True,public,https://zenodo.org/records/14925339,
10.5281/zenodo.14922164,Data Management Plan for the Aviation Zero Project 2050 Project (AZERO),2025-02-25,Horizon Europe,HORIZON,101151804,AZERO,HORIZON-MSCA-2023-PF-01,,early,0.243,2024-09-01,2026-08-31,SIGNED,False,,,,0,0,,True,public,https://zenodo.org/records/14922164,
10.5281/zenodo.14893773,eNargiZinc Deliverable D1.5 – Data Management Plan,2025-02-19,Horizon Europe,HORIZON,101120311,eNargiZinc,HORIZON-MSCA-2022-DN-01,natural sciences,early,0.262,2024-01-01,2028-04-30,SIGNED,False,,,,0,0,,False,public,https://zenodo.org/records/14893773,
10.17605/OSF.IO/D4FXJ,"Microdosing of flywheel training: Effects of low vs. high training frequency on muscle mass, strength and power",2025-02-18,No funder metadata,,,,,,unknown,,,,,False,,,,0,0,,False,public,https://zenodo.org/records/14889326,
10.5281/zenodo.14882642,DMP EFECT,2025-02-17,No funder metadata,,,,,,unknown,,,,,False,,,,0,0,,False,public,https://zenodo.org/records/14882642,
10.5281/zenodo.14882276,Genetic Tools for Feed-Efficient and Sustainable Meat Production in Latvian Sheep Breeds,2025-02-17,Other funder,,Nr. lzp-2024/1-0092,,,,unknown,,,,,True,False,14,59,0,0,unknown,False,public,https://zenodo.org/records/14882276,https://zenodo.org/api/records/14882276/files/Genetic_Tools_for_FeedEfficient_and_Sustainable_Meat_Production_in_Latvian_Sheep_Breeds.json/content
10.5281/zenodo.14881926,PLAN DE GESTION DE DATOS DEL PROYECTO REF. PID2020-117788RB-I00,2025-02-17,Other funder,,PID2020-117788RB-I00,,,,unknown,,,,,False,,,,0,0,,False,public,https://zenodo.org/records/14881926,
10.5281/zenodo.14865422,Optimization of prophylactic antibacterial therapy in spinal surgery through mechanical PKPD modelling to reduce the emergence of antibiotic-resistant bacteria (OPATS-PKPD),2025-02-13,Other funder,,lzp-2024/1-030,,,,unknown,,,,,False,,,,0,0,,True,public,https://zenodo.org/records/14865422,
10.5281/zenodo.14865269,Digital monitoring for integrated progression assessment of myalgic encephalomyelitis / chronic fatigue syndrome,2025-02-13,Other funder,,,,,,unknown,,,,,False,,,,0,0,,False,public,https://zenodo.org/records/14865269,
10.5281/zenodo.14865389,D1.3 Data Management Plan RP1 update,2025-02-13,Horizon Europe,HORIZON,101130046,MultiSpin.AI,HORIZON-EIC-2023-PATHFINDEROPEN-01,engineering and technology,mid,0.345,2024-02-01,2027-01-31,SIGNED,False,,,,0,0,,False,public,https://zenodo.org/records/14865389,
10.5281/zenodo.14844496,Essential and universal ribosome isoaspartylation catalysed by ancient enzymes (EURICA). Data Management Plan,2025-02-10,Other funder,,ANR-23-CE44-0039,,,,unknown,,,,,False,,,,0,0,,False,public,https://zenodo.org/records/14844496,
10.5281/zenodo.20716749,NETTAG+ Deliverable D1.2 - First version of the Data Management Plan,2025-02-10,Horizon Europe,HORIZON,101112812,NETTAGPlus,HORIZON-MISS-2022-OCEAN-01,agricultural sciences,mid,0.595,2023-05-01,2026-04-30,SIGNED,False,,,,0,0,,False,public,https://zenodo.org/records/20716749,
10.5281/zenodo.14836698,D1.2 - H2tALENT Data Management Plan,2025-02-08,Horizon Europe,HORIZON,101137611,H2tALENT,HORIZON-JTI-CLEANH2-2023-1,social sciences,early,0.188,2024-03-01,2029-02-28,SIGNED,False,,,,0,0,,False,public,https://zenodo.org/records/14836698,
10.5281/zenodo.14833095,D 3.1 - Data Management Plan,2025-02-07,Horizon 2020,H2020,945307,eMOTIONAL Cities,H2020-SC1-BHC-2018-2020,natural sciences,late,0.986,2021-03-01,2025-02-28,SIGNED,False,,,,0,0,,False,public,https://zenodo.org/records/14833095,
10.5281/zenodo.14824497,Intentions and behaviours of using digital health technology by older adults: collaborative research: Data Management Plan,2025-02-06,Other funder,,LCF/PR/SR23/57000012,,,,unknown,,,,,False,,,,0,0,,False,public,https://zenodo.org/records/14824497,
10.5281/zenodo.14825730,"Data Management Plan for ""Maritime spatial planning according to international requirements on the Kurzeme coast"" project (RTU-PA-2024/1-0049)",2025-02-06,No funder metadata,,,,,,unknown,,,,,True,False,3,12,0,0,unknown,False,public,https://zenodo.org/records/14825730,https://zenodo.org/api/records/14825730/files/Data_Management_Plan_for_Maritime_spatial_planning_according_to_international_requirements_on_the_Kurzeme_coast_project_RTUPA202410049.json/content
10.5281/zenodo.14825470,"Data Management Plan for ""Maritime spatial planning according to international requirements on the Kurzeme coast"" project (C4835.ZPD.PI.0049.P1)",2025-02-06,No funder metadata,,,,,,unknown,,,,,True,False,3,12,0,0,unknown,False,public,https://zenodo.org/records/14825470,https://zenodo.org/api/records/14825470/files/Data_Management_Plan_for_Maritime_spatial_planning_according_to_international_requirements_on_the_Kurzeme_coast_project_C4835ZPDPI0049P1.json/content
10.5281/zenodo.14810834,Using repositories to make research outputs FAIR: AIM RSF guidelines,2025-02-05,No funder metadata,,,,,,unknown,,,,,False,,,,0,0,,False,public,https://zenodo.org/records/14810834,
10.5281/zenodo.14810827,FLPP GigWork DPP,2025-02-05,No funder metadata,,,,,,unknown,,,,,True,False,4,15,0,0,unknown,False,public,https://zenodo.org/records/14810827,https://zenodo.org/api/records/14810827/files/FLPP_GigWork_DPP.json/content
10.5281/zenodo.14800354,Genomics and transcriptomics guided trait stacking of antagonistic mechanisms utilized by Streptomyces spp. from underexplored strain collection in SynComs against pathogens causing ash dieback and acute oak decline,2025-02-04,No funder metadata,,,,,,unknown,,,,,True,False,1,3,0,0,unknown,False,public,https://zenodo.org/records/14800354,https://zenodo.org/api/records/14800354/files/Genomics_and_transcriptomics_guided_trait_stacking_of_antagonistic_mechanisms_utilized_by_Streptomyces_spp_from_underexplored_strain_collection_in_SynComs_against_pathogens_causing_ash_dieback_and_acute_oak_decline.json/content
10.5281/zenodo.20082543,Management and Quality Plan and Data Management Plan - First version,2025-02-04,Horizon Europe,HORIZON,101132497,R-Map,HORIZON-CL2-2023-TRANSFORMATIONS-01,engineering and technology,early,0.337,2024-02-01,2027-01-31,SIGNED,False,,,,0,0,,True,public,https://zenodo.org/records/20082543,
10.5281/zenodo.14801026,PREP4BLUE D1.7: Data Management Plan Update,2025-02-04,Horizon Europe,HORIZON,101056957,PREP4BLUE,HORIZON-MISS-2021-OCEAN-01,social sciences,late,0.894,2022-06-01,2025-05-31,SIGNED,False,,,,0,0,,True,public,https://zenodo.org/records/14801026,
10.5281/zenodo.14800566,PREP4BLUE D1.3: Data Management Plan,2025-02-04,Horizon Europe,HORIZON,101056957,PREP4BLUE,HORIZON-MISS-2021-OCEAN-01,social sciences,late,0.894,2022-06-01,2025-05-31,SIGNED,False,,,,0,0,,False,public,https://zenodo.org/records/14800566,
10.5281/zenodo.14786530,Data Management Plan: First Version,2025-02-01,No funder metadata,,,,,,unknown,,,,,False,,,,0,0,,False,public,https://zenodo.org/records/14786530,
10.5281/zenodo.15834563,Deliverable 5.1: PRO-WILD Data Management Plan,2025-02,Horizon Europe,HORIZON,101134965,PRO-WILD,HORIZON-CL6-2023-BIODIV-01,agricultural sciences,unknown,,2024-09-01,2029-08-31,SIGNED,False,,,,0,0,,False,public,https://zenodo.org/records/15834563,
10.5281/zenodo.14929498,Data Management Plan,2025-01-31,Horizon Europe,HORIZON,101061068,GRANULAR,HORIZON-CL6-2021-COMMUNITIES-01,engineering and technology,mid,0.584,2022-10-01,2026-09-30,SIGNED,False,,,,0,0,,False,public,https://zenodo.org/records/14929498,
10.5281/zenodo.14795222,D3.1 DMP Evaluation Rubric and Service Specifications,2025-01-31,Horizon Europe,HORIZON,101130187,OSTrails,HORIZON-INFRA-2023-EOSC-01,natural sciences,early,0.333,2024-02-01,2027-01-31,SIGNED,False,,,,0,0,,False,public,https://zenodo.org/records/14795222,
10.5281/zenodo.19221789,IMPACT OF MUSCULOSKELETAL DISORDERS ON EMPLOYEES IN THE IT  INDUSTRY,2025-01-30,No funder metadata,,,,,,unknown,,,,,False,,,,0,0,,False,public,https://zenodo.org/records/19221789,
10.5281/zenodo.16316840,Data Managment Plan - Project PI24_01410,2025-01-30,Other funder,,PI24_01410,,,,unknown,,,,,False,,,,0,0,,False,public,https://zenodo.org/records/16316840,
10.5281/zenodo.14773706,"Open Science markers in research publications of SciLifeLab infrastructure units, open test version",2025-01-30,No funder metadata,,,,,,unknown,,,,,True,True,1,0,0,0,unknown,False,public,https://zenodo.org/records/14773706,https://zenodo.org/api/records/14773706/files/Open_Science_markers_in_research_publications_of_SciLifeLab_infrastructure_units_open_test_version.json/content
10.5281/zenodo.20809790,SUSHEAT D1.2.2 Data Management Plan and Ethical Management (Public Summary),2025-01-30,Horizon Europe,HORIZON,101103552,SUSHEAT,HORIZON-CL5-2022-D4-01,engineering and technology,mid,0.438,2023-05-01,2027-04-30,SIGNED,False,,,,0,0,,True,public,https://zenodo.org/records/20809790,
10.5281/zenodo.14768297,ASCEND Strategic Plan,2025-01-29,Other funder,,2021898,,,,unknown,,,,,False,,,,0,0,,False,public,https://zenodo.org/records/14768297,
10.5281/zenodo.14768286,ASCEND Governance Plan,2025-01-29,Other funder,,2021898,,,,unknown,,,,,False,,,,0,0,,False,public,https://zenodo.org/records/14768286,
10.5281/zenodo.14768280,ASCEND Broadening Participation Plan,2025-01-29,Other funder,,2021898,,,,unknown,,,,,False,,,,0,0,,False,public,https://zenodo.org/records/14768280,
10.5281/zenodo.14768277,EMERGE Governance Plan,2025-01-29,Other funder,,2022070,,,,unknown,,,,,False,,,,0,0,,False,public,https://zenodo.org/records/14768277,
10.5281/zenodo.14768275,EMERGE Broadening Participation Plan,2025-01-29,Other funder,,2333103,,,,unknown,,,,,False,,,,0,0,,False,public,https://zenodo.org/records/14768275,
10.5281/zenodo.14768268,EMERGE Strategic Plan,2025-01-29,Other funder,,2333103,,,,unknown,,,,,False,,,,0,0,,False,public,https://zenodo.org/records/14768268,
10.5281/zenodo.14768233,GEMS Broadening Participation Plan,2025-01-29,Other funder,,2022049,,,,unknown,,,,,False,,,,0,0,,False,public,https://zenodo.org/records/14768233,
10.5281/zenodo.14768224,GEMS Strategic Plan,2025-01-29,Other funder,,2022049,,,,unknown,,,,,False,,,,0,0,,False,public,https://zenodo.org/records/14768224,
10.5281/zenodo.14768199,GEMS Governance Plan,2025-01-29,Other funder,,2022049,,,,unknown,,,,,False,,,,0,0,,False,public,https://zenodo.org/records/14768199,
10.5281/zenodo.14765663,"Synergizing Policy, Innovation, and Business Sustainability for a Greener, Efficient, and Politically Engaged RIX Airport Ecosystem (RIXopolis)",2025-01-29,No funder metadata,,,,,,unknown,,,,,True,False,1,5,0,0,unknown,False,public,https://zenodo.org/records/14765663,https://zenodo.org/api/records/14765663/files/Synergizing_Policy_Innovation_and_Business_Sustainability_for_a_Greener_Efficient_and_Politically_Engaged_RIX_Airport_Ecosystem_RIXopolis.json/content
10.5281/zenodo.14762307,PartArt4OW Data and Ethics Management Plan,2025-01-29,Horizon Europe,HORIZON,101157247,PartArt4OW,HORIZON-MISS-2023-OCEAN-01,humanities,early,0.165,2024-09-01,2027-02-28,SIGNED,False,,,,0,0,,True,public,https://zenodo.org/records/14762307,
10.5281/zenodo.14765602,H2tALENT Data Management Plan,2025-01-29,Horizon Europe,HORIZON,101137611,H2tALENT,HORIZON-JTI-CLEANH2-2023-1,social sciences,early,0.183,2024-03-01,2029-02-28,SIGNED,False,,,,0,0,,False,public,https://zenodo.org/records/14765602,
10.5281/zenodo.14753096,ESIWACE3 Data Management Plan (D7.3),2025-01-28,Horizon Europe,HORIZON,101093054,ESiWACE3,HORIZON-EUROHPC-JU-2021-COE-01,engineering and technology,mid,0.519,2023-01-01,2026-12-31,SIGNED,False,,,,0,0,,False,public,https://zenodo.org/records/14753096,
10.5281/zenodo.14750041,DMP générique d'un projet Observatoires Génomiques Marins,2025-01-27,No funder metadata,,,,,,unknown,,,,,False,,,,0,0,,False,public,https://zenodo.org/records/14750041,
10.5281/zenodo.14741224,SECURE Deliverable 6.4: Data Management Plan,2025-01-26,Horizon Europe,HORIZON,101094902,SECURE,HORIZON-WIDERA-2022-ERA-01,,late,0.922,2023-01-01,2025-03-31,SIGNED,False,,,,0,0,,True,public,https://zenodo.org/records/14741224,
10.5281/zenodo.14741582,OPUS Deliverable 6.2 - Data Management Plan (DMP),2025-01-26,Horizon Europe,HORIZON,101058471,OPUS,HORIZON-WIDERA-2021-ERA-01,,late,0.802,2022-09-01,2025-08-31,SIGNED,False,,,,0,0,,True,public,https://zenodo.org/records/14741582,
10.5281/zenodo.14732291,Catalytic thermo-chemical production of solvent and fuel grade hydrocarbons from polyethylene and polypropylene plastic wastes,2025-01-24,Other funder,,lzp-2024/1-0456,,,,unknown,,,,,False,,,,0,0,,True,public,https://zenodo.org/records/14732291,
10.5281/zenodo.14734007,IPBES Transformative Change Assessment Data Management Report on the Corpus of literature on transformative change,2025-01-24,No funder metadata,,,,,,unknown,,,,,False,,,,0,0,,False,public,https://zenodo.org/records/14734007,
10.5281/zenodo.14732758,D1.1 - Data Management Plan (DMP),2025-01-24,Other EU,EC,101158606,,,,unknown,,,,,False,,,,0,0,,False,public,https://zenodo.org/records/14732758,
10.5281/zenodo.14732512,Deliverable D1.2. Title: Data Management Plan,2025-01-24,Horizon Europe,HORIZON,101131441,VALIAS,HORIZON-MSCA-2022-SE-01,natural sciences,early,0.266,2024-01-01,2027-12-31,SIGNED,False,,,,0,0,,False,public,https://zenodo.org/records/14732512,
10.5281/zenodo.14899213,ARISE Data Management Plan,2025-01-23,Horizon 2020,H2020,824021,ARISE,H2020-MSCA-RISE-2018,,late,1.039,2019-01-01,2024-10-31,CLOSED,False,,,,0,0,,False,public,https://zenodo.org/records/14899213,
10.5281/zenodo.14706729,Measurements of the Thermal Sunyaev-Zel'dovich Effect with ACT and DESI Photometric Galaxies,2025-01-20,No funder metadata,,,,,,unknown,,,,,False,,,,0,0,,False,public,https://zenodo.org/records/14706729,
10.71068/yhtr1108,Evaluación de los compuestos bioactivos de Hibiscus sabdariffa (Jamaica) producida en la amazonia ecuatoriana,2025-01-19,No funder metadata,,,,,,unknown,,,,,False,,,,0,0,,False,public,https://zenodo.org/records/15170940,
10.5281/zenodo.14733076,Studying the Baryon Acoustic Oscillations using photometric redshifts from the DESI Legacy Imaging survey DR9,2025-01-18,No funder metadata,,,,,,unknown,,,,,False,,,,0,0,,False,public,https://zenodo.org/records/14733076,
10.5281/zenodo.14651965,Data Management Plan (DMP) for  Socially Sustainable Circular Economy research project,2025-01-15,No funder metadata,,,,,,unknown,,,,,True,False,3,14,0,0,unknown,True,public,https://zenodo.org/records/14651965,https://zenodo.org/api/records/14651965/files/Data_Management_Plan_DMP_for__Socially_Sustainable_Circular_Economy_research_project.json/content
10.5281/zenodo.14643349,Collecting DMP Requirements for NFDI - Report on DMP4NFDI activities,2025-01-14,DFG,DFG,521453681,,,,unknown,,,,,False,,,,0,0,,False,public,https://zenodo.org/records/14643349,
10.5281/zenodo.14629109,Deliverable D8.2: Data Management Plan,2025-01-10,Horizon Europe,HORIZON,101103755,FASTEST,HORIZON-CL5-2022-D2-01,,mid,0.538,2023-06-01,2026-05-31,SIGNED,False,,,,0,0,,False,public,https://zenodo.org/records/14629109,
10.5281/zenodo.14608797,"DMP of the project ""Latvian Diaspora Identity Transformation: Text, Language, Digital Environment""",2025-01-07,No funder metadata,,,,,,unknown,,,,,True,False,1,4,0,0,unknown,False,public,https://zenodo.org/records/14608797,https://zenodo.org/api/records/14608797/files/DMP_of_the_project_Latvian_Diaspora_Identity_Transformation_Text_Language_Digital_Environment.json/content
10.5281/zenodo.14610554,NAUTILUS Data Management Plan (D1.3),2025-01-07,Horizon 2020,H2020,861647,Nautilus,H2020-MG-2018-2019-2020,engineering and technology,late,1.004,2020-07-01,2024-12-31,SIGNED,False,,,,0,0,,False,public,https://zenodo.org/records/14610554,
10.5281/zenodo.14506282,Statistical Analysis Plan: LiverScreen Longitudinal Study,2025-01-06,Horizon 2020,H2020,847989,LiverScreen,H2020-SC1-BHC-2018-2020,medical and health sciences,late,0.836,2020-01-01,2025-12-31,SIGNED,False,,,,0,0,,False,public,https://zenodo.org/records/14506282,
10.5281/zenodo.14603682,D8.5 - Project Data Management Plan - final,2025-01-06,Horizon Europe,HORIZON,101093169,MultiXscale,HORIZON-EUROHPC-JU-2021-COE-01,social sciences,mid,0.504,2023-01-01,2026-12-31,SIGNED,False,,,,0,0,,False,public,https://zenodo.org/records/14603682,
10.71068/z7grcj02,"Integración de la gobernanza de datos en la formación docente: Un modelo innovador en Eduplanet, Ecuador",2025-01-04,No funder metadata,,,,,,unknown,,,,,False,,,,0,0,,False,public,https://zenodo.org/records/15169297,
10.5281/zenodo.14593723,DMP - Novel approach to improving accuracy and sensitivity of atomic Rb magnetometers,2025-01-03,No funder metadata,,,,,,late,0.734,2024-04-10,2025-04-10,,True,False,1,5,0,0,unknown,False,public,https://zenodo.org/records/14593723,https://zenodo.org/api/records/14593723/files/DMP__Novel_approach_to_improving_accuracy_and_sensitivity_of_atomic_Rb_magnetometers.json/content
10.5281/zenodo.14591969,Public funding and party organizational development in Latvia and Estonia,2025-01-03,No funder metadata,,,,,,unknown,,,,,False,,,,0,0,,False,public,https://zenodo.org/records/14591969,
10.5281/zenodo.14590906,Linguistic data for Livonian,2025-01-03,No funder metadata,,,,,,unknown,,,,,True,False,1,2,0,0,unknown,False,public,https://zenodo.org/records/14590906,https://zenodo.org/api/records/14590906/files/Linguistic_data_for_Livonian.json/content
10.5281/zenodo.14587588,Data for voice synthesis of Livonian,2025-01-02,No funder metadata,,,,,,unknown,,,,,True,False,1,2,0,0,unknown,False,public,https://zenodo.org/records/14587588,https://zenodo.org/api/records/14587588/files/Data_for_voice_synthesis_of_Livonian.json/content
10.5281/zenodo.14587583,Interview and background data on Livonian language transmission,2025-01-02,No funder metadata,,,,,,unknown,,,,,True,False,1,2,0,0,unknown,False,public,https://zenodo.org/records/14587583,https://zenodo.org/api/records/14587583/files/Interview_and_background_data_on_Livonian_language_transmission.json/content
10.5281/zenodo.14589390,Microbes4Climate Project Data Management Plan and Processing of Personal Data v1.0,2025-01-02,Horizon Europe,HORIZON,101131818,MICROBES-4-CLIMATE,HORIZON-INFRA-2023-SERV-01,natural sciences,early,0.184,2024-02-01,2029-01-31,SIGNED,False,,,,0,0,,True,public,https://zenodo.org/records/14589390,
10.5281/zenodo.18756562,"EUTILS - EU, Transnational and International Law Series - ITA",2025-01-01,No funder metadata,,,,,,unknown,,,,,False,,,,0,0,,False,public,https://zenodo.org/records/18756562,
10.5281/zenodo.14584660,DATA MANAGEMENT PLAN FOR PROJECT: Structure-function studies of Pseudomonas aeruginosa Type VI Secretion System toxins (T6SS-TOXINS),2025-01-01,No funder metadata,,,,,,unknown,,,,,False,,,,0,0,,False,public,https://zenodo.org/records/14584660,
10.5281/zenodo.14651000,IPBES Transformative Change Assessment Chapter 2. Data Management Report 2.10 Spiritual and religious visions,2025-01,No funder metadata,,,,,,unknown,,,,,False,,,,0,0,,False,public,https://zenodo.org/records/14651000,
10.5281/zenodo.18389904,REMODEL/CrD/D.1.2/DatanManagementPlan.pdf,2025,Horizon Europe,HORIZON,101079203,REMODEL,HORIZON-WIDERA-2021-ACCESS-03,,unknown,,2023-01-01,2025-12-31,SIGNED,False,,,,0,0,,True,public,https://zenodo.org/records/18389904,
10.5281/zenodo.17311563,NiD4Ocean Data Management Plan,2025,Horizon Europe,HORIZON,101156861,NiD4OCEAN,HORIZON-MISS-2023-OCEAN-01,social sciences,unknown,,2024-10-01,2027-09-30,SIGNED,False,,,,0,0,,True,public,https://zenodo.org/records/17311563,
10.5281/zenodo.18604306,COMMUNITY RADIO AND SUSTENANCE OF MARITAL PEACE IN EDO STATE,2025,No funder metadata,,,,,,unknown,,,,,False,,,,0,0,,False,public,https://zenodo.org/records/18604306,
10.5281/zenodo.17674009,Data management plan 1 (Deliverable D7.2),2024-12-30,Horizon Europe,HORIZON,101082102,RestPoll,HORIZON-CL6-2022-BIODIV-02-two-stage,social sciences,early,0.312,2023-10-01,2027-09-30,SIGNED,False,,,,0,0,,False,public,https://zenodo.org/records/17674009,
10.5281/zenodo.14571864,"Data Management Plan of  FISM, ""Fighting with a Smile: Satirical and Humourist Voices of Resilience from Hindi Speaking Subaltern Subjects and Communities""",2024-12-29,Horizon Europe,HORIZON,101152854,FISM,HORIZON-MSCA-2023-PF-01,,early,0.165,2024-07-01,2027-06-30,SIGNED,False,,,,0,0,,True,public,https://zenodo.org/records/14571864,
10.5281/zenodo.18671596,Final Data Management Plan (D8.21),2024-12-25,Horizon 2020,H2020,821520,ConcePTION,H2020-JTI-IMI2-2017-13-two-stage,medical and health sciences,late,0.997,2019-04-01,2024-12-31,CLOSED,False,,,,0,0,,False,public,https://zenodo.org/records/18671596,
10.5281/zenodo.14549438,Operational framework to support capacity building of educational professionals for school improvement solution development in schools and municipalities,2024-12-23,No funder metadata,,,,,,unknown,,,,,True,False,1,4,0,0,unknown,True,public,https://zenodo.org/records/14549438,https://zenodo.org/api/records/14549438/files/Operational_framework_to_support_capacity_building_of_educational_professionals_for_school_improvement_solution_development_in_schools_and_municipalities.json/content
10.5281/zenodo.14547124,D6.1 Data Management Plan,2024-12-23,Horizon Europe,HORIZON,101135402,Mobiles,HORIZON-CL6-2023-ZEROPOLLUTION-01,natural sciences,early,0.089,2024-09-01,2028-02-29,SIGNED,False,,,,0,0,,True,public,https://zenodo.org/records/14547124,
10.5281/zenodo.14551923,UPC CoARA Action Plan - Pla d'Acció de la UPC per a la implementació de l'acord CoARA,2024-12-20,No funder metadata,,,,,,unknown,,,,,False,,,,0,0,,False,public,https://zenodo.org/records/14551923,
10.5281/zenodo.14536429,High throughput Laser speckle imaging to speed up experiments in microbiology,2024-12-20,No funder metadata,,,,,,unknown,,,,,True,False,1,3,0,0,unknown,False,public,https://zenodo.org/records/14536429,https://zenodo.org/api/records/14536429/files/High_throughput_Laser_speckle_imaging_to_speed_up_experiments_in_microbiology.json/content
10.5281/zenodo.15546495,D1.6 Data Management Plan 3,2024-12-20,Horizon 2020,H2020,101000832,MAELSTROM,H2020-FNR-2020,engineering and technology,late,0.992,2021-01-01,2024-12-31,CLOSED,False,,,,0,0,,False,public,https://zenodo.org/records/15546495,
10.5281/zenodo.11047951,Circularity3 Data and Digital Output Management Plan and Workbook,2024-12-19,DFG,DFG,SSCP2022,,,,unknown,,,,,False,,,,0,0,,False,public,https://zenodo.org/records/11047951,
10.5281/zenodo.11093077,Circularity3 DDOMP - Work plan routine,2024-12-19,DFG,DFG,SSCP2022,,,,unknown,,,,,False,,,,0,0,,False,public,https://zenodo.org/records/11093077,
10.5281/zenodo.15024442,D1.14: Updated data management plan,2024-12-19,Horizon 2020,H2020,101003470,NextGEMS,H2020-LC-CLA-2018-2019-2020,natural sciences,late,0.825,2021-09-01,2025-08-31,CLOSED,False,,,,0,0,,True,public,https://zenodo.org/records/15024442,
10.5281/zenodo.14944103,D7.5 - Open-Science and Data Management Plan – update,2024-12-18,Horizon Europe,HORIZON,101086311,Tools4CAP,HORIZON-CL6-2022-GOVERNANCE-01,social sciences,mid,0.491,2023-01-01,2026-12-31,SIGNED,False,,,,0,0,,False,public,https://zenodo.org/records/14944103,
10.5281/zenodo.14510853,Financial transmission channels of the Polycrisis in the EU  (No.  5.2.1.1.i.0/2/24/I/CFLA/007),2024-12-17,No funder metadata,,,,,,unknown,,,,,True,False,1,2,0,0,unknown,False,public,https://zenodo.org/records/14510853,https://zenodo.org/api/records/14510853/files/Financial_transmission_channels_of_the_Polycrisis_in_the_EU__No__5211i0224ICFLA007.json/content
10.5281/zenodo.14509515,HMGCR enzyme deficiency model in mice,2024-12-17,No funder metadata,,,,,,unknown,,,,,True,False,1,4,0,0,unknown,False,public,https://zenodo.org/records/14509515,https://zenodo.org/api/records/14509515/files/HMGCR_enzyme_deficiency_model_in_mice.json/content
10.5281/zenodo.17366884,IPBES Transformative Change Assessment Data Management Report on the case study database with transformative potential and pitfalls,2024-12-16,No funder metadata,,,,,,unknown,,,,,False,,,,0,0,,False,public,https://zenodo.org/records/17366884,
10.5281/zenodo.14503474,"Data management plan for ""Development of real-time monitoring methodology for ship diesel engines with the aim of increasing energy and ecological efficiency using non-destructive testing methods"" project New",2024-12-16,No funder metadata,,,,,,unknown,,,,,True,False,1,4,0,0,unknown,False,public,https://zenodo.org/records/14503474,https://zenodo.org/api/records/14503474/files/Data_management_plan_for_Development_of_realtime_monitoring_methodology_for_ship_diesel_engines_with_the_aim_of_increasing_energy_and_ecological_efficiency_using_nondestructive_testing_methods_project_New.json/content
10.5281/zenodo.14385803,Mapping research data at the University of Bologna: Data Management Plan,2024-12-16,No funder metadata,,,,,,unknown,,,,,True,False,2,6,0,0,unknown,False,public,https://zenodo.org/records/14385803,https://zenodo.org/api/records/14385803/files/Mapping_research_data_at_the_University_of_Bologna_3A_Data_Management_Plan.json/content
10.5281/zenodo.14500829,DMP for Digital Tools in Entrepreneurship Education: the Impact on Entrepreneurial Intention and Attraction of Development Funding (DEFINT),2024-12-16,No funder metadata,,,,,,unknown,,,,,True,False,2,8,0,0,unknown,False,public,https://zenodo.org/records/14500829,https://zenodo.org/api/records/14500829/files/DMP_for_Digital_Tools_in_Entrepreneurship_Education_the_Impact_on_Entrepreneurial_Intention_and_Attraction_of_Development_Funding_DEFINT.json/content
10.5281/zenodo.14248799,The DESI-Lensing mock challenge: large-scale cosmological analysis of 3x2-pt statistics,2024-12-16,No funder metadata,,,,,,unknown,,,,,False,,,,0,0,,False,public,https://zenodo.org/records/14248799,
10.5281/zenodo.14780727,DMP for project NETPHARM,2024-12-15,Other funder,,CZ.02.01.01/00/22_008/0004607,,,,unknown,,,,,False,,,,0,0,,False,public,https://zenodo.org/records/14780727,
10.5281/zenodo.14497927,Communicating Russia: Analysis of Latvia's Experience (ComRu),2024-12-15,No funder metadata,,,,,,unknown,,,,,True,False,4,11,0,0,unknown,False,public,https://zenodo.org/records/14497927,https://zenodo.org/api/records/14497927/files/Communicating_Russia_Analysis_of_Latvias_Experience_ComRu.json/content
10.5281/zenodo.14481299,EMERGE Institute Field Safety & Logistics Handbook,2024-12-14,Other funder,,2333103,,,,unknown,,,,,False,,,,0,0,,False,public,https://zenodo.org/records/14481299,
10.5281/zenodo.14401463,Constraints on primordial non-Gaussianity from the cross-correlation of DESI Luminous Red Galaxies and Planck CMB lensing,2024-12-11,No funder metadata,,,,,,unknown,,,,,False,,,,0,0,,False,public,https://zenodo.org/records/14401463,
10.5281/zenodo.14332070,Measure 3.2: Agrosystem Templates for  Easy Data Management Plan Creation,2024-12-09,DFG,DFG,501899475,,,,unknown,,,,,False,,,,0,0,,False,public,https://zenodo.org/records/14332070,
10.5281/zenodo.18935859,EUTILS Series publication concept,2024-12-09,No funder metadata,,,,,,unknown,,,,,False,,,,0,0,,False,public,https://zenodo.org/records/18935859,
10.5281/zenodo.14289100,Data management plan - Single Photon Sources for Quantum Technologies Using Nitrogen-Vacancy Centres in Diamond.,2024-12-06,No funder metadata,,,,,,unknown,,,,,True,False,1,5,0,0,unknown,False,public,https://zenodo.org/records/14289100,https://zenodo.org/api/records/14289100/files/Data_management_plan__Single_Photon_Sources_for_Quantum_Technologies_Using_NitrogenVacancy_Centres_in_Diamond.json/content
10.5281/zenodo.15744902,Data Management Plan (Finding Agreement in Return - FAiR),2024-12-05,Horizon Europe,HORIZON,101094828,FAiR,HORIZON-CL2-2022-TRANSFORMATIONS-01,,mid,0.457,2023-05-01,2026-10-31,SIGNED,False,,,,0,0,,True,public,https://zenodo.org/records/15744902,
10.5281/zenodo.14237713,DMP: synthesis of a bio-surfactant from Parinari polyandra seed oil.,2024-12-05,No funder metadata,,,,,,unknown,,,,,False,,,,0,0,,False,public,https://zenodo.org/records/14237713,
10.5281/zenodo.14278321,Revised version of DMP for the Open Science Project 2023/24 - Team Harkonnen,2024-12-04,No funder metadata,,,,,,unknown,,,,,False,,,,0,0,,False,public,https://zenodo.org/records/14278321,
10.5281/zenodo.14276211,DMP: Privacy-Sensitive Conversations between Care Workers and Care Home Residents in a Residential Care Home,2024-12-04,No funder metadata,,,,,,unknown,,,,,False,,,,0,0,,False,public,https://zenodo.org/records/14276211,
10.5281/zenodo.14273326,SECreTour Data Management Plan I,2024-12-04,Horizon Europe,HORIZON,101132584,SECreTour,HORIZON-CL2-2023-HERITAGE-01,social sciences,early,0.254,2024-03-01,2027-02-28,SIGNED,False,,,,0,0,,True,public,https://zenodo.org/records/14273326,
10.5281/zenodo.14279078,DMP: Simulation of tunnel resistance of Austrian railway tunnels,2024-12-03,No funder metadata,,,,,,unknown,,,,,False,,,,0,0,,False,public,https://zenodo.org/records/14279078,
10.5281/zenodo.14258310,IPBES Transformative Change Assessment Chapter 2. Data Management Report 2.13 Intercoder reliability within the vision database,2024-12-02,No funder metadata,,,,,,unknown,,,,,False,,,,0,0,,False,public,https://zenodo.org/records/14258310,
10.5281/zenodo.14259383,Targeting pancreatic ductal adenocarcinoma-on-a-chip with aptamer-guided extracellular  vesicle delivery.,2024-12-02,No funder metadata,,,,,,early,0.203,2024-09-19,2025-09-19,,True,False,1,3,0,0,unknown,False,public,https://zenodo.org/records/14259383,https://zenodo.org/api/records/14259383/files/Targeting_pancreatic_ductal_adenocarcinomaonachip_with_aptamerguided_extracellular__vesicle_delivery.json/content
10.5281/zenodo.14258746,ROLE OF HABITAT DEGRADATION AND FOOD WEB STRUCTURE IN THE PERFORMANCE OF WETLANDS AS CARBON SINKS,2024-12-02,No funder metadata,,,,,,unknown,,2024-09-19,2024-09-19,,True,False,1,9,0,0,unknown,False,public,https://zenodo.org/records/14258746,https://zenodo.org/api/records/14258746/files/ROLE_OF_HABITAT_DEGRADATION_AND_FOOD_WEB_STRUCTURE_IN_THE_PERFORMANCE_OF_WETLANDS_AS_CARBON_SINKS.json/content
10.5281/zenodo.14258721,Co-axial electrospinning for stabilization of amorphous solid dispersions,2024-12-02,No funder metadata,,,,,,unknown,,,,,True,False,2,8,0,0,unknown,False,public,https://zenodo.org/records/14258721,https://zenodo.org/api/records/14258721/files/Coaxial_electrospinning_for_stabilization_of_amorphous_solid_dispersions.json/content
10.5281/zenodo.14258698,Dyes and Dyeing: from Tradition to Industry,2024-12-02,No funder metadata,,,,,,unknown,,,,,True,False,1,4,0,0,unknown,False,public,https://zenodo.org/records/14258698,https://zenodo.org/api/records/14258698/files/Dyes_and_Dyeing_from_Tradition_to_Industry.json/content
10.5281/zenodo.14258694,"Ethnographer, Society, and Art: Symbiosis of Ethnology, Art and the Discourse of Soviet Colonialism in Latvia",2024-12-02,No funder metadata,,,,,,unknown,,,,,True,False,1,4,0,0,unknown,False,public,https://zenodo.org/records/14258694,https://zenodo.org/api/records/14258694/files/Ethnographer_Society_and_Art_Symbiosis_of_Ethnology_Art_and_the_Discourse_of_Soviet_Colonialism_in_Latvia.json/content
10.5281/zenodo.14254132,DMP: Analysis of PFAS Fate and Transport in the Upper Danube,2024-12-01,No funder metadata,,,,,,unknown,,,,,False,,,,0,0,,False,public,https://zenodo.org/records/14254132,
10.5281/zenodo.14254022,Advancing Strategic Resilience through Cybersecurity in Sustainability Practices,2024-12-01,No funder metadata,,,,,,unknown,,,,,True,False,6,0,0,0,unknown,False,public,https://zenodo.org/records/14254022,https://zenodo.org/api/records/14254022/files/Advancing_Strategic_Resilience_through_Cybersecurity_in_Sustainability_Practices.json/content
10.5281/zenodo.14268248,"IPBES Transformative Change Assessment Chapter 2. Data Management Report 2.14 Systematic literature review using a keyword-based search focused on visions of transformative change related to biodiversity and nature, nature's contributions to people (NCP) and good quality of life",2024-12,No funder metadata,,,,,,unknown,,,,,False,,,,0,0,,True,public,https://zenodo.org/records/14268248,
10.5281/zenodo.14065259,D1.3 DMP update- V2,2024-11-30,Horizon Europe,HORIZON,101060537,BlueRev,HORIZON-CL6-2021-GOVERNANCE-01,social sciences,late,0.75,2022-09-01,2025-08-31,SIGNED,False,,,,0,0,,False,public,https://zenodo.org/records/14065259,
10.5281/zenodo.14245863,HORIZON-ZEN Data Management Plan (D1.2),2024-11-29,Horizon Europe,HORIZON,101122956,HORIZON-ZEN,HORIZON-INFRA-2023-EOSC-REP-ART195-IBA,natural sciences,late,0.749,2023-06-01,2025-05-31,SIGNED,False,,,,0,0,,False,public,https://zenodo.org/records/14245863,
10.5281/zenodo.14245181,From migrants to residents – shifting behaviour in migratory birds to withstand global change (MigRes),2024-11-29,No funder metadata,,,,,,unknown,,,,,True,False,1,3,0,0,unknown,False,public,https://zenodo.org/records/14245181,https://zenodo.org/api/records/14245181/files/From_migrants_to_residents__shifting_behaviour_in_migratory_birds_to_withstand_global_change_MigRes.json/content
10.5281/zenodo.14244758,Incorporation of Latvian gastric cancer patients and control cohorts into the international epidemiological StoP project,2024-11-29,No funder metadata,,,,,,unknown,,,,,True,False,1,4,0,0,unknown,True,public,https://zenodo.org/records/14244758,https://zenodo.org/api/records/14244758/files/Incorporation_of_Latvian_gastric_cancer_patients_and_control_cohorts_into_the_international_epidemiological_StoP_project.json/content
10.5281/zenodo.14243596,Space object optical tracking system of the UL Academic Centre and its sustainable development,2024-11-29,No funder metadata,,,,,,unknown,,,,,True,False,2,8,0,0,unknown,False,public,https://zenodo.org/records/14243596,https://zenodo.org/api/records/14243596/files/Space_object_optical_tracking_system_of_the_UL_Academic_Centre_and_its_sustainable_development.json/content
10.5281/zenodo.14246480,Livonic Dialect in Courland: Conception and Methodology of New Classification (LiviDo),2024-11-29,No funder metadata,,,,,,unknown,,,,,False,,,,0,0,,False,public,https://zenodo.org/records/14246480,
10.5281/zenodo.14723608,D6.4 Updated Data Management Plan,2024-11-29,Horizon Europe,HORIZON,101070571,UNLOCK-CEI,HORIZON-CL4-2021-DATA-01,natural sciences,late,0.999,2022-06-01,2024-11-30,CLOSED,False,,,,0,0,,False,public,https://zenodo.org/records/14723608,
10.5281/zenodo.14236988,D6.2 – Development and update of the Data Management Plan 1,2024-11-28,Horizon Europe,HORIZON,101093997,GlycanTrigger,HORIZON-HLTH-2022-STAYHLTH-02,natural sciences,early,0.318,2023-01-01,2028-12-31,SIGNED,False,,,,0,0,,True,public,https://zenodo.org/records/14236988,
10.5281/zenodo.14236503,IPBES Transformative Change Assessment Chapter 3. Data Management Report 3.1 Review of knowledge on theories and frameworks of transformative change,2024-11-28,No funder metadata,,,,,,unknown,,,,,False,,,,0,0,,False,public,https://zenodo.org/records/14236503,
10.5281/zenodo.14235347,IPBES Transformative Change Assessment Chapter 4. Data Management Report 4.3 Review of literature on institutional misfits and inadequate policies,2024-11-28,No funder metadata,,,,,,unknown,,,,,False,,,,0,0,,False,public,https://zenodo.org/records/14235347,
10.5281/zenodo.14235141,IPBES Transformative Change Assessment Chapter 4. Data Management Report 4.2 Review of literature on power imbalances and inequalities,2024-11-28,No funder metadata,,,,,,unknown,,,,,False,,,,0,0,,False,public,https://zenodo.org/records/14235141,
10.5281/zenodo.14234529,Whole-body Dermoscopic Imaging in the Visible and Infrared Spectral Ranges (Project. No.: LU-BA-PA-2024/1-0006),2024-11-28,No funder metadata,,,,,,unknown,,,,,True,False,1,3,0,0,unknown,True,public,https://zenodo.org/records/14234529,https://zenodo.org/api/records/14234529/files/Wholebody_Dermoscopic_Imaging_in_the_Visible_and_Infrared_Spectral_Ranges_Project_No_LUBAPA202410006.json/content
10.5281/zenodo.14234467,Hydrogel electrolytes confined in anodic alumina nanochannels for effective low grade heat conversion to electricity,2024-11-28,No funder metadata,,,,,,unknown,,2024-11-11,2024-11-11,,True,False,3,15,0,0,unknown,False,public,https://zenodo.org/records/14234467,https://zenodo.org/api/records/14234467/files/Hydrogel_electrolytes_confined_in_anodic_alumina_nanochannels_for_effective_low_grade_heat_conversion_to_electricity.json/content
10.5281/zenodo.14231300,AI Horizons: Navigating the Future of Social Sciences and Finance Education (AIH),2024-11-27,No funder metadata,,,,,,unknown,,,,,True,False,4,12,0,0,unknown,False,public,https://zenodo.org/records/14231300,https://zenodo.org/api/records/14231300/files/AI_Horizons_Navigating_the_Future_of_Social_Sciences_and_Finance_Education_AIH.json/content
10.5281/zenodo.14230477,Data management plan of the EJP Soil SERENA project,2024-11-27,Horizon 2020,H2020,862695,EJP SOIL,H2020-SFS-2018-2020,natural sciences,late,0.964,2020-02-01,2025-01-31,SIGNED,False,,,,0,0,,False,public,https://zenodo.org/records/14230477,
10.5281/zenodo.14228483,Forgotten Philosophers: Erika Sehl and Kurt Stavenhagen at the Herder-Institute in Riga and in the World,2024-11-27,No funder metadata,,,,,,unknown,,,,,True,False,2,8,0,0,unknown,False,public,https://zenodo.org/records/14228483,https://zenodo.org/api/records/14228483/files/Forgotten_Philosophers_Erika_Sehl_and_Kurt_Stavenhagen_at_the_HerderInstitute_in_Riga_and_in_the_World.json/content
10.5281/zenodo.14227279,"Data management plan project ""Knots in Clay: Insights into Ancient Fibrework from Imprints in Pottery""",2024-11-27,No funder metadata,,,,,,unknown,,,,,True,False,7,28,0,0,unknown,False,public,https://zenodo.org/records/14227279,https://zenodo.org/api/records/14227279/files/Data_management_plan_project_Knots_in_Clay_Insights_into_Ancient_Fibrework_from_Imprints_in_Pottery.json/content
10.5281/zenodo.14223329,DMP: Wind Power Capacity Municipality Denmark,2024-11-26,No funder metadata,,,,,,unknown,,,,,False,,,,0,0,,False,public,https://zenodo.org/records/14223329,
10.5281/zenodo.14226168,"Data Management Plan for the Project ""Contextualization of Traditional Clothing: Reassessing the Connection Between Riga and Latgale""",2024-11-26,No funder metadata,,,,,,unknown,,,,,True,False,2,6,0,0,unknown,False,public,https://zenodo.org/records/14226168,https://zenodo.org/api/records/14226168/files/Data_Management_Plan_for_the_Project_Contextualization_of_Traditional_Clothing_Reassessing_the_Connection_Between_Riga_and_Latgale.json/content
10.5281/zenodo.14224025,Applications of time-resolved spectroscopy measurements in biological tissues and material (Projekta Nr. LU-BA-PG-2024/1-0031),2024-11-26,No funder metadata,,,,,,unknown,,,,,True,False,5,20,0,0,unknown,False,public,https://zenodo.org/records/14224025,https://zenodo.org/api/records/14224025/files/Applications_of_timeresolved_spectroscopy_measurements_in_biological_tissues_and_material_Projekta_Nr_LUBAPG202410031.json/content
10.5281/zenodo.14223620,Historical dictionary of Latvian given names (LaGiN),2024-11-26,No funder metadata,,,,,,unknown,,,,,True,False,1,4,0,0,unknown,False,public,https://zenodo.org/records/14223620,https://zenodo.org/api/records/14223620/files/Historical_dictionary_of_Latvian_given_names_LaGiN.json/content
10.5281/zenodo.14224365,Data management plan,2024-11-26,Horizon Europe,HORIZON,101091099,InBestSoil,HORIZON-MISS-2021-SOIL-02,natural sciences,mid,0.476,2023-01-01,2026-12-31,SIGNED,False,,,,0,0,,False,public,https://zenodo.org/records/14224365,
10.5281/zenodo.14205399,Fiducial-Cosmology-dependent systematics for the DESI 2024 BAO Analysis,2024-11-22,No funder metadata,,,,,,unknown,,,,,False,,,,0,0,,False,public,https://zenodo.org/records/14205399,
10.5281/zenodo.14204527,CoARA Action Plan 2024 - 2027 Satakunta University of Applied Sciences,2024-11-22,No funder metadata,,,,,,unknown,,,,,False,,,,0,0,,False,public,https://zenodo.org/records/14204527,
10.46446/DMP-peer-review-assessment-ML,Data Management Plan (DMP): A Supervised Machine Learning Approach for Assessing Grant Peer Review Reports,2024-11-22,No funder metadata,,,,,,unknown,,,,,False,,,,0,0,,False,public,https://zenodo.org/records/14202587,
10.5281/zenodo.14203760,FAIRICUBE Milestone M1 Initial data management plan finished,2024-11-22,Horizon Europe,HORIZON,101059238,FAIRiCUBE,HORIZON-CL6-2021-GOVERNANCE-01,natural sciences,late,0.737,2022-07-01,2025-09-30,SIGNED,False,,,,0,0,,False,public,https://zenodo.org/records/14203760,
10.5281/zenodo.14204759,Data Management Plan,2024-11-22,Horizon Europe,HORIZON,101091308,SoilValues,HORIZON-MISS-2021-SOIL-02,engineering and technology,mid,0.473,2023-01-01,2026-12-31,SIGNED,False,,,,0,0,,False,public,https://zenodo.org/records/14204759,
10.5281/zenodo.14195477,"Impact of hospitalization on nutritional status and the risk of dysphagia in people aged 65 and over. Multicentre study ""NUTRIFAG""",2024-11-21,Other funder,,PI21/00738,,,,unknown,,,,,False,,,,0,0,,True,public,https://zenodo.org/records/14195477,
10.5281/zenodo.14198737,SAIL Data Management Plan,2024-11-21,No funder metadata,,,,,,unknown,,,,,False,,,,0,0,,False,public,https://zenodo.org/records/14198737,
10.5281/zenodo.14199046,"DMP: Time Series Analysis, Varnum",2024-11-21,No funder metadata,,,,,,unknown,,,,,False,,,,0,0,,False,public,https://zenodo.org/records/14199046,
10.5281/zenodo.14199556,D1.7 - RP2 update of the data management plan,2024-11-21,Horizon Europe,HORIZON,101046846,MAPWORMS,HORIZON-EIC-2021-PATHFINDEROPEN-01,natural sciences,mid,0.64,2022-05-01,2026-04-30,SIGNED,False,,,,0,0,,False,public,https://zenodo.org/records/14199556,
10.5281/zenodo.14176435,Semi-analytical covariance matrices for two-point correlation function for DESI 2024 data,2024-11-19,No funder metadata,,,,,,unknown,,,,,False,,,,0,0,,False,public,https://zenodo.org/records/14176435,
10.5281/zenodo.14162872,Characterization of DESI fiber assignment incompleteness effect on 2-point clustering and mitigation methods for DR1 analysis,2024-11-19,No funder metadata,,,,,,unknown,,,,,False,,,,0,0,,False,public,https://zenodo.org/records/14162872,
10.5281/zenodo.14185627,Data Management Plan (version under review),2024-11-19,Horizon Europe,HORIZON,101112951,CREDIBLE,HORIZON-MISS-2022-SOIL-01,,mid,0.49,2023-06-01,2026-05-31,SIGNED,False,,,,0,0,,True,public,https://zenodo.org/records/14185627,
10.5281/zenodo.14178018,ColdSpark project Deliverable D8.2. Data Management Plan (M6),2024-11-18,Horizon Europe,HORIZON,101069931,ColdSpark,HORIZON-CL5-2021-D2-01,engineering and technology,late,0.705,2022-06-01,2025-11-30,SIGNED,False,,,,0,0,,False,public,https://zenodo.org/records/14178018,
10.5281/zenodo.18146810,D 7.1 Data Management Plan (DMP I),2024-11-15,Horizon Europe,HORIZON,101084220,COEVOLVERS,HORIZON-CL6-2022-COMMUNITIES-01,social sciences,mid,0.51,2022-11-01,2026-10-31,SIGNED,False,,,,0,0,,False,public,https://zenodo.org/records/18146810,
10.5281/zenodo.14162672,Deliverable 8.1: Data Management Plan,2024-11-14,Horizon Europe,HORIZON,101103755,FASTEST,HORIZON-CL5-2022-D2-01,,mid,0.486,2023-06-01,2026-05-31,SIGNED,False,,,,0,0,,False,public,https://zenodo.org/records/14162672,
10.5281/zenodo.14134413,"D1.3 Data Management Plan and Regulatory, Societal, Gender & Ethical Issues",2024-11-13,Horizon Europe,HORIZON,101135423,ENACT,HORIZON-CL4-2023-DATA-01,social sciences,early,0.289,2024-01-01,2026-12-31,SIGNED,False,,,,0,0,,True,public,https://zenodo.org/records/14134413,
10.5281/zenodo.14166492,A Spectroscopic Search for Optical Emission Lines from Dark Matter Decay,2024-11-12,No funder metadata,,,,,,unknown,,,,,False,,,,0,0,,False,public,https://zenodo.org/records/14166492,
10.5281/zenodo.14099654,AGROECOseqC Data Management Plan,2024-11-12,No funder metadata,,,,,,unknown,,,,,False,,,,0,0,,False,public,https://zenodo.org/records/14099654,
10.5281/zenodo.14051944,The Data Management Plan - from a burden to a key success factor,2024-11-07,DFG,DFG,460197019,,,,unknown,,,,,False,,,,0,0,,False,public,https://zenodo.org/records/14051944,
10.5281/zenodo.14052119,Data Management Plan,2024-11-07,Horizon Europe,HORIZON,101059853,SASPAM-SA,HORIZON-EURATOM-2021-NRT-01,engineering and technology,mid,0.468,2022-10-01,2027-03-31,SIGNED,False,,,,0,0,,True,public,https://zenodo.org/records/14052119,
10.5281/zenodo.14045502,D7.2: Data Management Plan – V2,2024-11-06,Horizon Europe,HORIZON,101084234,FLIARA,HORIZON-CL6-2022-COMMUNITIES-01,social sciences,mid,0.616,2023-01-01,2025-12-31,SIGNED,False,,,,0,0,,False,public,https://zenodo.org/records/14045502,
10.5281/zenodo.14045488,D7.1: Data Management Plan – V1,2024-11-06,Horizon Europe,HORIZON,101084234,FLIARA,HORIZON-CL6-2022-COMMUNITIES-01,social sciences,mid,0.616,2023-01-01,2025-12-31,SIGNED,False,,,,0,0,,False,public,https://zenodo.org/records/14045488,
10.5281/zenodo.14044603,D8.2 - Project data management plan,2024-11-06,Horizon Europe,HORIZON,101093169,MultiXscale,HORIZON-EUROHPC-JU-2021-COE-01,social sciences,mid,0.462,2023-01-01,2026-12-31,SIGNED,False,,,,0,0,,False,public,https://zenodo.org/records/14044603,
10.5281/zenodo.12744440,CIRCE: Counteracting dIscrimination pRactiCes in Education,2024-11-05,No funder metadata,,,,,,unknown,,,,,False,,,,0,0,,False,public,https://zenodo.org/records/12744440,
10.5281/zenodo.14039617,Mapas WebGIS de Inundação e de Perigo de Inundação de Rio Negrinho/SC,2024-11-05,No funder metadata,,,,,,unknown,,,,,False,,,,0,0,,False,public,https://zenodo.org/records/14039617,
10.5281/zenodo.14039506,Data Management Plan for 2024/2025 postdoctoral studies of a liquid metal free surface electromagnetic stabilization,2024-11-05,No funder metadata,,,,,,unknown,,Mon Nov 04,Tue Nov 04,,True,False,1,1,0,0,unknown,False,public,https://zenodo.org/records/14039506,https://zenodo.org/api/records/14039506/files/DMPLUBAPG202410002_Electromagn_stabiliz_studies_of_a_liquid_metal_free_surface_for_applications_in_thermoacoustically_driven_magnetohydrodynamic_generator0.json/content
10.5281/zenodo.14041140,Data Management Plan. Third release.,2024-11-05,Horizon 2020,H2020,955273,TANGENT,H2020-MG-2018-2019-2020,social sciences,late,0.979,2021-09-01,2024-11-30,CLOSED,False,,,,0,0,,False,public,https://zenodo.org/records/14041140,
10.5281/zenodo.14035260,IPBES Transformative Change Assessment Chapter 4. Data Management Report 4.5 Review of literature on limited access to clean technologies and uncoordinated knowledge and innovation systems,2024-11-04,No funder metadata,,,,,,unknown,,,,,False,,,,0,0,,False,public,https://zenodo.org/records/14035260,
10.5281/zenodo.15796846,Data Management Plan,2024-11-04,Horizon Europe,HORIZON,101138202,MINDED,HORIZON-CL5-2023-D5-01,,early,0.241,2024-01-01,2027-06-30,SIGNED,False,,,,0,0,,False,public,https://zenodo.org/records/15796846,
10.5281/zenodo.13902410,Data Management Plan,2024-11-01,Horizon Europe,HORIZON,101132028,IMPULSE,HORIZON-INFRA-2023-DEV-01,medical and health sciences,early,0.224,2024-03-01,2027-02-28,SIGNED,False,,,,0,0,,False,public,https://zenodo.org/records/13902410,
10.5281/zenodo.16751559,AMULET Data Management Plan,2024-11,Other funder,,EH22_008/0004558,,,,unknown,,,,,False,,,,0,0,,False,public,https://zenodo.org/records/16751559,
10.5281/zenodo.13862496,IPBES Transformative Change Assessment Chapter 5. Data Management Report 5.4 Literature review on governance,2024-11,No funder metadata,,,,,,unknown,,,,,False,,,,0,0,,False,public,https://zenodo.org/records/13862496,
10.5281/zenodo.13862424,IPBES Transformative Change Assessment Chapter 5. Data Management Report 5.3 Analysis of civil society initiatives,2024-11,No funder metadata,,,,,,unknown,,,,,False,,,,0,0,,False,public,https://zenodo.org/records/13862424,
10.5281/zenodo.14268580,"IPBES Transformative Change Assessment Chapter 5. Data Management Report 5.1. Instruments, actions and strategies for transformative change",2024-11,No funder metadata,,,,,,unknown,,,,,False,,,,0,0,,False,public,https://zenodo.org/records/14268580,
10.5281/zenodo.13789300,IPBES Transformative Change Assessment Chapter 5. Data Management Report 5.2 Literature review on harmful subsidies,2024-11,No funder metadata,,,,,,unknown,,,,,False,,,,0,0,,False,public,https://zenodo.org/records/13789300,
10.5281/zenodo.13881043,IPBES Transformative Change Assessment Chapter 2. Data Management Report 2.1 Literature review on visioning activities,2024-11,No funder metadata,,,,,,unknown,,,,,False,,,,0,0,,False,public,https://zenodo.org/records/13881043,
10.5281/zenodo.13926220,IPBES Transformative Change Assessment Chapter 2. Data Management Report 2.7 Visions from Indigenous and local knowledge,2024-11,No funder metadata,,,,,,unknown,,,,,False,,,,0,0,,False,public,https://zenodo.org/records/13926220,
10.5281/zenodo.14242914,IPBES Transformative Change Assessment Chapter 2. Data Management Report 2.0 Visions database analysis strategy,2024-11,No funder metadata,,,,,,unknown,,,,,False,,,,0,0,,False,public,https://zenodo.org/records/14242914,
10.5281/zenodo.14244206,IPBES Transformative Change Assessment Chapter 2. Data Management Report 2.2 Content analysis and mapping against NFF of practical interventions for concrete action,2024-11,No funder metadata,,,,,,unknown,,,,,False,,,,0,0,,False,public,https://zenodo.org/records/14244206,
10.5281/zenodo.14237521,IPBES Transformative Change Assessment Chapter 2. Data Management Report 2.5 Social media analysis,2024-11,No funder metadata,,,,,,unknown,,,,,False,,,,0,0,,False,public,https://zenodo.org/records/14237521,
10.5281/zenodo.14236885,IPBES Transformative Change Assessment Chapter 2. Data Management Report 2.11 Content analysis of most potentially transformative visions,2024-11,No funder metadata,,,,,,unknown,,,,,False,,,,0,0,,False,public,https://zenodo.org/records/14236885,
10.5281/zenodo.15458595,ALGAESOL - D7.2 - Data Management Plan (DMP),2024-10-31,Horizon Europe,HORIZON,101147112,ALGAESOL,HORIZON-CL5-2023-D3-02,natural sciences,early,0.167,2024-05-01,2027-04-30,SIGNED,False,,,,0,0,,False,public,https://zenodo.org/records/15458595,
10.5281/zenodo.15025705,D7.3 Data Management Plan Revised,2024-10-31,Horizon Europe,HORIZON,101070537,CROSSCON,HORIZON-CL3-2021-CS-01,natural sciences,mid,0.667,2022-11-01,2025-10-31,SIGNED,False,,,,0,0,,False,public,https://zenodo.org/records/15025705,
10.5281/zenodo.14008214,Final Data Management Plan,2024-10-31,Horizon 2020,H2020,869283,WIDER UPTAKE,H2020-SC5-2018-2019-2020,engineering and technology,late,1.0,2020-05-01,2024-10-31,CLOSED,False,,,,0,0,,False,public,https://zenodo.org/records/14008214,
10.5281/zenodo.14015201,PARSEC Data and Digital Output Management Plan and Workbook,2024-10-30,No funder metadata,,,,,,unknown,,,,,False,,,,0,0,,False,public,https://zenodo.org/records/14015201,
10.5281/zenodo.14012952,Data management plan of the NAVIGATOR project,2024-10-30,No funder metadata,,,,,,unknown,,,,,False,,,,0,0,,False,public,https://zenodo.org/records/14012952,
10.5281/zenodo.14011624,Planetary material is a major source of hydrogen in helium-dominated white dwarfs,2024-10-30,No funder metadata,,,,,,unknown,,,,,False,,,,0,0,,False,public,https://zenodo.org/records/14011624,
10.5281/zenodo.14012498,"State Research Programme ""Vectors of  societal cohesion"" (VPP-KM-SPASA-2023/1 0002)",2024-10-30,No funder metadata,,,,,,unknown,,Tue Oct 01,Wed Oct 01,,True,False,2,2,0,0,unknown,False,public,https://zenodo.org/records/14012498,https://zenodo.org/api/records/14012498/files/DMPVectors_of_Societal_Cohesion_from_cohesion_around_the_nationstate_2012_2018_to_a_cohesive_civic_community_for_the_security_of_the_state_society_and__individuals_202420251.json/content
10.5281/zenodo.14000684,Bluetools Data Management Plan,2024-10-28,Horizon Europe,HORIZON,101081957,BLUETOOLS,HORIZON-CL6-2022-CIRCBIO-01,natural sciences,mid,0.477,2022-12-01,2026-11-30,SIGNED,False,,,,0,0,,False,public,https://zenodo.org/records/14000684,
10.5281/zenodo.21707099,BioProtect Deliverable D9.1 Data management plan – v1,2024-10-28,Horizon Europe,HORIZON,101157341,BioProtect,HORIZON-MISS-2023-OCEAN-01,,early,0.123,2024-05-01,2028-04-30,SIGNED,False,,,,0,0,,True,public,https://zenodo.org/records/21707099,
10.5281/zenodo.13987429,ICARUS — Information-Centric sAtellite-netwoRk for vehicUlar communicationS Data Management,2024-10-24,No funder metadata,,,,,,unknown,,Thu Apr 18,Fri Apr 18,,True,False,2,0,0,0,unknown,False,public,https://zenodo.org/records/13987429,https://zenodo.org/api/records/13987429/files/DMPInformationCentric_sAtellitenetwoRk_for_vehicUlar_communicationS0.json/content
10.5281/zenodo.13985445,ReForest: Deliverable D7.2. Data Management Plan,2024-10-24,Horizon Europe,HORIZON,101060635,REFOREST,HORIZON-CL6-2021-CLIMATE-01,agricultural sciences,mid,0.579,2022-07-01,2026-06-30,SIGNED,False,,,,0,0,,False,public,https://zenodo.org/records/13985445,
10.5281/zenodo.13985719,RESILIENCE Presentation on RDM and the D2.4 Data Management Plan,2024-10-24,Horizon Europe,HORIZON,101079792,RESILIENCE PPP,HORIZON-INFRA-2021-DEV-02,social sciences,mid,0.6,2022-06-01,2026-05-31,SIGNED,False,,,,0,0,,False,public,https://zenodo.org/records/13985719,
10.5281/zenodo.13981358,BY-COVID D8.2.3 Project Data Management Plan initial release and periodic updates,2024-10-23,Horizon Europe,HORIZON,101046203,BY-COVID,HORIZON-INFRA-2021-EMERGENCY-01,medical and health sciences,late,1.021,2021-10-01,2024-09-30,SIGNED,False,,,,0,0,,True,public,https://zenodo.org/records/13981358,
10.5281/zenodo.13960959,IPBES Transformative Change Assessment Chapter 3. Data Management Report 3.2 Systematic review of literature on transformative change for sustainability,2024-10-21,No funder metadata,,,,,,unknown,,,,,False,,,,0,0,,False,public,https://zenodo.org/records/13960959,
10.5281/zenodo.13960481,IPBES Transformative Change Assessment Chapter 4. Data Management Report 4.4 Review of literature on unsustainable consumption and production patterns and individual habits and practices,2024-10-21,No funder metadata,,,,,,unknown,,,,,False,,,,0,0,,False,public,https://zenodo.org/records/13960481,
10.5281/zenodo.13959896,IPBES Transformative Change Assessment Chapter 4. Data Management Report 4.1 Review of literature on persistent and pervasive relations of domination forged in colonial eras,2024-10-21,No funder metadata,,,,,,unknown,,,,,False,,,,0,0,,False,public,https://zenodo.org/records/13959896,
10.5281/zenodo.13935002,D1.2 Updated DMP RP1,2024-10-15,Horizon Europe,HORIZON,101046878,HYBRAIN,HORIZON-EIC-2021-PATHFINDEROPEN-01,natural sciences,mid,0.546,2022-05-01,2026-10-31,SIGNED,False,,,,0,0,,False,public,https://zenodo.org/records/13935002,
10.5281/zenodo.13931518,"IPBES nexus assessment – Chapter 5.5 – CLIMATE CHANGE, data management report 1 – Initial response option selection and assessment",2024-10-14,No funder metadata,,,,,,unknown,,,,,False,,,,0,0,,False,public,https://zenodo.org/records/13931518,
10.5281/zenodo.13931440,"IPBES Nexus Assessment – Chapter 5, data management report 1 – Response option scoring",2024-10-14,No funder metadata,,,,,,unknown,,,,,False,,,,0,0,,False,public,https://zenodo.org/records/13931440,
10.5281/zenodo.13931483,"IPBES Nexus Assessment – Chapter 5, data management report 3 – Response option support for global policy frameworks",2024-10-14,No funder metadata,,,,,,unknown,,,,,False,,,,0,0,,False,public,https://zenodo.org/records/13931483,
10.5281/zenodo.14586920,SUPERSHINE Data Management Plan,2024-10-11,Horizon Europe,HORIZON,101079963,SUPERSHINE,HORIZON-CL4-2021-RESILIENCE-02,engineering and technology,mid,0.57,2022-11-01,2026-03-31,SIGNED,False,,,,0,0,,False,public,https://zenodo.org/records/14586920,
10.5281/zenodo.13913225,"IPBES Nexus Assessment - Chapter  4, data management report 3 – Literature review for section 4.2",2024-10-10,No funder metadata,,,,,,unknown,,,,,False,,,,0,0,,False,public,https://zenodo.org/records/13913225,
10.5281/zenodo.13913293,"IPBES Nexus Assessment - Chapter  5.5 – CLIMATE CHANGE, data management report 2 – Figure 5.5.8",2024-10-10,No funder metadata,,,,,,unknown,,,,,False,,,,0,0,,False,public,https://zenodo.org/records/13913293,
10.5281/zenodo.13913274,"IPBES Nexus Assessment - Chapter  5.1 – BIODIVERSITY, data management report 4 – Figures 5.1.16, 5.1.17 and 5.1.18",2024-10-10,No funder metadata,,,,,,unknown,,,,,False,,,,0,0,,False,public,https://zenodo.org/records/13913274,
10.5281/zenodo.13913266,"IPBES Nexus Assessment - Chapter  5.1 – BIODIVERSITY, data management report 3 – Figure 5.1.5",2024-10-10,No funder metadata,,,,,,unknown,,,,,False,,,,0,0,,False,public,https://zenodo.org/records/13913266,
10.5281/zenodo.13913256,"IPBES Nexus Assessment - Chapter  5.1 – BIODIVERSITY, data management report 2 – Literature review and identification of response options",2024-10-10,No funder metadata,,,,,,unknown,,,,,False,,,,0,0,,False,public,https://zenodo.org/records/13913256,
10.5281/zenodo.13913196,"IPBES Nexus Assessment - Chapter  2, data management report 6 – Figure on number of deaths attributable to all forms of pollution",2024-10-10,No funder metadata,,,,,,unknown,,,,,False,,,,0,0,,False,public,https://zenodo.org/records/13913196,
10.5281/zenodo.13913182,"IPBES Nexus Assessment - Chapter  2, data management report 3 – Systematic literature review – indicators of drivers of change in nexus elements for Indigenous Peoples and local communities",2024-10-10,No funder metadata,,,,,,unknown,,,,,False,,,,0,0,,False,public,https://zenodo.org/records/13913182,
10.5281/zenodo.13913230,"IPBES Nexus Assessment - Chapter  5.1 – BIODIVERSITY, data management report 1 – Analysis to characterize actors involved in response options and actor network analysis",2024-10-10,No funder metadata,,,,,,unknown,,,,,False,,,,0,0,,False,public,https://zenodo.org/records/13913230,
10.5281/zenodo.13913214,"IPBES Nexus Assessment - Chapter  4, data management report 1 – Systematic literature review for section 4.3",2024-10-10,No funder metadata,,,,,,unknown,,,,,False,,,,0,0,,False,public,https://zenodo.org/records/13913214,
10.5281/zenodo.13913205,"IPBES Nexus Assessment - Chapter  3, data management report 1 – Review of scenarios and allocating scenarios to entry points",2024-10-10,No funder metadata,,,,,,unknown,,,,,False,,,,0,0,,False,public,https://zenodo.org/records/13913205,
10.5281/zenodo.13913136,"IPBES Nexus Assessment - Chapter  2, data management report 5 – Trends in indirect drivers: impacts on trends in direct drivers and the associated impacts on the status and trends of nexus elements",2024-10-10,No funder metadata,,,,,,unknown,,,,,False,,,,0,0,,False,public,https://zenodo.org/records/13913136,
10.5281/zenodo.13913127,"IPBES Nexus Assessment - Chapter  2, data management report 4 – Overlay analysis of spatially explicit data on status and trends of nexus elements",2024-10-10,No funder metadata,,,,,,unknown,,,,,False,,,,0,0,,False,public,https://zenodo.org/records/13913127,
10.5281/zenodo.13913118,"IPBES Nexus Assessment - Chapter  2, data management report 2 – Analyses to assess trends of nexus elements, direct and indirect drivers",2024-10-10,No funder metadata,,,,,,unknown,,,,,False,,,,0,0,,False,public,https://zenodo.org/records/13913118,
10.5281/zenodo.13913053,"IPBES Nexus Assessment - Chapter 2, data management report 1 – Systematic literature review",2024-10-10,No funder metadata,,,,,,unknown,,,,,False,,,,0,0,,False,public,https://zenodo.org/records/13913053,
10.5281/zenodo.13918133,DigiBatt Data management plan,2024-10-10,Horizon Europe,HORIZON,101103997,DigiBatt,HORIZON-CL5-2022-D2-01,natural sciences,early,0.258,2024-01-01,2026-12-31,SIGNED,False,,,,0,0,,False,public,https://zenodo.org/records/13918133,
10.5281/zenodo.13915638,EMERGE Event Administration Forms,2024-10-10,Other funder,,2022070,,,,unknown,,,,,False,,,,0,0,,False,public,https://zenodo.org/records/13915638,
10.5281/zenodo.13915112,EMERGE Authorship Policy & EMERGE Authorship Agreement,2024-10-10,Other funder,,2022070,,,,unknown,,,,,False,,,,0,0,,False,public,https://zenodo.org/records/13915112,
10.5281/zenodo.13913159,Selective DNA markers for Apera spica-venti,2024-10-10,No funder metadata,,,,,,unknown,,Thu Oct 10,Fri Oct 10,,True,False,1,1,0,0,unknown,False,public,https://zenodo.org/records/13913159,https://zenodo.org/api/records/13913159/files/DMPDNS_marieru_izstrde_parasts_rudzusmilgas_Apera_spicaventi_sklu_noteikanai_augsnes_sklu_bank0.json/content
10.5281/zenodo.14163660,D1.5 Data Management Plan,2024-10-10,Horizon Europe,HORIZON,101144144,FLEXBY,HORIZON-CL5-2023-D3-02,engineering and technology,early,0.111,2024-05-01,2028-04-30,SIGNED,False,,,,0,0,,False,public,https://zenodo.org/records/14163660,
10.5281/zenodo.13901130,Optimal reconstruction of baryon acoustic oscillations for DESI 2024,2024-10-08,No funder metadata,,,,,,unknown,,,,,False,,,,0,0,,False,public,https://zenodo.org/records/13901130,
10.5281/zenodo.13900828,Plasmepsin IX/X Inhibitors as Antimalarial Leads (No. 75/OSI/PA),2024-10-07,No funder metadata,,,,,,unknown,,,,,False,,,,0,0,,False,public,https://zenodo.org/records/13900828,
10.5281/zenodo.13899678,Basic Nonprofit Plan for PRO.NGO,2024-10-07,No funder metadata,,,,,,unknown,,,,,False,,,,0,0,,False,public,https://zenodo.org/records/13899678,
10.5281/zenodo.13895729,EDGES: Data Management Plan & Ethics Plan,2024-10-06,Horizon Europe,HORIZON,101130077,EDGES,HORIZON-MSCA-2022-SE-01,humanities,early,0.191,2024-01-01,2027-12-31,SIGNED,False,,,,0,0,,True,public,https://zenodo.org/records/13895729,
10.5281/zenodo.14501296,Deliverable 7.2 SciLake Data management plan (DMP),2024-10-05,Horizon Europe,HORIZON,101058573,SciLake,HORIZON-INFRA-2021-EOSC-01,natural sciences,mid,0.543,2023-01-01,2026-03-31,SIGNED,False,,,,0,0,,False,public,https://zenodo.org/records/14501296,
10.5281/zenodo.13884528,Enhancing General Practitioner Resilience in Latvia: Challenges and Solutions,2024-10-03,No funder metadata,,,,,,unknown,,,,,False,,,,0,0,,False,public,https://zenodo.org/records/13884528,
10.5281/zenodo.17082837,Data Policy - Plant Pathogen 'Omics Initiative,2024-10-01,No funder metadata,,,,,,unknown,,,,,False,,,,0,0,,False,public,https://zenodo.org/records/17082837,
10.5281/zenodo.13941182,IPBES Transformative Change Assessment Chapter 1. Data Management Report 1.2 Analysis of contributions on what transformative change is according to different communities of knowledge,2024-10,No funder metadata,,,,,,unknown,,,,,False,,,,0,0,,False,public,https://zenodo.org/records/13941182,
10.5281/zenodo.13863716,Structural and biophysical analysis of tau filament-antibody complexes (DMP_ANM_OSI_ZG_42),2024-09-30,No funder metadata,,,,,,unknown,,,,,False,,,,0,0,,False,public,https://zenodo.org/records/13863716,
10.5281/zenodo.14333641,STRATEGIC D7.3 Data Management Plan,2024-09-30,Horizon Europe,HORIZON,101145644,STRATEGIC,HORIZON-JU-GH-EDCTP3-2023-01,,early,0.166,2024-04-01,2027-03-31,SIGNED,False,,,,0,0,,True,public,https://zenodo.org/records/14333641,
10.5281/zenodo.14283187,NAUTILOS D1.12 - Final Data Management Plan,2024-09-30,Horizon 2020,H2020,101000825,NAUTILOS,H2020-BG-2018-2020,engineering and technology,late,0.842,2020-10-01,2025-06-30,CLOSED,False,,,,0,0,,False,public,https://zenodo.org/records/14283187,
10.5281/zenodo.14162234,EU-CHINA BRIDGE: D7.6 – Data Management Plan V1,2024-09-30,Horizon Europe,HORIZON,101137971,EU-CHINA-BRIDGE,HORIZON-CL5-2023-D1-02,social sciences,early,0.166,2024-04-01,2027-03-31,SIGNED,False,,,,0,0,,True,public,https://zenodo.org/records/14162234,
10.5281/zenodo.14105515,D6.1 - Provisional Data Management Plan,2024-09-30,Horizon Europe,HORIZON,101059407,MarinePlan,HORIZON-CL6-2021-BIODIV-01,natural sciences,mid,0.667,2022-10-01,2025-09-30,SIGNED,False,,,,0,0,,False,public,https://zenodo.org/records/14105515,
10.5281/zenodo.13859552,Data Management Plan,2024-09-30,Horizon 2020,H2020,101036814,CityCLIM,H2020-LC-GD-2020,engineering and technology,late,1.0,2021-10-01,2024-09-30,CLOSED,False,,,,0,0,,True,public,https://zenodo.org/records/13859552,
10.5281/zenodo.13856052,"Codes for ""Cross-ancestry genome-wide association study and systems-level integrative analyses implicate new risk genes and therapeutic targets for depression""",2024-09-29,No funder metadata,,,,,,unknown,,,,,False,,,,0,0,,False,public,https://zenodo.org/records/13856052,
10.5281/zenodo.13857898,Data Management Plan (DMP)v2,2024-09-29,Horizon 2020,H2020,952259,NANOFACTS,H2020-WIDESPREAD-2018-2020,engineering and technology,late,1.071,2021-01-01,2024-06-30,CLOSED,False,,,,0,0,,False,public,https://zenodo.org/records/13857898,
10.5281/zenodo.18303461,PHOENIX 5.3 Initial Data Management Plan,2024-09-27,Horizon Europe,HORIZON,101076383,PHOENIX,HORIZON-HLTH-2022-DISEASE-06-two-stage,medical and health sciences,mid,0.426,2023-04-01,2026-09-30,SIGNED,False,,,,0,0,,True,public,https://zenodo.org/records/18303461,
10.5281/zenodo.13851027,EOSC Beyond D1.2 Data Management Plan,2024-09-27,Horizon Europe,HORIZON,101131875,EOSC Beyond,HORIZON-INFRA-2023-EOSC-01,,early,0.164,2024-04-01,2027-03-31,SIGNED,False,,,,0,0,,False,public,https://zenodo.org/records/13851027,
10.5281/zenodo.13847570,D1.2 Data Management Plan (DMP),2024-09-27,Horizon 2020,H2020,952259,NANOFACTS,H2020-WIDESPREAD-2018-2020,engineering and technology,late,1.07,2021-01-01,2024-06-30,CLOSED,False,,,,0,0,,False,public,https://zenodo.org/records/13847570,
10.5281/zenodo.13838251,Construction of Fluorinated Organoboron Compounds (CARGO),2024-09-25,No funder metadata,,,,,,unknown,,Tue Sep 24,Wed Sep 24,,True,False,1,0,0,0,unknown,False,public,https://zenodo.org/records/13838251,https://zenodo.org/api/records/13838251/files/DMPResilience_Facility_RRF_5211i_0.json/content
10.5281/zenodo.13837203,REWIND Data Management Plan,2024-09-25,Horizon 2020,H2020,811208,MSCA 2018,H2020-IBA-MSCA-Presidency-Conf-2017,,late,7.869,2018-03-01,2018-12-31,CLOSED,False,,,,0,0,,False,public,https://zenodo.org/records/13837203,
10.5281/zenodo.13836877,"Stirilpiridīnija atvasinājumi ar konjugētu dubultsaišu sistēmu iegūšana, īpašības un izmantošana.",2024-09-25,No funder metadata,,,,,,unknown,,,,,False,,,,0,0,,False,public,https://zenodo.org/records/13836877,
10.5281/zenodo.18312085,PHOENIX 5.5 Updated Data Management Plan,2024-09-25,Horizon Europe,HORIZON,101076383,PHOENIX,HORIZON-HLTH-2022-DISEASE-06-two-stage,medical and health sciences,mid,0.425,2023-04-01,2026-09-30,SIGNED,False,,,,0,0,,False,public,https://zenodo.org/records/18312085,
10.5281/zenodo.13838229,EOSC-ENTRUST D1.2 - Project Data Management Plan (DMP),2024-09-25,Horizon Europe,HORIZON,101131056,EOSC-ENTRUST,HORIZON-INFRA-2023-EOSC-01,,early,0.19,2024-03-01,2027-02-28,SIGNED,False,,,,0,0,,True,public,https://zenodo.org/records/13838229,
10.5281/zenodo.13833921,DMP for Bacterial amyloid project ANM_OSI_PG_65,2024-09-24,No funder metadata,,,,,,unknown,,,,,False,,,,0,0,,False,public,https://zenodo.org/records/13833921,
10.5281/zenodo.13833751,Overcoming metallo-β-lactamase driven antibiotic  resistance with a codrug approach.,2024-09-24,No funder metadata,,,,,,unknown,,,,,False,,,,0,0,,True,public,https://zenodo.org/records/13833751,
10.5281/zenodo.13833493,Data management plan for ANM project Doctoral grant ANM_OSI_DG_12,2024-09-24,No funder metadata,,,,,,unknown,,,,,False,,,,0,0,,False,public,https://zenodo.org/records/13833493,
10.5281/zenodo.13833323,Fluorine into 3D Space: Development of Non-planar Fluorobenzene Bioisosteres,2024-09-24,No funder metadata,,,,,,unknown,,,,,False,,,,0,0,,False,public,https://zenodo.org/records/13833323,
10.5281/zenodo.13833213,RP1 Data Management Plan,2024-09-24,Horizon Europe,HORIZON,101098722,BABOTS,HORIZON-EIC-2022-PATHFINDEROPEN-01,agricultural sciences,early,0.246,2023-10-01,2027-09-30,SIGNED,False,,,,0,0,,False,public,https://zenodo.org/records/13833213,
10.5281/zenodo.13832867,Development of selective PKM2 and PARP1 inhibitors,2024-09-24,No funder metadata,,,,,,unknown,,,,,False,,,,0,0,,True,public,https://zenodo.org/records/13832867,
10.5281/zenodo.13832422,Structural insights in selective inhibitors of Aminoacyl-tRNA synthetases,2024-09-24,No funder metadata,,,,,,unknown,,,,,False,,,,0,0,,False,public,https://zenodo.org/records/13832422,
10.5281/zenodo.13832176,Elektroķīmiski ģenerētu katjonradikāļu reakcijas,2024-09-24,No funder metadata,,,,,,unknown,,,,,False,,,,0,0,,False,public,https://zenodo.org/records/13832176,
10.5281/zenodo.13831620,Pathogen-inspired peptide macrocycles as STAT1 antagonists. ANM_PA_01,2024-09-24,No funder metadata,,,,,,unknown,,Tue Sep 24,Wed Sep 24,,True,False,1,1,0,0,unknown,False,public,https://zenodo.org/records/13831620,https://zenodo.org/api/records/13831620/files/DMPPathogeninspired_peptide_macrocycles_as_STAT1_antagonists0.json/content
10.5281/zenodo.13830977,Exploring enzyme-based biohybrid materials as platforms for diabetes monitoring applications,2024-09-24,No funder metadata,,,,,,unknown,,,,,False,,,,0,0,,True,public,https://zenodo.org/records/13830977,
10.5281/zenodo.13834203,ActEU Data Management Plan v1.0,2024-09-24,Horizon Europe,HORIZON,101094190,ActEU,HORIZON-CL2-2022-DEMOCRACY-01,social sciences,mid,0.523,2023-03-01,2026-02-28,SIGNED,False,,,,0,0,,False,public,https://zenodo.org/records/13834203,
10.5281/zenodo.13829236,Development of reversible covalent inhibitors for plasmodium serine protease SUB1,2024-09-23,No funder metadata,,,,,,unknown,,,,,False,,,,0,0,,False,public,https://zenodo.org/records/13829236,
10.5281/zenodo.13829215,Data Management Plan,2024-09-23,No funder metadata,,,,,,unknown,,,,,False,,,,0,0,,False,public,https://zenodo.org/records/13829215,
10.5281/zenodo.13829079,Data Management Plan for the Focused library comprising bioisosteres of hydrolytic transition state of aspartic protease,2024-09-23,No funder metadata,,,,,,unknown,,Mon Sep 23,Tue Sep 23,,True,False,1,1,0,0,unknown,True,public,https://zenodo.org/records/13829079,https://zenodo.org/api/records/13829079/files/DMPFocused_library_comprising_bioisosteres_of_hydrolytic_transition_state_of_aspartic_protease0.json/content
10.5281/zenodo.13828845,Recombinant seryl-tRNA synthetase production for the creation of selective inhibitors with antibacterial activity,2024-09-23,No funder metadata,,,,,,unknown,,,,,False,,,,0,0,,False,public,https://zenodo.org/records/13828845,
10.5281/zenodo.13828839,"Data Management Plan for the  Project ""Harnessing Adenosine Mimetic Groups for Drug Development""",2024-09-23,No funder metadata,,,,,,unknown,,,,,False,,,,0,0,,False,public,https://zenodo.org/records/13828839,
10.5281/zenodo.13828786,Development and applications of new 14N solid-state NMR methods for characterization of biological molecules.,2024-09-23,No funder metadata,,,,,,unknown,,,,,False,,,,0,0,,False,public,https://zenodo.org/records/13828786,
10.5281/zenodo.13828717,DESIGN AND CRYSTALLIZATION OF CYCLODEXTRIN METAL-ORGANIC FRAMEWORKS USING TEMPLATE-DIRECTED SYNTHESIS,2024-09-23,No funder metadata,,,,,,unknown,,,,,False,,,,0,0,,False,public,https://zenodo.org/records/13828717,
10.5281/zenodo.13828335,Cobalt-catalyzed C-H bond functionalization,2024-09-23,No funder metadata,,,,,,unknown,,,,,False,,,,0,0,,False,public,https://zenodo.org/records/13828335,
10.5281/zenodo.13827923,"Data Management plan for project ""Development of optoplasmonic doped whispering gallery mode resonator""",2024-09-23,Other funder,,5.2.1.1.i.0/2/24/I/CFLA/007,,,,unknown,,,,,False,,,,0,0,,False,public,https://zenodo.org/records/13827923,
10.5281/zenodo.13827462,"Development of ""greener"" C-H bond functionalization methodology using cobalt catalysis",2024-09-23,No funder metadata,,,,,,unknown,,,,,False,,,,0,0,,False,public,https://zenodo.org/records/13827462,
10.5281/zenodo.13827460,"Data managment plane of ""Brain region-specific transcriptome of Sigma-1 receptor knock-out mice"" project.",2024-09-23,No funder metadata,,,,,,unknown,,,,,False,,,,0,0,,False,public,https://zenodo.org/records/13827460,
10.5281/zenodo.13886570,Data Management Plan for OSTrails,2024-09-21,Horizon Europe,HORIZON,101130187,OSTrails,HORIZON-INFRA-2023-EOSC-01,natural sciences,early,0.213,2024-02-01,2027-01-31,SIGNED,True,False,22,17,0,0,unknown,True,public,https://zenodo.org/records/13886570,https://zenodo.org/api/records/13886570/files/OSTrails_ARGOS_DMPv5.json/content
10.5281/zenodo.13821474,Inhibitors of selenoenzyme TrxR1 as anti-cancer agents with novel mechanism of action,2024-09-21,No funder metadata,,,,,,unknown,,,,,False,,,,0,0,,False,public,https://zenodo.org/records/13821474,
10.5281/zenodo.13886643,D6.1 Data Management Plan,2024-09-21,Horizon Europe,HORIZON,101130187,OSTrails,HORIZON-INFRA-2023-EOSC-01,natural sciences,early,0.213,2024-02-01,2027-01-31,SIGNED,False,,,,0,0,,False,public,https://zenodo.org/records/13886643,
10.5281/zenodo.13819370,DMP for Development of Novel Inhibitors of Metalloenzymes as Anti-Cancer Agents project,2024-09-20,No funder metadata,,,,,,unknown,,,,,False,,,,0,0,,False,public,https://zenodo.org/records/13819370,
10.5281/zenodo.13809996,"Nauris Silkāns, ""Development of fiber optical sensor system for structural health  monitoring of infrastructure objects"", Academic career PhD (doctoral) grant",2024-09-20,No funder metadata,,,,,,unknown,,Thu Sep 19,Fri Sep 19,,True,False,1,1,0,0,unknown,False,public,https://zenodo.org/records/13809996,https://zenodo.org/api/records/13809996/files/DMPAcademic_career_PhD_doctoral_grant0.json/content
10.5281/zenodo.13809531,"Nauris Silkāns, ""Development of fiber optical sensor system for structural health  monitoring of infrastructure objects""",2024-09-20,No funder metadata,,,,,,unknown,,Thu Sep 19,Fri Sep 19,,True,False,1,1,0,0,unknown,False,public,https://zenodo.org/records/13809531,https://zenodo.org/api/records/13809531/files/DMPAcademic_career_PhD_doctoral_grant0.json/content
10.5281/zenodo.13798750,Project data management plan template of the Institut Pasteur,2024-09-19,No funder metadata,,,,,,unknown,,,,,False,,,,0,0,,False,public,https://zenodo.org/records/13798750,
10.5281/zenodo.13798733,Template de plan de gestion de données de projet de l'Institut Pasteur,2024-09-19,No funder metadata,,,,,,unknown,,,,,False,,,,0,0,,False,public,https://zenodo.org/records/13798733,
10.5281/zenodo.13790116,Gestao de Dados de Investigacao: um Estudo de Caso numa Instituição de Ensino Superior,2024-09-19,No funder metadata,,,,,,unknown,,,,,False,,,,0,0,,False,public,https://zenodo.org/records/13790116,
10.5281/zenodo.13785289,Testa DMP,2024-09-18,No funder metadata,,,,,,unknown,,,,,False,,,,0,0,,False,public,https://zenodo.org/records/13785289,
10.5281/zenodo.19095582,Gas Loop: Ammonia emissions capture for a virtuous nitrogen cycle in pig stable,2024-09-17,Horizon Europe,HORIZON,101086524,NUTRI-KNOW,HORIZON-CL6-2022-GOVERNANCE-01,agricultural sciences,mid,0.514,2023-01-01,2026-04-30,SIGNED,False,,,,0,0,,False,public,https://zenodo.org/records/19095582,
10.5281/zenodo.13774395,Data from Project: Numerical Tests of a Superfluid Effective Field Theory in the 3d O(2)-model.,2024-09-17,No funder metadata,,,,,,unknown,,Tue Sep 17,Wed Sep 17,,True,False,1,0,0,0,unknown,False,public,https://zenodo.org/records/13774395,https://zenodo.org/api/records/13774395/files/DMPAdvanced_Computing_Projects1.json/content
10.5281/zenodo.13773014,DMP for New PNA Nucleobases,2024-09-17,No funder metadata,,,,,,unknown,,,,,False,,,,0,0,,False,public,https://zenodo.org/records/13773014,
10.5281/zenodo.13771400,"Data Management Plan of Postdoctoral project ""Small-Molecule Inhibitors of METTL1""",2024-09-17,No funder metadata,,,,,,unknown,,,,,False,,,,0,0,,False,public,https://zenodo.org/records/13771400,
10.5281/zenodo.13771152,Data Management plan,2024-09-17,No funder metadata,,,,,,unknown,,,,,False,,,,0,0,,False,public,https://zenodo.org/records/13771152,
10.5281/zenodo.13879565,D12.1 Data Management Plan,2024-09-17,Horizon 2020,H2020,101036401,SteamBioAfrica,H2020-LC-GD-2020,engineering and technology,late,1.016,2021-09-01,2024-08-31,CLOSED,False,,,,0,0,,True,public,https://zenodo.org/records/13879565,
10.5281/zenodo.13768490,Synthesis of novel thioredoxin reductase and carbonic anhydrase inhibitors as potential anticancer agents,2024-09-16,No funder metadata,,,,,,unknown,,,,,False,,,,0,0,,True,public,https://zenodo.org/records/13768490,
10.5281/zenodo.13767066,Structural diversity-oriented synthesis,2024-09-16,No funder metadata,,,,,,unknown,,,,,False,,,,0,0,,False,public,https://zenodo.org/records/13767066,
10.5281/zenodo.13766941,Novel peptide nucleic acids for recognition of double-stranded RNA,2024-09-16,No funder metadata,,,,,,unknown,,Mon Sep 16,Tue Sep 16,,True,False,1,1,0,0,unknown,False,public,https://zenodo.org/records/13766941,https://zenodo.org/api/records/13766941/files/DMPNovel_peptide_nucleic_acids_for_recognition_of_doublestranded_RNA0.json/content
10.5281/zenodo.11485060,D1.4 - Updated Data Management Plan,2024-09-16,Horizon Europe,HORIZON,101058593,AI4EOSC,HORIZON-INFRA-2021-EOSC-01,natural sciences,mid,0.681,2022-09-01,2025-08-31,SIGNED,False,,,,0,0,,False,public,https://zenodo.org/records/11485060,
10.5281/zenodo.14277086,D5.8 Data Management Plan – Interim release,2024-09-12,Horizon Europe,HORIZON,101057511,EURO-LABS,HORIZON-INFRA-2021-SERV-01,natural sciences,mid,0.508,2022-09-01,2026-08-31,SIGNED,False,,,,0,0,,False,public,https://zenodo.org/records/14277086,
10.5281/zenodo.13755479,Experimental data from the synthesis of PBD screening compounds,2024-09-12,No funder metadata,,,,,,unknown,,,,,False,,,,0,0,,False,public,https://zenodo.org/records/13755479,
10.5281/zenodo.13753986,DMP for project No. 47/OSI/PG,2024-09-12,No funder metadata,,,,,,unknown,,,,,False,,,,0,0,,False,public,https://zenodo.org/records/13753986,
10.5281/zenodo.13750552,Codebook from the paper Conditional cash transfers and mortality in people hospitalised with psychiatric disorders,2024-09-11,Other funder,,5R01MH128911,,,,unknown,,,,,False,,,,0,0,,False,public,https://zenodo.org/records/13750552,
10.5281/zenodo.13743246,Developing a web-based sexual health support program (AURORAS) for urogenital cancer survivors,2024-09-10,No funder metadata,,,,,,unknown,,,,,False,,,,0,0,,True,public,https://zenodo.org/records/13743246,
10.5281/zenodo.13740656,PMODWRC CERTAINTY,2024-09-10,Horizon Europe,HORIZON,101137680,CERTAINTY,HORIZON-CL5-2023-D1-01,engineering and technology,early,0.173,2024-01-01,2027-12-31,SIGNED,True,False,1,0,0,0,unknown,False,public,https://zenodo.org/records/13740656,https://zenodo.org/api/records/13740656/files/DMP1011376800.json/content
10.5281/zenodo.11203992,D6.2 - Data Management Plan,2024-09-10,Horizon Europe,HORIZON,101099462,SafeWax,HORIZON-EIC-2022-PATHFINDEROPEN-01,engineering and technology,mid,0.383,2023-03-01,2027-02-28,SIGNED,False,,,,0,0,,False,public,https://zenodo.org/records/11203992,
10.5281/zenodo.13748416,"Strategic Work Plan for the Institute of Science and Technology (IoST), Tribhuvan University",2024-09-07,No funder metadata,,,,,,unknown,,,,,False,,,,0,0,,False,public,https://zenodo.org/records/13748416,
10.5281/zenodo.13709754,High-redshift LBG selection from broadband and wide photometric surveys using a Random Forest algorithm,2024-09-06,No funder metadata,,,,,,unknown,,,,,False,,,,0,0,,False,public,https://zenodo.org/records/13709754,
10.5281/zenodo.13684288,The DESI Early Data Release White Dwarf Catalogue,2024-09-04,No funder metadata,,,,,,unknown,,,,,False,,,,0,0,,False,public,https://zenodo.org/records/13684288,
10.5281/zenodo.13648696,INSTADINE,2024-09-03,No funder metadata,,,,,,unknown,,Sun Sep 01,Mon Sep 01,,True,False,1,0,0,0,unknown,False,public,https://zenodo.org/records/13648696,https://zenodo.org/api/records/13648696/files/DMPUSAL4EXCELLENCE0.json/content
10.5281/zenodo.13643432,Rede Nacional de Doenças Raras - RARAS (Brazilian National Rare Disease),2024-09-03,No funder metadata,,,,,,unknown,,Tue Mar 12,Wed Mar 12,,True,False,2,0,0,0,unknown,False,public,https://zenodo.org/records/13643432,https://zenodo.org/api/records/13643432/files/DMPCNPqMSSCTIEDECIT_N_252019__INQURITO_SOBRE_PERFIL_DE_DOENAS_RARAS_NO_BRASIL0.json/content
10.5281/zenodo.14883427,Deliverable 6.6 Data Management Plan (DPM) update - Dynamo project (101046489),2024-09-03,Horizon Europe,HORIZON,101046489,Dynamo,HORIZON-EIC-2021-PATHFINDEROPEN-01,natural sciences,mid,0.558,2022-03-01,2026-08-31,SIGNED,False,,,,0,0,,False,public,https://zenodo.org/records/14883427,
10.5281/zenodo.13628807,Herbarium of the University of Coimbra Data Management Plan,2024-09-02,No funder metadata,,,,,,unknown,,Mon Sep 02,Tue Sep 02,,True,False,2,0,0,0,unknown,False,public,https://zenodo.org/records/13628807,https://zenodo.org/api/records/13628807/files/DMPna1.json/content
10.5281/zenodo.13991984,MIGNEX Handbook Chapter 3 - Data management plan,2024-08-31,Horizon 2020,H2020,770453,MIGNEX,H2020-SC6-ENG-GLOBALLY-2016-2017,social sciences,late,1.0,2018-09-01,2024-08-31,CLOSED,False,,,,0,0,,False,public,https://zenodo.org/records/13991984,
10.5281/zenodo.13382641,Comfort and safety of removing forced-air heating for short duration surgery - study protocol,2024-08-28,No funder metadata,,,,,,unknown,,,,,False,,,,0,0,,False,public,https://zenodo.org/records/13382641,
10.5281/zenodo.13379878,Jagiellonian University Action Plan for Responsible Research Assessment,2024-08-27,No funder metadata,,,,,,unknown,,,,,False,,,,0,0,,False,public,https://zenodo.org/records/13379878,
10.5281/zenodo.13381499,"Measuring σ8 using DESI Legacy Imaging Surveys Emission-Line Galaxies and Planck CMB Lensing, and the Impact of Dust on Parameter Inference",2024-08-27,No funder metadata,,,,,,unknown,,,,,False,,,,0,0,,False,public,https://zenodo.org/records/13381499,
10.5281/zenodo.13378489,"Data Management Plan for the LZP FLPP Project  Ultra-High-Speed Mid-Infrared Photonics for Next-Gen Free-Space Communications (MIR-FAST, lzp-2023/1-0503)",2024-08-27,No funder metadata,,,,,,unknown,,Thu May 30,Fri May 30,,True,False,1,1,0,0,unknown,False,public,https://zenodo.org/records/13378489,https://zenodo.org/api/records/13378489/files/DMPUltraHighSpeed_MidInfrared_Photonics_for_NextGen_FreeSpace_Communications_MIRFAST__2.json/content
10.5281/zenodo.13372394,D9.2_Initial Data Management Plan,2024-08-25,Horizon Europe,HORIZON,101091536,DiCiM,HORIZON-CL4-2022-TWIN-TRANSITION-01,natural sciences,mid,0.412,2023-01-01,2026-12-31,SIGNED,False,,,,0,0,,False,public,https://zenodo.org/records/13372394,
10.5281/zenodo.13359227,MARKET STATUS OF UKAY-UKAY AND READY-TO-WEAR BUSINESS IN TAGBILARAN CITY,2024-08-24,No funder metadata,,,,,,unknown,,,,,False,,,,0,0,,False,public,https://zenodo.org/records/13359227,
10.5281/zenodo.14196711,Deliverable 6.6 Updated Data Management Plan,2024-08-23,Horizon Europe,HORIZON,101059957,EmpowerUs,HORIZON-CL6-2021-COMMUNITIES-01,natural sciences,mid,0.632,2022-10-01,2025-09-30,CLOSED,False,,,,0,0,,False,public,https://zenodo.org/records/14196711,
10.5281/zenodo.14196663,Deliverable 6.2 Data Management Plan,2024-08-23,Horizon Europe,HORIZON,101059957,EmpowerUs,HORIZON-CL6-2021-COMMUNITIES-01,natural sciences,mid,0.632,2022-10-01,2025-09-30,CLOSED,False,,,,0,0,,False,public,https://zenodo.org/records/14196663,
10.5281/zenodo.13358869,EUREMAP Data Management Plan,2024-08-23,Horizon Europe,HORIZON,101131663,EUREMAP,HORIZON-INFRA-2023-DEV-01,medical and health sciences,early,0.215,2024-01-01,2026-12-31,SIGNED,False,,,,0,0,,False,public,https://zenodo.org/records/13358869,
10.4126/FRL01-006483992,Research Data Management Plan templates – instructions for use,2024-08-22,DFG,DFG,442326535,,,,unknown,,,,,False,,,,0,0,,False,public,https://zenodo.org/records/15472447,
10.4126/FRL01-006483994,Research Data Management Plan — Epidemiological Studies,2024-08-22,DFG,DFG,442326535,,,,unknown,,,,,False,,,,0,0,,False,public,https://zenodo.org/records/15472431,
10.4126/FRL01-006483995,Research Data Management Plan — Clinical Studies,2024-08-22,DFG,DFG,442326535,,,,unknown,,,,,False,,,,0,0,,True,public,https://zenodo.org/records/15472376,
10.4126/FRL01-006483993,Research Data Management Plan short — DFG Proposal,2024-08-22,DFG,DFG,442326535,,,,unknown,,,,,False,,,,0,0,,False,public,https://zenodo.org/records/15472265,
10.5281/zenodo.15323338,"Deliverable 1.2 Data Management Plan, Ethics and AI use practices",2024-08-20,Horizon Europe,HORIZON,101131207,GreenDIGIT,HORIZON-INFRA-2023-TECH-01,natural sciences,early,0.157,2024-03-01,2027-02-28,SIGNED,False,,,,0,0,,True,public,https://zenodo.org/records/15323338,
10.5281/zenodo.13331729,CRAFT-OA Deliverable 1.2: Data Management Plan,2024-08-16,Horizon Europe,HORIZON,101094397,CRAFT-OA,HORIZON-INFRA-2022-EOSC-01,natural sciences,mid,0.542,2023-01-01,2025-12-31,SIGNED,False,,,,0,0,,False,public,https://zenodo.org/records/13331729,
10.5281/zenodo.13325237,LangchainIQ: Intelligent Content and Query Processing,2024-08-15,No funder metadata,,,,,,unknown,,,,,False,,,,0,0,,False,public,https://zenodo.org/records/13325237,
10.5281/zenodo.13309789,FEDECOM - D1.9 - Data Management Plan,2024-08-13,Horizon Europe,HORIZON,101075660,FEDECOM,HORIZON-CL5-2021-D3-02,engineering and technology,mid,0.467,2022-10-01,2026-09-30,SIGNED,False,,,,0,0,,False,public,https://zenodo.org/records/13309789,
10.5281/zenodo.13303122,AI4EOSC Data Management Plan,2024-08-12,Horizon Europe,HORIZON,101058593,AI4EOSC,HORIZON-INFRA-2021-EOSC-01,natural sciences,mid,0.649,2022-09-01,2025-08-31,SIGNED,True,False,8,0,0,0,unknown,True,public,https://zenodo.org/records/13303122,https://zenodo.org/api/records/13303122/files/DMPArtificial_Intelligence_for_the_European_Open_Science_Cloud2.json/content
10.5281/zenodo.13306857,Data Management Plan,2024-08-12,Horizon Europe,HORIZON,101062601,OliPFUEL,HORIZON-MSCA-2021-PF-01,engineering and technology,late,0.968,2022-09-05,2024-09-04,CLOSED,False,,,,0,0,,False,public,https://zenodo.org/records/13306857,
10.5281/zenodo.13274414,Re-storying the Victory Square in Riga (ReVi) (lzp-2023/1-0237),2024-08-08,No funder metadata,,,,,,unknown,,Thu Aug 08,Fri Aug 08,,True,False,1,0,0,0,unknown,False,public,https://zenodo.org/records/13274414,https://zenodo.org/api/records/13274414/files/DMPRestorying_the_Victory_Square_in_Riga_ReVi_0.json/content
10.5281/zenodo.13166560,GraphNEx - Data Management,2024-08-02,No funder metadata,,,,,,unknown,,Fri Jun 07,Sat Jun 07,,True,False,1,0,0,0,unknown,True,public,https://zenodo.org/records/13166560,https://zenodo.org/api/records/13166560/files/DMPGraphNEx_Graph_Neural_Networks_for_Explainable_Artificial_Intelligence0.json/content
10.5281/zenodo.13150324,test test,2024-08-01,No funder metadata,,,,,,unknown,,,,,False,,,,0,0,,False,public,https://zenodo.org/records/13150324,
10.5281/zenodo.13150241,Test DMP,2024-08-01,No funder metadata,,,,,,unknown,,,,,False,,,,0,0,,False,public,https://zenodo.org/records/13150241,
10.5281/zenodo.17781210,HIGH Horizons - Updated Data Management Plan of HIGH Horizons – Year 2,2024-08,Other EU,EC,10105784,,,,unknown,,,,,False,,,,0,0,,False,public,https://zenodo.org/records/17781210,
10.5281/zenodo.18222957,D6.2 Data Management Plan and Open Science,2024-07-31,Horizon Europe,HORIZON,101131706,RE4GREEN,HORIZON-WIDERA-2023-ERA-01,social sciences,early,0.165,2024-02-01,2027-01-31,SIGNED,False,,,,0,0,,False,public,https://zenodo.org/records/18222957,
10.5281/zenodo.13142507,Data Management Plan,2024-07-31,Horizon Europe,HORIZON,101079303,SALTOpower,HORIZON-WIDERA-2021-ACCESS-03,,mid,0.583,2022-11-01,2025-10-31,SIGNED,False,,,,0,0,,False,public,https://zenodo.org/records/13142507,
10.5281/zenodo.20306256,D7.9 - Final data management plan including Protection of Personal Data (POPD),2024-07-30,Horizon Europe,HORIZON,101094326,gEneSys,HORIZON-CL2-2022-TRANSFORMATIONS-01,social sciences,mid,0.46,2023-02-01,2026-04-30,SIGNED,False,,,,0,0,,True,public,https://zenodo.org/records/20306256,
10.5281/zenodo.13376270,WorldFAIR Project (D1.2) Data Management Plan (Living document),2024-07-30,Horizon Europe,HORIZON,101058393,WorldFAIR,HORIZON-WIDERA-2021-ERA-01,,late,1.082,2022-06-01,2024-05-31,CLOSED,False,,,,0,0,,False,public,https://zenodo.org/records/13376270,
10.5281/zenodo.13125459,INTEGER_D1.4 Intermediary Report on Data Management Plan,2024-07-29,Horizon Europe,HORIZON,101096563,INTEGER,HORIZON-EIE-2022-CONNECT-01,,late,0.745,2023-02-01,2025-01-31,CLOSED,False,,,,0,0,,True,public,https://zenodo.org/records/13125459,
10.5281/zenodo.13119047,Minimal DMP,2024-07-28,No funder metadata,,,,,,unknown,,,,,True,True,1,0,0,0,unknown,False,public,https://zenodo.org/records/13119047,https://zenodo.org/api/records/13119047/files/minimal-dmp.json/content
10.5281/zenodo.12957991,Open@RIT Open Source Community Building Guide,2024-07-26,No funder metadata,,,,,,unknown,,,,,False,,,,0,0,,False,public,https://zenodo.org/records/12957991,
10.5281/zenodo.20665607,D9.2 Data Management Plan (DMP),2024-07-26,Horizon Europe,HORIZON,101132933,AD-RIDDLE,HORIZON-JU-IHI-2022-03-single-stage,medical and health sciences,early,0.113,2024-01-01,2028-12-31,SIGNED,False,,,,0,0,,True,public,https://zenodo.org/records/20665607,
10.5281/zenodo.12803436,Tracing the evolution of the cool gas in CGM and IGM environments through Mg II absorption from redshift z=0.75 to z=1.65 using DESI-Y1 data,2024-07-24,No funder metadata,,,,,,unknown,,,,,False,,,,0,0,,False,public,https://zenodo.org/records/12803436,
10.5281/zenodo.12804841,"Project: ""Smart textile solutions as biofeedback method for injury prevention for Latvian football youth league players (Nr. lzp-2023/1-0027)""",2024-07-24,No funder metadata,,,,,,unknown,,,,,False,,,,0,0,,True,public,https://zenodo.org/records/12804841,
10.5281/zenodo.12799259,DISPATCHES Dissemination and Communication Plan,2024-07-23,No funder metadata,,,,,,unknown,,,,,False,,,,0,0,,False,public,https://zenodo.org/records/12799259,
10.5281/zenodo.12794441,CONCEPT-STROKE: Effectiveness and efficiency of acute ischemic stroke care pathways in three Spanish regions - Data Management Plan (DMP),2024-07-22,No funder metadata,,,,,,unknown,,Mon Feb 06,Tue Feb 06,,True,False,1,0,0,0,unknown,True,public,https://zenodo.org/records/12794441,https://zenodo.org/api/records/12794441/files/DMPHealth_Research_Fund_HRF_PI19001540.json/content
10.5281/zenodo.12784186,"Data in the project New knowledge and approaches to reduce antimicrobial resistance, limit the spread of HIV and expand community vaccination coverage",2024-07-19,No funder metadata,,,,,,unknown,,,,,False,,,,0,0,,True,public,https://zenodo.org/records/12784186,
10.5281/zenodo.15004780,Wheatbiome_D8.3 Mid-project Data Management Plan,2024-07-19,Horizon Europe,HORIZON,101084344,WHEATBIOME,HORIZON-CL6-2022-FARM2FORK-01,natural sciences,mid,0.387,2023-01-01,2026-12-31,SIGNED,False,,,,0,0,,False,public,https://zenodo.org/records/15004780,
10.5281/zenodo.12771884,STAR4BBS D8.2 Initial Data Management Plan,2024-07-18,Horizon Europe,HORIZON,101060588,STAR4BBS,HORIZON-CL6-2021-ZEROPOLLUTION-01,natural sciences,mid,0.626,2022-09-01,2025-08-31,CLOSED,False,,,,0,0,,False,public,https://zenodo.org/records/12771884,
10.5281/zenodo.17969980,BPRI mentoring documents: IDP guidelines and MOU for students and mentors,2024-07-17,Other funder,,2021795,,,,unknown,,,,,False,,,,0,0,,False,public,https://zenodo.org/records/17969980,
10.5281/zenodo.17969928,BPRI Lab Guiding Principles,2024-07-17,Other funder,,2021795,,,,unknown,,,,,False,,,,0,0,,False,public,https://zenodo.org/records/17969928,
10.5281/zenodo.17969855,BPRI Authorship Policies,2024-07-17,Other funder,,2021795,,,,unknown,,,,,False,,,,0,0,,False,public,https://zenodo.org/records/17969855,
10.5281/zenodo.17844497,BPRI Code of Ethics,2024-07-17,Other funder,,2021795,,,,unknown,,,,,False,,,,0,0,,True,public,https://zenodo.org/records/17844497,
10.5281/zenodo.17844440,BPRI Bylaws,2024-07-17,Other funder,,2021795,,,,unknown,,,,,False,,,,0,0,,False,public,https://zenodo.org/records/17844440,
10.5281/zenodo.12754792,"JuDDGES (Judicial Decision Data Gathering, Encoding and Sharing) DMP CHIST-ERA",2024-07-17,No funder metadata,,,,,,unknown,,Tue Jun 25,Wed Jun 25,,True,False,1,0,0,0,unknown,False,public,https://zenodo.org/records/12754792,https://zenodo.org/api/records/12754792/files/DMPJudicial_Decision_Data_Gathering_Encoding_and_Sharing1.json/content
10.5281/zenodo.12754767,A szingapúri idősellátás jó gyakorlatai,2024-07-17,No funder metadata,,,,,,unknown,,,,,False,,,,0,0,,False,public,https://zenodo.org/records/12754767,
10.5281/zenodo.16528336,D1.2 Data Management Plan,2024-07-17,Horizon Europe,HORIZON,101133398,BOOST4BIOEAST,HORIZON-CL6-2023-GOVERNANCE-01,social sciences,early,0.181,2024-01-01,2026-12-31,SIGNED,False,,,,0,0,,True,public,https://zenodo.org/records/16528336,
10.5281/zenodo.12749438,NFDI-MatWerk Guide: Research Data Management Plan,2024-07-16,DFG,DFG,460247524,,,,unknown,,,,,False,,,,0,0,,True,public,https://zenodo.org/records/12749438,
10.5281/zenodo.12748291,"CHIST ERA JuDDGES (Judicial Decision Data Gathering, Encoding and Sharing)",2024-07-16,No funder metadata,,,,,,unknown,,,,,False,,,,0,0,,False,public,https://zenodo.org/records/12748291,
10.5281/zenodo.12739589,Elevating Historical Research: Harnessing Digital Resources for Latvian Context,2024-07-14,No funder metadata,,,,,,unknown,,,,,False,,,,0,0,,False,public,https://zenodo.org/records/12739589,
10.5281/zenodo.12720753,D5.2 Initial Data Management Plan,2024-07-11,Horizon Europe,HORIZON,101087529,CHESS,HORIZON-WIDERA-2022-ACCESS-04,,mid,0.382,2023-01-01,2026-12-31,SIGNED,False,,,,0,0,,False,public,https://zenodo.org/records/12720753,
10.5281/zenodo.12704179,Research Software Management Plan V1.1 for OpenMVG,2024-07-10,No funder metadata,,,,,,unknown,,,,,False,,,,0,0,,False,public,https://zenodo.org/records/12704179,
10.5281/zenodo.12707053,ELIXIR-STEERS D1.2 Data Management Plan (DMP),2024-07-10,Horizon Europe,HORIZON,101131096,ELIXIR-STEERS,HORIZON-INFRA-2023-DEV-01,natural sciences,early,0.146,2024-02-01,2027-01-31,SIGNED,False,,,,0,0,,True,public,https://zenodo.org/records/12707053,
10.5281/zenodo.12693678,DESI Massive Post-Starburst Galaxies at z ∼ 1.2 have compact structures and dense cores,2024-07-08,No funder metadata,,,,,,unknown,,,,,False,,,,0,0,,False,public,https://zenodo.org/records/12693678,
10.5281/zenodo.12663671,FAIRiCUBE Deliverable D6.2 Data Management Plan,2024-07-05,Horizon Europe,HORIZON,101059238,FAIRiCUBE,HORIZON-CL6-2021-GOVERNANCE-01,natural sciences,mid,0.619,2022-07-01,2025-09-30,SIGNED,False,,,,0,0,,False,public,https://zenodo.org/records/12663671,
10.5281/zenodo.18494590,Data management plan Microbiomes4Soy,2024-07-04,Horizon Europe,HORIZON,101083671,MICROBIOMES4SOY,HORIZON-CL6-2022-FARM2FORK-01,agricultural sciences,early,0.101,2024-01-01,2028-12-31,SIGNED,False,,,,0,0,,True,public,https://zenodo.org/records/18494590,
10.5281/zenodo.12657672,OSCARS D4.2 - Data Management Plan,2024-07-04,Horizon Europe,HORIZON,101129751,OSCARS,HORIZON-INFRA-2023-EOSC-01,,early,0.113,2024-01-01,2028-06-30,SIGNED,False,,,,0,0,,False,public,https://zenodo.org/records/12657672,
10.5281/zenodo.12633718,D6.2 Data Management Plan (first version),2024-07-03,Horizon Europe,HORIZON,101069674,FLEXCRASH,HORIZON-CL5-2021-D6-01,natural sciences,mid,0.46,2022-09-01,2026-08-31,SIGNED,False,,,,0,0,,False,public,https://zenodo.org/records/12633718,
10.5281/zenodo.12607922,E-RIHS IP D5.2 Data Management Plan for E-RIHS ERIC,2024-07-01,Horizon Europe,HORIZON,101079148,E-RIHS IP,HORIZON-INFRA-2021-DEV-02,humanities,late,0.777,2022-10-01,2024-12-31,SIGNED,False,,,,0,0,,False,public,https://zenodo.org/records/12607922,
10.5281/zenodo.12607329,CRAFT-OA deliverable 1.7 First Update DMP,2024-07-01,Horizon Europe,HORIZON,101094397,CRAFT-OA,HORIZON-INFRA-2022-EOSC-01,natural sciences,mid,0.5,2023-01-01,2025-12-31,SIGNED,False,,,,0,0,,False,public,https://zenodo.org/records/12607329,
10.5281/zenodo.11657982,IPBES Transformative Change Assessment Chapter 1. Data Management Report 1.3 Literature and data review regarding the underlying causes of biodiversity loss,2024-07,No funder metadata,,,,,,unknown,,,,,False,,,,0,0,,False,public,https://zenodo.org/records/11657982,
10.5281/zenodo.12821726,IPBES Transformative Change Assessment Chapter 1. Data Management Report 1.5 Analysis of knowledge gaps,2024-07,No funder metadata,,,,,,unknown,,,,,False,,,,0,0,,False,public,https://zenodo.org/records/12821726,
10.5281/zenodo.12801594,IPBES Transformative Change Assessment Chapter 1. Data Management Report 1.4 Literature review determining the principles of transformative change,2024-07,No funder metadata,,,,,,unknown,,,,,False,,,,0,0,,False,public,https://zenodo.org/records/12801594,
10.5281/zenodo.12821198,IPBES Transformative Change Assessment Chapter 1. Data Management Report 1.1 Analysis of effectiveness of environmental governance,2024-07,No funder metadata,,,,,,unknown,,,,,False,,,,0,0,,False,public,https://zenodo.org/records/12821198,
10.5281/zenodo.21075540,Perinatal Psychiatry Case-Taking Sheet,2024-06-30,No funder metadata,,,,,,unknown,,,,,False,,,,0,0,,True,public,https://zenodo.org/records/21075540,
10.5281/zenodo.12636106,BY-COVID - WP5 - Baseline Use Case: COVID-19 vaccine effectiveness assessment - Data Management Plan,2024-06-30,Horizon Europe,HORIZON,101046203,BY-COVID,HORIZON-INFRA-2021-EMERGENCY-01,medical and health sciences,late,0.916,2021-10-01,2024-09-30,SIGNED,True,False,2,0,0,0,unknown,False,public,https://zenodo.org/records/12636106,https://zenodo.org/api/records/12636106/files/DMPBeyond_COVID_2.json/content
10.5281/zenodo.21719337,D1.2 DATA  MANAGEMENT PLAN,2024-06-30,Horizon Europe,HORIZON,101136128,ODEON,HORIZON-CL5-2023-D3-01,natural sciences,early,0.124,2024-01-01,2027-12-31,SIGNED,False,,,,0,0,,False,public,https://zenodo.org/records/21719337,
10.5281/zenodo.21157929,STAGE D1.4 Data Management Plan,2024-06-30,Horizon Europe,HORIZON,101137146,STAGE,HORIZON-HLTH-2023-STAYHLTH-01,social sciences,early,0.083,2024-01-01,2029-12-31,SIGNED,False,,,,0,0,,False,public,https://zenodo.org/records/21157929,
10.5281/zenodo.18683050,SAGROPIA – D7.2 – DMP (Data Management Plan) version 1,2024-06-30,Horizon Europe,HORIZON,101136677,SAGROPIA,HORIZON-CL6-2023-FARM2FORK-01,agricultural sciences,early,0.099,2024-01-01,2028-12-31,SIGNED,False,,,,0,0,,False,public,https://zenodo.org/records/18683050,
10.5281/zenodo.18314353,SPEARHEAD D1.2: Data Management Plan,2024-06-30,Horizon Europe,HORIZON,101135044,SPEARHEAD,HORIZON-CL4-2023-SPACE-01,engineering and technology,early,0.165,2024-01-01,2026-12-31,SIGNED,False,,,,0,0,,False,public,https://zenodo.org/records/18314353,
10.5281/zenodo.15582060,ENVRINNOV D7.2 Refined Data Management Plan (DMP),2024-06-30,Horizon Europe,HORIZON,101131426,ENVRINNOV,HORIZON-INFRA-2023-DEV-01,social sciences,early,0.165,2024-01-01,2026-12-31,SIGNED,False,,,,0,0,,False,public,https://zenodo.org/records/15582060,
10.5281/zenodo.14855090,Open Data Management Plan,2024-06-30,Horizon Europe,HORIZON,101138739,LaserWay,HORIZON-CL4-2023-TWIN-TRANSITION-01,medical and health sciences,early,0.165,2024-01-01,2026-12-31,SIGNED,False,,,,0,0,,False,public,https://zenodo.org/records/14855090,
10.5281/zenodo.14262686,"D1.2 Quality Assurance, Risk Assessment, Data Management Plan, Ethics & Regulatory issues",2024-06-30,Horizon Europe,HORIZON,101139285,NATWORK,HORIZON-JU-SNS-2023,social sciences,early,0.165,2024-01-01,2026-12-31,SIGNED,False,,,,0,0,,True,public,https://zenodo.org/records/14262686,
10.5281/zenodo.13619232,Data management plan,2024-06-30,Horizon Europe,HORIZON,101092281,CE-RISE,HORIZON-CL4-2022-RESILIENCE-01,natural sciences,mid,0.374,2023-01-01,2026-12-31,SIGNED,False,,,,0,0,,False,public,https://zenodo.org/records/13619232,
10.5281/zenodo.11047708,Data Management Plan,2024-06-30,Horizon Europe,HORIZON,101094435,REINFORCING,HORIZON-WIDERA-2022-ERA-01,,mid,0.359,2023-01-01,2027-02-28,SIGNED,False,,,,0,0,,False,public,https://zenodo.org/records/11047708,
10.5281/zenodo.15423576,Data Management Plan,2024-06-30,Horizon Europe,HORIZON,101132459,SINCRONY,HORIZON-CL2-2023-DEMOCRACY-01,social sciences,early,0.142,2024-01-01,2027-06-30,SIGNED,False,,,,0,0,,True,public,https://zenodo.org/records/15423576,
10.5281/zenodo.16568468,D1.5 DATA MANAGEMENT PLAN,2024-06-29,Horizon Europe,HORIZON,101096435,CONFIDENTIAL6G,HORIZON-JU-SNS-2022,natural sciences,mid,0.498,2023-01-01,2025-12-31,SIGNED,False,,,,0,0,,True,public,https://zenodo.org/records/16568468,
10.5281/zenodo.12578922,Datamanagement Plan for CLIMATE Arch,2024-06-28,Horizon Europe,HORIZON,101088693,CLIMATE-Arch,ERC-2022-COG,social sciences,early,0.098,2024-01-01,2028-12-31,SIGNED,True,False,1,0,0,0,unknown,False,public,https://zenodo.org/records/12578922,https://zenodo.org/api/records/12578922/files/DMP101088693__CLIMATEArch__ERC2022COG0.json/content
10.5281/zenodo.18373562,All-In Zero - D11.13: Data Management Plan (2nd release),2024-06-28,Horizon Europe,HORIZON,101069888,ALL-IN Zero,HORIZON-CL5-2021-D2-01,engineering and technology,mid,0.456,2022-09-01,2026-08-31,SIGNED,False,,,,0,0,,False,public,https://zenodo.org/records/18373562,
10.5281/zenodo.18222245,D1.2 Data Management Plan,2024-06-28,Horizon Europe,HORIZON,101135476,BIOFIN,HORIZON-CL6-2023-BIODIV-01,natural sciences,early,0.163,2024-01-01,2026-12-31,SIGNED,False,,,,0,0,,False,public,https://zenodo.org/records/18222245,
10.5281/zenodo.12565940,USEIPM_Data Management Plan_(1),2024-06-27,Horizon Europe,HORIZON,101120390,USE IPM,HORIZON-WIDERA-2022-TALENTS-03,,early,0.259,2023-07-01,2027-04-30,SIGNED,False,,,,0,0,,False,public,https://zenodo.org/records/12565940,
10.5281/zenodo.14546610,Data Management Plan,2024-06-27,Horizon Europe,HORIZON,101138305,FALCON,HORIZON-CL5-2023-D5-01,engineering and technology,early,0.122,2024-01-01,2027-12-31,SIGNED,False,,,,0,0,,False,public,https://zenodo.org/records/14546610,
10.5281/zenodo.21935476,CARE Deliverable D6.2: Data Management Plan v1,2024-06-27,Horizon Europe,HORIZON,101135141,CARE,HORIZON-CL6-2023-CIRCBIO-01,social sciences,early,0.122,2024-01-01,2027-12-31,SIGNED,False,,,,0,0,,True,public,https://zenodo.org/records/21935476,
10.5281/zenodo.12546352,SIESTA Data Management Plan,2024-06-26,Horizon Europe,HORIZON,101131957,SIESTA,HORIZON-INFRA-2023-EOSC-01,,early,0.162,2024-01-01,2026-12-31,SIGNED,True,False,11,0,0,0,unknown,False,public,https://zenodo.org/records/12546352,https://zenodo.org/api/records/12546352/files/DMPSecure_Interactive_Environments_for_SensiTive_data_Analytics0.json/content
10.5281/zenodo.19159276,The importance of data management plan within EU-Founded research and innovation projects,2024-06-26,Other EU,EC,Grant agreement ID: 101092989,,,,unknown,,,,,False,,,,0,0,,False,public,https://zenodo.org/records/19159276,
10.5281/zenodo.12527982,Desarrollo de un kit basado en tecnología LAMP para el cribado molecular de enfermedad de Chagas y estrongiloidosis. Aproximación con electrónica impresa: Speed-LAMP.,2024-06-25,No funder metadata,,,,,,unknown,,,,,False,,,,0,0,,False,public,https://zenodo.org/records/12527982,
10.5281/zenodo.17535493,T 1.5 | Data Management Plan D 1.2,2024-06-25,Horizon Europe,HORIZON,101060717,FOODCLIC,HORIZON-CL6-2021-COMMUNITIES-01,social sciences,mid,0.404,2022-09-01,2027-02-28,SIGNED,False,,,,0,0,,False,public,https://zenodo.org/records/17535493,
10.5281/zenodo.13504788,D8.3 - Data Management Plan - update,2024-06-25,Horizon Europe,HORIZON,101084222,WASTELESS,HORIZON-CL6-2022-FARM2FORK-01,,mid,0.434,2023-01-01,2026-05-31,SIGNED,False,,,,0,0,,False,public,https://zenodo.org/records/13504788,
10.5281/zenodo.12533888,Data Management Plan for PsyCoMed,2024-06-25,Other EU,EC,HORIZON-MSCA-2021-SE-01-01;101086247,,,,unknown,,,,,False,,,,0,0,,False,public,https://zenodo.org/records/12533888,
10.5281/zenodo.12515624,The Polifonia Research Ecosystem: an Executable Data Management Plan,2024-06-24,Horizon 2020,H2020,101004746,Polifonia,H2020-SC6-TRANSFORMATIONS-2018-2019-2020,,late,1.045,2021-01-01,2024-04-30,CLOSED,False,,,,0,0,,False,public,https://zenodo.org/records/12515624,
10.5281/zenodo.15703671,First Revision of Data Management Plan,2024-06-23,Horizon Europe,HORIZON,101096028,EMPOWER,HORIZON-CL5-2022-D5-01,engineering and technology,mid,0.369,2023-01-01,2026-12-31,SIGNED,False,,,,0,0,,False,public,https://zenodo.org/records/15703671,
10.5281/zenodo.17640869,PAPILLONS Data Management Plan,2024-06-21,Horizon 2020,H2020,101000210,PAPILLONS,H2020-SFS-2018-2020,natural sciences,late,0.764,2021-06-01,2025-05-31,CLOSED,False,,,,0,0,,False,public,https://zenodo.org/records/17640869,
10.5281/zenodo.12203761,Description of the Data Management Plan (DMP) for the Healthcare Pathways of Heart Failure Patients within the Spanish National Health System and its Impact on Health Outcomes (CONCEPT-HF) Project,2024-06-21,No funder metadata,,,,,,unknown,,,,,False,,,,0,0,,True,public,https://zenodo.org/records/12203761,
10.5281/zenodo.12202883,Care pathways of heart failure patients within the Spanish National Health System and its impact on health outcomes (CONCEPT-HF): DMP,2024-06-21,No funder metadata,,,,,,unknown,,Thu May 23,Fri May 23,,True,False,1,0,0,0,unknown,True,public,https://zenodo.org/records/12202883,https://zenodo.org/api/records/12202883/files/DMPHealth_Research_Fund0.json/content
10.5281/zenodo.15267635,Deliverable 5.4 - Data Management Plan,2024-06-21,Horizon 2020,H2020,101000210,PAPILLONS,H2020-SFS-2018-2020,natural sciences,late,0.764,2021-06-01,2025-05-31,CLOSED,False,,,,0,0,,False,public,https://zenodo.org/records/15267635,
10.5281/zenodo.12187437,VPP UNFRAMED DPP,2024-06-20,No funder metadata,,,,,,unknown,,Thu Jun 20,Fri Jun 20,,True,False,2,2,0,0,unknown,False,public,https://zenodo.org/records/12187437,https://zenodo.org/api/records/12187437/files/DMPThe_State_Research_Programme_Education_202320260.json/content
10.5281/zenodo.12167309,D5.1 Data Management Plan,2024-06-19,Horizon Europe,HORIZON,101095890,PREDICT-6G,HORIZON-JU-SNS-2022,,mid,0.587,2023-01-01,2025-06-30,SIGNED,False,,,,0,0,,False,public,https://zenodo.org/records/12167309,
10.5281/zenodo.12093063,Data Management Plan for project PI22/00579,2024-06-18,No funder metadata,,,,,,unknown,,,,,False,,,,0,0,,False,public,https://zenodo.org/records/12093063,
10.5281/zenodo.11861405,CERS,2024-06-16,No funder metadata,,,,,,unknown,,Tue May 21,Wed May 21,,True,False,15,13,0,0,unknown,False,public,https://zenodo.org/records/11861405,https://zenodo.org/api/records/11861405/files/DMPthe_State_Research_Programme_Latvian_Culture__a_Resource_for_National_Development_202320260.json/content
10.5281/zenodo.11618052,SHANNON__20240612__DOC_Project__DMP,2024-06-12,Horizon Europe,HORIZON,101069299,SHANNON,ERC-2022-POC1,natural sciences,late,1.079,2022-11-01,2024-04-30,CLOSED,False,,,,0,0,,False,public,https://zenodo.org/records/11618052,
10.5281/zenodo.11616989,JUSTIMINO Data Management Plan,2024-06-12,Horizon Europe,HORIZON,101048445,JUSTIMINO,ERC-2021-COG,social sciences,early,0.19,2023-07-01,2028-06-30,SIGNED,True,False,1,0,0,0,unknown,False,public,https://zenodo.org/records/11616989,https://zenodo.org/api/records/11616989/files/DMPIn_Pursuit_of_Legality_and_Justice_Minority_Struggles_in_the_Russian_Empire_and_the_Soviet_Union0.json/content
10.5281/zenodo.11549227,Personal data processing and safeguard,2024-06-10,No funder metadata,,,,,,unknown,,,,,False,,,,0,0,,True,public,https://zenodo.org/records/11549227,
10.5281/zenodo.11549092,"Human cells, tissues and biological samples collection",2024-06-10,No funder metadata,,,,,,unknown,,,,,False,,,,0,0,,False,public,https://zenodo.org/records/11549092,
10.5281/zenodo.11548907,Ethics requirements,2024-06-10,No funder metadata,,,,,,unknown,,,,,False,,,,0,0,,True,public,https://zenodo.org/records/11548907,
10.5281/zenodo.11521156,"Individualized and personalized support system for students' reading, mathematical and scientific literacy development",2024-06-07,No funder metadata,,,,,,unknown,,Fri Jun 07,Sat Jun 07,,True,False,1,1,0,0,unknown,False,public,https://zenodo.org/records/11521156,https://zenodo.org/api/records/11521156/files/DMPIndividualized_and_personalized_support_system_for_students_reading_mathematical_and_scientific_literacy_development0.json/content
10.5281/zenodo.11519416,Data management plan of the INNOVA project,2024-06-07,No funder metadata,,,,,,unknown,,Mon Jun 03,Tue Jun 03,,True,False,1,1,0,0,unknown,False,public,https://zenodo.org/records/11519416,https://zenodo.org/api/records/11519416/files/DMPNo_lzp2023103760.json/content
10.5281/zenodo.11500747,Functional model for personalized and automated teacher professional development solutions,2024-06-06,No funder metadata,,,,,,unknown,,,,,False,,,,0,0,,True,public,https://zenodo.org/records/11500747,
10.5281/zenodo.11490892,lzp-2023/1-0633 Innovative mycelium biocomposites (MB) from plant residual biomass with enhanced properties for sustainable solutions,2024-06-05,No funder metadata,,,,,,unknown,,,,,False,,,,0,0,,False,public,https://zenodo.org/records/11490892,
10.5281/zenodo.11486239,DMP DH INERTIA,2024-06-05,No funder metadata,,,,,,unknown,,,,,False,,,,0,0,,False,public,https://zenodo.org/records/11486239,
10.5281/zenodo.11483751,DMP Climate Neutrality Decision Models in Action,2024-06-05,No funder metadata,,,,,,unknown,,,,,False,,,,0,0,,False,public,https://zenodo.org/records/11483751,
10.5281/zenodo.11481977,hip-TNBC grant (lzp-2023/1-0020),2024-06-05,No funder metadata,,,,,,unknown,,Wed Jan 10,Thu Jan 09,,True,False,3,2,0,0,unknown,True,public,https://zenodo.org/records/11481977,https://zenodo.org/api/records/11481977/files/DMPhipTNBC_grant_lzp2023100200.json/content
10.5281/zenodo.11472559,OB-VISLY Data Management Plan,2024-06-04,Horizon 2020,H2020,894215,OB-VISLY,H2020-MSCA-IF-2019,natural sciences,late,1.028,2020-10-05,2024-04-28,CLOSED,False,,,,0,0,,False,public,https://zenodo.org/records/11472559,
10.5281/zenodo.11407539,WP8 PsyCoMed original DMP in proposal,2024-06-01,Other EU,EC,HORIZON-MSCA-2021-SE-01-01;101086247,,,,unknown,,,,,False,,,,0,0,,False,public,https://zenodo.org/records/11407539,
10.5281/zenodo.13628589,NFDI4Microbiota Data Management Plan (DMP) Template,2024-06,DFG,DFG,460129525,,,,unknown,,,,,False,,,,0,0,,False,public,https://zenodo.org/records/13628589,
10.5281/zenodo.12683948,D7.9 Data Management Plan (DMP),2024-06,Horizon 2020,H2020,101022664,PilotSTRATEGY,H2020-LC-SC3-2018-2019-2020,,unknown,,2021-05-01,2026-04-30,SIGNED,False,,,,0,0,,False,public,https://zenodo.org/records/12683948,
10.5281/zenodo.11402280,PLANO DE AÇÃO PARA GESTÃO DA INOVAÇÃO DO IFAM,2024-05-31,No funder metadata,,,,,,unknown,,,,,False,,,,0,0,,False,public,https://zenodo.org/records/11402280,
10.5281/zenodo.11402624,PLANO ESTRATÉGICO DE MELHORIA DO ORÇAMENTO DA CODEMAR (PEMOC01),2024-05-31,No funder metadata,,,,,,unknown,,,,,False,,,,0,0,,False,public,https://zenodo.org/records/11402624,
10.5281/zenodo.20716475,D1.3: CROPS data management plan,2024-05-31,Horizon Europe,HORIZON,101131696,CROPS,HORIZON-WIDERA-2023-ERA-01,social sciences,early,0.138,2024-01-01,2026-12-31,SIGNED,False,,,,0,0,,False,public,https://zenodo.org/records/20716475,
10.5281/zenodo.17702984,DIAMOND: D6.2 – Open data management plan – Update 1,2024-05-31,Horizon Europe,HORIZON,101081179,DIAMOND,HORIZON-CL5-2022-D1-02,social sciences,mid,0.375,2022-12-01,2026-11-30,SIGNED,False,,,,0,0,,True,public,https://zenodo.org/records/17702984,
10.5281/zenodo.16630507,RETINA Data Management Plan,2024-05-31,Horizon Europe,HORIZON,101135529,RETINA,HORIZON-CL4-2023-DIGITAL-EMERGING-01,agricultural sciences,early,0.125,2023-12-01,2027-11-30,SIGNED,False,,,,0,0,,False,public,https://zenodo.org/records/16630507,
10.5281/zenodo.11406365,RESILEX Data Management Plan (DMP) (Version 2 – updated on Month 24),2024-05-31,Horizon Europe,HORIZON,101058583,RESILEX,HORIZON-CL4-2021-RESILIENCE-01,natural sciences,mid,0.47,2022-06-01,2026-08-31,SIGNED,False,,,,0,0,,False,public,https://zenodo.org/records/11406365,
10.5281/zenodo.11394927,Research Output Management Planning (ROMPi) - Template,2024-05-30,No funder metadata,,,,,,unknown,,,,,False,,,,0,0,,False,public,https://zenodo.org/records/11394927,
10.5281/zenodo.11383879,Data Management Plan Template for VDS MES,2024-05-29,No funder metadata,,,,,,unknown,,,,,False,,,,0,0,,False,public,https://zenodo.org/records/11383879,
10.5281/zenodo.11387979,High redshift LBGs from deep broadband imaging for future spectroscopic surveys,2024-05-29,No funder metadata,,,,,,unknown,,,,,False,,,,0,0,,False,public,https://zenodo.org/records/11387979,
10.5281/zenodo.11389906,D3.4 INCULTUM Data Management Plan final version,2024-05-29,Horizon 2020,H2020,101004552,INCULTUM,H2020-SC6-TRANSFORMATIONS-2018-2019-2020,,late,1.026,2021-05-01,2024-04-30,CLOSED,False,,,,0,0,,True,public,https://zenodo.org/records/11389906,
10.5281/zenodo.17077492,BioDT D1.2 - Data Management Plan,2024-05-28,Horizon Europe,HORIZON,101057437,BioDT,HORIZON-INFRA-2021-TECH-01,natural sciences,mid,0.664,2022-06-01,2025-05-31,SIGNED,False,,,,0,0,,False,public,https://zenodo.org/records/17077492,
10.5281/zenodo.11352609,FEAST - Data Management Plan,2024-05-28,Horizon Europe,HORIZON,101060536,FEAST,HORIZON-CL6-2021-FARM2FORK-01,social sciences,mid,0.382,2022-07-01,2027-06-30,SIGNED,False,,,,0,0,,False,public,https://zenodo.org/records/11352609,
10.5281/zenodo.19589326,D1.2 Initial Data Management Plan,2024-05-27,Horizon Europe,HORIZON,101146542,SYNERGIES,HORIZON-CL5-2023-D6-01,social sciences,pre-start,-0.005,2024-06-01,2027-05-31,SIGNED,False,,,,0,0,,False,public,https://zenodo.org/records/19589326,
10.5281/zenodo.19589132,D1.3 Mid-term Data Management Plan,2024-05-27,Horizon Europe,HORIZON,101146542,SYNERGIES,HORIZON-CL5-2023-D6-01,social sciences,pre-start,-0.005,2024-06-01,2027-05-31,SIGNED,False,,,,0,0,,False,public,https://zenodo.org/records/19589132,
10.5281/zenodo.11297478,Data Management plan of the Open Science Project of team Atreides for the Open Science course 2023-2024,2024-05-25,No funder metadata,,,,,,unknown,,Sun Apr 07,Mon Apr 07,,True,False,6,0,0,0,unknown,False,public,https://zenodo.org/records/11297478,https://zenodo.org/api/records/11297478/files/DMPOpen_Science_Course2.json/content
10.5281/zenodo.11466492,IPR and Innovation Plan,2024-05-24,No funder metadata,,,,,,unknown,,,,,False,,,,0,0,,False,public,https://zenodo.org/records/11466492,
10.5281/zenodo.17536046,Data Management Plan (D9.2),2024-05-24,Horizon Europe,HORIZON,101060712,FishEUTrust,HORIZON-CL6-2021-FARM2FORK-01,agricultural sciences,mid,0.495,2022-06-01,2026-05-31,SIGNED,False,,,,0,0,,False,public,https://zenodo.org/records/17536046,
10.5281/zenodo.11483658,Data Management Plan,2024-05-23,Horizon Europe,HORIZON,101061550,LEGITIMULT,HORIZON-CL2-2021-DEMOCRACY-01,social sciences,mid,0.548,2022-10-01,2025-09-30,SIGNED,False,,,,0,0,,False,public,https://zenodo.org/records/11483658,
10.5281/zenodo.11243399,Characterisation of fungal cell wall architecture using solid-state nuclear magnetic resonance spectroscopy at fast spinning regime,2024-05-22,No funder metadata,,,,,,unknown,,,,,False,,,,0,0,,False,public,https://zenodo.org/records/11243399,
10.5281/zenodo.11232457,D1.3 Update DMP,2024-05-21,Horizon Europe,HORIZON,101084204,Cure4Aqua,HORIZON-CL6-2022-FARM2FORK-01,agricultural sciences,mid,0.346,2022-11-01,2027-04-30,SIGNED,False,,,,0,0,,False,public,https://zenodo.org/records/11232457,
10.5281/zenodo.20252411,The Ruon Problem: Formal Mathematical and Philosophical Analysis,2024-05-17,No funder metadata,,,,,,unknown,,,,,False,,,,0,0,,False,public,https://zenodo.org/records/20252411,
10.5281/zenodo.11201803,Black Sea Data Management Plan,2024-05-16,No funder metadata,,,,,,unknown,,,,,False,,,,0,0,,False,public,https://zenodo.org/records/11201803,
10.5281/zenodo.11202823,Deliverable 6.4 - Data Management Plan,2024-05-16,Horizon Europe,HORIZON,101073094,RBP-ReguNet,HORIZON-MSCA-2021-DN-01,medical and health sciences,early,0.303,2023-03-01,2027-02-28,SIGNED,False,,,,0,0,,False,public,https://zenodo.org/records/11202823,
10.5281/zenodo.11174909,Bioenergy Observatory,2024-05-10,No funder metadata,,,,,,unknown,,,,,False,,,,0,0,,False,public,https://zenodo.org/records/11174909,
10.5281/zenodo.11174467,Projeto OPUS,2024-05-10,Other funder,,SFRH/BD/45657/2008,SFRH/BD/45657/2008,,,unknown,,,,,False,,,,0,0,,False,public,https://zenodo.org/records/11174467,
10.5281/zenodo.11152068,CMB lensing and Lyα forest cross bispectrum from DESI's first-year quasar sample,2024-05-08,No funder metadata,,,,,,unknown,,,,,False,,,,0,0,,False,public,https://zenodo.org/records/11152068,
10.5281/zenodo.11152566,Open Science Project DMP - Team Atreides - version 1,2024-05-08,No funder metadata,,,,,,unknown,,Sun Apr 07,Mon Apr 07,,True,False,2,0,0,0,unknown,False,public,https://zenodo.org/records/11152566,https://zenodo.org/api/records/11152566/files/DMPOpen_Science_Course1.json/content
10.5281/zenodo.11143902,Probing the impact of radio-mode feedback on the properties of the cool circumgalactic medium,2024-05-08,No funder metadata,,,,,,unknown,,,,,False,,,,0,0,,False,public,https://zenodo.org/records/11143902,
10.5281/zenodo.11146154,Data Management Plan (final): SPPELME,2024-05-08,Horizon 2020,H2020,101023762,SPPELME,H2020-MSCA-IF-2020,humanities,late,1.042,2021-10-01,2024-03-31,CLOSED,False,,,,0,0,,False,public,https://zenodo.org/records/11146154,
10.5281/zenodo.11115487,REDEMOS Data Management Plan,2024-05-05,Horizon Europe,HORIZON,101061738,REDEMOS,HORIZON-CL2-2021-DEMOCRACY-01,,mid,0.447,2023-01-01,2025-12-31,SIGNED,False,,,,0,0,,False,public,https://zenodo.org/records/11115487,
10.5281/zenodo.11109674,D1.1 Data Management Plan,2024-05-03,Horizon Europe,HORIZON,101069506,DUT,HORIZON-CL5-2021-D2-01,engineering and technology,early,0.26,2022-01-01,2030-12-31,SIGNED,False,,,,0,0,,False,public,https://zenodo.org/records/11109674,
10.5281/zenodo.14497074,Data Management Plan,2024-05-01,Horizon Europe,HORIZON,101081823,SUSTRACK,HORIZON-CL6-2022-CIRCBIO-01,social sciences,mid,0.5,2022-11-01,2025-10-31,SIGNED,False,,,,0,0,,False,public,https://zenodo.org/records/14497074,
10.5281/zenodo.11096250,Project Data Management Plan (v.2) (D7.2),2024-05-01,Horizon Europe,HORIZON,101060452,OCEAN ICE,HORIZON-CL6-2021-CLIMATE-01,natural sciences,mid,0.375,2022-11-01,2026-10-31,SIGNED,False,,,,0,0,,False,public,https://zenodo.org/records/11096250,
10.5281/zenodo.11530926,D2KAB project Data Management Plan,2024-04-30,Other funder,,ANR-18-CE23-0017,D2KAB,,,unknown,,,,,False,,,,0,0,,False,public,https://zenodo.org/records/11530926,
10.5281/zenodo.11090826,DMP: Measuring wildlife occurrence near cities using IoT,2024-04-30,No funder metadata,,,,,,unknown,,,,,False,,,,0,0,,False,public,https://zenodo.org/records/11090826,
10.5281/zenodo.11085613,DMP: Experiment on the performance of different machine learning algorithms for classification,2024-04-30,No funder metadata,,,,,,unknown,,,,,False,,,,0,0,,False,public,https://zenodo.org/records/11085613,
10.5281/zenodo.11091727,DMP: Exploring Recombination Rates in Fleckvieh and Braunvieh Cattle Breeds and their Correlation with SNP and GC Content Densities,2024-04-30,No funder metadata,,,,,,unknown,,,,,False,,,,0,0,,False,public,https://zenodo.org/records/11091727,
10.5281/zenodo.11093745,DMP: URL-Based Topic Classification,2024-04-30,No funder metadata,,,,,,unknown,,,,,False,,,,0,0,,False,public,https://zenodo.org/records/11093745,
10.5281/zenodo.11091372,Mitigating Energy Poverty through Innovative Solutions,2024-04-30,No funder metadata,,,,,,unknown,,,,,False,,,,0,0,,False,public,https://zenodo.org/records/11091372,
10.5281/zenodo.18427325,GEMSTONE Deliverable 1.3: Data Management Plan (interim review),2024-04-30,Horizon Europe,HORIZON,101078981,GEMSTONE,HORIZON-WIDERA-2021-ACCESS-03,,mid,0.486,2022-10-01,2025-12-31,SIGNED,False,,,,0,0,,False,public,https://zenodo.org/records/18427325,
10.5281/zenodo.18035968,ClearClimate Data Management Plan,2024-04-30,Horizon Europe,HORIZON,101131220,ClearClimate,HORIZON-MSCA-2022-SE-01,,early,0.124,2023-11-01,2027-10-31,SIGNED,False,,,,0,0,,False,public,https://zenodo.org/records/18035968,
10.5281/zenodo.15496046,Data management plan (version 2.0). Report No D6.2 of the Horizon Europe Project 101082212 – PLANET4B,2024-04-30,Horizon Europe,HORIZON,101082212,PLANET4B,HORIZON-CL6-2022-BIODIV-01,,mid,0.499,2022-11-01,2025-10-31,CLOSED,False,,,,0,0,,False,public,https://zenodo.org/records/15496046,
10.5281/zenodo.13890003,Data Management Plan,2024-04-30,Horizon Europe,HORIZON,101135481,COMPASS,HORIZON-CL4-2023-SPACE-01,,early,0.101,2024-01-01,2027-03-31,SIGNED,False,,,,0,0,,False,public,https://zenodo.org/records/13890003,
10.5281/zenodo.13829649,DAM4CO2 Data Management Plan,2024-04-30,Horizon Europe,HORIZON,101115488,DAM4CO2,HORIZON-EIC-2022-PATHFINDERCHALLENGES-01,engineering and technology,early,0.142,2023-11-01,2027-04-30,SIGNED,False,,,,0,0,,False,public,https://zenodo.org/records/13829649,
10.5281/zenodo.11091173,D4.1. Data Management Plan,2024-04-30,Horizon 2020,H2020,101008626,Co-UDlabs,H2020-INFRAIA-2018-2020,social sciences,late,0.75,2021-05-01,2025-04-30,CLOSED,False,,,,0,0,,True,public,https://zenodo.org/records/11091173,
10.5281/zenodo.15792027,FHERITALE data management plan,2024-04-30,Horizon Europe,HORIZON,101131588,FHERITALE,HORIZON-INFRA-2023-DEV-01,natural sciences,early,0.11,2024-01-01,2026-12-31,SIGNED,False,,,,0,0,,False,public,https://zenodo.org/records/15792027,
10.5281/zenodo.11082529,DMP: Analysis of choice of transport in Vienna together with Co2 footprint in Austria's households from 2010-2021,2024-04-29,No funder metadata,,,,,,unknown,,,,,False,,,,0,0,,False,public,https://zenodo.org/records/11082529,
10.5281/zenodo.11082523,Data from the The Baltic Russophone identity in flux project,2024-04-29,No funder metadata,,,,,,unknown,,,,,False,,,,0,0,,False,public,https://zenodo.org/records/11082523,
10.5281/zenodo.11082384,Data from the The Baltic Russophone identity in flux project,2024-04-29,No funder metadata,,,,,,unknown,,Mon Jan 29,Tue Jan 28,,True,False,3,3,0,0,unknown,False,public,https://zenodo.org/records/11082384,https://zenodo.org/api/records/11082384/files/DMPThe_Baltic_Russophone_identity_in_flux_Political_behavior_boundary_making_and_media_practices_after_Russias_fullscale_invasion_of_Ukraine0.json/content
10.5281/zenodo.11082162,Data from the Making sense of media project,2024-04-29,No funder metadata,,,,,,unknown,,,,,False,,,,0,0,,False,public,https://zenodo.org/records/11082162,
10.5281/zenodo.11081971,Socially responsible green transition: enhancing governance solutions to empower Homo Climaticus in the healthcare sector (GreenCare),2024-04-29,No funder metadata,,,,,,unknown,,Thu Jan 25,Fri Jan 24,,True,False,2,2,0,0,unknown,False,public,https://zenodo.org/records/11081971,https://zenodo.org/api/records/11081971/files/DMPSocially_responsible_green_transition_enhancing_governance_solutions_to_empower_Homo_Climaticus_in_the_healthcare_sector_GreenCare0.json/content
10.5281/zenodo.11080562,"""FLPP_Project_Hierarchial model approach and experimental validation for typical drug discovery system dissolution profile predictions""",2024-04-28,No funder metadata,,,,,,unknown,,,,,False,,,,0,0,,False,public,https://zenodo.org/records/11080562,
10.5281/zenodo.11079856,Measuring and monitoring mental health outcomes of adolescents in the context of the post-COVID pandemic - project data,2024-04-28,No funder metadata,,,,,,unknown,,,,,False,,,,0,0,,False,public,https://zenodo.org/records/11079856,
10.5281/zenodo.11079841,Academic Staff Competence Model (COMPAC) - data management plan,2024-04-28,No funder metadata,,,,,,unknown,,,,,False,,,,0,0,,False,public,https://zenodo.org/records/11079841,
10.5281/zenodo.11079811,HBM4LV – Human biomonitoring for Latvia,2024-04-28,No funder metadata,,,,,,unknown,,,,,False,,,,0,0,,False,public,https://zenodo.org/records/11079811,
10.5281/zenodo.11079673,"Data Management Plan for the project INNOVATIONS, METHODOLOGIES AND RECOMMENDATIONS FOR THE DEVELOPMENT AND MANAGEMENT OF THE SPORTS SECTOR IN LATVIA (Nr. VPP-IZM-Sports-2023/1-0001)",2024-04-28,No funder metadata,,,,,,unknown,,,,,False,,,,0,0,,False,public,https://zenodo.org/records/11079673,
10.5281/zenodo.13908450,Deliverable 5.3 Data Management Plan – Version 1,2024-04-26,Horizon Europe,HORIZON,101094621,HiAOOS,HORIZON-INFRA-2022-TECH-01,natural sciences,early,0.264,2023-01-01,2027-12-31,SIGNED,False,,,,0,0,,False,public,https://zenodo.org/records/13908450,
10.5281/zenodo.12624921,"TRANSIENCE D3.1 Machine-actionable, open data management plan",2024-04-26,Horizon Europe,HORIZON,101137606,TRANSIENCE,HORIZON-CL4-2023-TWIN-TRANSITION-01,natural sciences,early,0.079,2024-01-01,2027-12-31,SIGNED,False,,,,0,0,,True,public,https://zenodo.org/records/12624921,
10.5281/zenodo.11068584,ThrombUS+ Data Management Plan,2024-04-25,Horizon Europe,HORIZON,101137227,ThrombUS,HORIZON-HLTH-2023-TOOL-05,medical and health sciences,early,0.09,2024-01-01,2027-06-30,SIGNED,True,False,1,0,0,0,unknown,True,public,https://zenodo.org/records/11068584,https://zenodo.org/api/records/11068584/files/DMPThrombUS+_Wearable_Continuous_PointofCare_Monitoring_Risk_Estimation_and_Prevention_for_Deep_Vein_Thrombosis0.json/content
10.5281/zenodo.11066249,SUNRISE_Data Management Plan_1.0,2024-04-25,Other funder,,TCS 142,,,,unknown,,,,,False,,,,0,0,,False,public,https://zenodo.org/records/11066249,
10.5281/zenodo.11065675,CERTAINTY UMANCHESTER's DMP,2024-04-25,Horizon Europe,HORIZON,101137680,CERTAINTY,HORIZON-CL5-2023-D1-01,engineering and technology,early,0.079,2024-01-01,2027-12-31,SIGNED,True,False,2,0,0,0,unknown,False,public,https://zenodo.org/records/11065675,https://zenodo.org/api/records/11065675/files/DMPCERTAINTY0.json/content
10.5281/zenodo.11058629,CERTAINTY LU's DMP,2024-04-24,Horizon Europe,HORIZON,101137680,CERTAINTY,HORIZON-CL5-2023-D1-01,engineering and technology,early,0.078,2024-01-01,2027-12-31,SIGNED,True,False,1,0,0,0,unknown,False,public,https://zenodo.org/records/11058629,https://zenodo.org/api/records/11058629/files/DMPCERTAINTY0.json/content
10.5281/zenodo.11058354,CERTAINTY DLR's DMP,2024-04-24,Horizon Europe,HORIZON,101137680,CERTAINTY,HORIZON-CL5-2023-D1-01,engineering and technology,early,0.078,2024-01-01,2027-12-31,SIGNED,False,,,,0,0,,False,public,https://zenodo.org/records/11058354,
10.5281/zenodo.18090209,Data Management Plan V2,2024-04-23,Horizon Europe,HORIZON,101060534,TRUSTyFOOD,HORIZON-CL6-2021-FARM2FORK-01,natural sciences,mid,0.518,2022-07-01,2025-12-31,SIGNED,False,,,,0,0,,False,public,https://zenodo.org/records/18090209,
10.5281/zenodo.11046942,Seinäjoki University of Applied Sciences Coara Action Plan,2024-04-23,No funder metadata,,,,,,unknown,,,,,False,,,,0,0,,False,public,https://zenodo.org/records/11046942,
10.5281/zenodo.18090136,Data Management Plan V1,2024-04-23,Horizon Europe,HORIZON,101060534,TRUSTyFOOD,HORIZON-CL6-2021-FARM2FORK-01,natural sciences,mid,0.518,2022-07-01,2025-12-31,SIGNED,False,,,,0,0,,False,public,https://zenodo.org/records/18090136,
10.5281/zenodo.11030498,Strategic development plan for SAPEA,2024-04-22,No funder metadata,,,,,,unknown,,,,,False,,,,0,0,,False,public,https://zenodo.org/records/11030498,
10.5281/zenodo.11031858,CERTAINTY CNRS DMP,2024-04-22,Horizon Europe,HORIZON,101137680,CERTAINTY,HORIZON-CL5-2023-D1-01,engineering and technology,early,0.077,2024-01-01,2027-12-31,SIGNED,True,False,1,0,0,0,unknown,False,public,https://zenodo.org/records/11031858,https://zenodo.org/api/records/11031858/files/DMPCloudaERosol_inTeractions__their_impActs_IN_The_earth_sYstem1.json/content
10.5281/zenodo.10998274,Test 19/4,2024-04-19,Other funder,,1R01CA060856-01,,,,unknown,,,,,False,,,,0,0,,False,public,https://zenodo.org/records/10998274,
10.5281/zenodo.10994712,CERTAINTY UHMI's DMP,2024-04-18,Horizon Europe,HORIZON,101137680,CERTAINTY,HORIZON-CL5-2023-D1-01,engineering and technology,early,0.074,2024-01-01,2027-12-31,SIGNED,True,False,4,0,0,0,unknown,False,public,https://zenodo.org/records/10994712,https://zenodo.org/api/records/10994712/files/DMPCloudaERosol_inTeractions__their_impActs_IN_The_earth_sYstem0.json/content
10.5281/zenodo.10990927,CERTAINTY NOA's DMP,2024-04-18,Horizon Europe,HORIZON,101137680,CERTAINTY,HORIZON-CL5-2023-D1-01,engineering and technology,early,0.074,2024-01-01,2027-12-31,SIGNED,True,False,5,0,0,0,unknown,False,public,https://zenodo.org/records/10990927,https://zenodo.org/api/records/10990927/files/DMPCERTAINTY0.json/content
10.5281/zenodo.16778558,iCARE4CVD - Deliverable 10.1 - First version of DMP,2024-04-18,Horizon Europe,HORIZON,101112022,iCARE4CVD,HORIZON-JU-IHI-2022-02-two-stage,natural sciences,early,0.122,2023-10-01,2028-03-31,SIGNED,False,,,,0,0,,True,public,https://zenodo.org/records/16778558,
10.5281/zenodo.10988962,Data Management Plan for Green2Ice,2024-04-17,Horizon Europe,HORIZON,101072180,Green2Ice,ERC-2022-SYG,natural sciences,early,0.174,2023-04-01,2029-03-31,SIGNED,False,,,,0,0,,False,public,https://zenodo.org/records/10988962,
10.5281/zenodo.10986809,CERTAINTY ETH's DMP,2024-04-17,Horizon Europe,HORIZON,101137680,CERTAINTY,HORIZON-CL5-2023-D1-01,engineering and technology,early,0.073,2024-01-01,2027-12-31,SIGNED,True,False,1,0,0,0,unknown,False,public,https://zenodo.org/records/10986809,https://zenodo.org/api/records/10986809/files/DMPCloudaERosol_inTeractions__their_impActs_IN_The_earth_sYstem0.json/content
10.5281/zenodo.10973486,CONCEPT-DIABETES DATA MANAGEMENT PLAN TO ANALYSE HEALTHCARE PATHWAYS OF TYPE 2 DIABETES,2024-04-15,Other funder,,PI19/00381,,,,unknown,,Fri Sep 08,Sat Sep 07,,True,False,1,0,0,0,unknown,False,public,https://zenodo.org/records/10973486,https://zenodo.org/api/records/10973486/files/DMPHealth_Research_and_Development_Strategy_AES0.json/content
10.5281/zenodo.10973012,CERTAINTY TUC's DMP,2024-04-15,Horizon Europe,HORIZON,101137680,CERTAINTY,HORIZON-CL5-2023-D1-01,engineering and technology,early,0.072,2024-01-01,2027-12-31,SIGNED,True,False,1,0,0,0,unknown,False,public,https://zenodo.org/records/10973012,https://zenodo.org/api/records/10973012/files/DMPCERTAINTY1.json/content
10.5281/zenodo.19470748,COREu - Data Management Plan,2024-04-15,Horizon Europe,HORIZON,101136217,COREU,HORIZON-CL5-2023-D3-01,social sciences,early,0.072,2024-01-01,2027-12-31,SIGNED,False,,,,0,0,,False,public,https://zenodo.org/records/19470748,
10.5281/zenodo.18671719,Updated Data Management Plan (D8.19),2024-04-12,Horizon 2020,H2020,821520,ConcePTION,H2020-JTI-IMI2-2017-13-two-stage,medical and health sciences,late,0.875,2019-04-01,2024-12-31,CLOSED,False,,,,0,0,,False,public,https://zenodo.org/records/18671719,
10.5281/zenodo.17305210,D6.3 - Data Management Plan,2024-04-11,Horizon Europe,HORIZON,101091464,BIO-SUSHY,HORIZON-CL4-2022-RESILIENCE-01,engineering and technology,early,0.319,2023-01-01,2026-12-31,SIGNED,False,,,,0,0,,False,public,https://zenodo.org/records/17305210,
10.5281/zenodo.19206366,"D5.2. Data Management Plan (R and DMP, PU, M6, M36) (PNO ES)",2024-04-11,Horizon Europe,HORIZON,101070690,PHOENIX,HORIZON-CL4-2021-DIGITAL-EMERGING-01,natural sciences,mid,0.461,2022-09-01,2026-02-28,SIGNED,False,,,,0,0,,False,public,https://zenodo.org/records/19206366,
10.5281/zenodo.10955426,Data management plan of Kunbaja online resource,2024-04-10,No funder metadata,,,,,,unknown,,,,,False,,,,0,0,,False,public,https://zenodo.org/records/10955426,
10.5281/zenodo.10952471,test_DMP_LZP_2,2024-04-10,No funder metadata,,,,,,unknown,,,,,False,,,,0,0,,False,public,https://zenodo.org/records/10952471,
10.5281/zenodo.10948153,Data Management Plan,2024-04-09,Horizon Europe,HORIZON,101098722,BABOTS,HORIZON-EIC-2022-PATHFINDEROPEN-01,agricultural sciences,early,0.131,2023-10-01,2027-09-30,SIGNED,False,,,,0,0,,False,public,https://zenodo.org/records/10948153,
10.5281/zenodo.10949479,D7.2 – Data Management Plan,2024-04-09,Horizon 2020,H2020,101036480,GreenSCENT,H2020-LC-GD-2020,social sciences,late,0.757,2022-01-01,2024-12-31,CLOSED,False,,,,0,0,,False,public,https://zenodo.org/records/10949479,
10.5281/zenodo.19115410,Powder2Power D1.3: Data Management Plan,2024-04-09,Horizon Europe,HORIZON,101122347,POWDER2POWER,HORIZON-CL5-2022-D3-03,,early,0.131,2023-10-01,2027-09-30,SIGNED,False,,,,0,0,,False,public,https://zenodo.org/records/19115410,
10.5281/zenodo.10950753,DMP for the Open Science Project 2023/24 - Team Harkonnen,2024-04-08,No funder metadata,,,,,,unknown,,Fri Apr 05,Sat Apr 05,,True,False,2,0,0,0,unknown,False,public,https://zenodo.org/records/10950753,https://zenodo.org/api/records/10950753/files/DMPOpen_Science_course_2023240.json/content
10.5281/zenodo.10931470,EOSC Focus - D1.2 - Data Management Plan (DMP),2024-04-05,Horizon Europe,HORIZON,101058432,EOSC Focus,HORIZON-INFRA-2021-EOSC-01,,mid,0.616,2022-06-01,2025-05-31,CLOSED,False,,,,0,0,,False,public,https://zenodo.org/records/10931470,
10.5281/zenodo.19448842,AddMorePower Data Management Plan (D2.1),2024-04-04,Horizon Europe,HORIZON,101091621,AddMorePower,HORIZON-CL4-2022-RESILIENCE-01,natural sciences,early,0.314,2023-01-01,2026-12-31,SIGNED,False,,,,0,0,,False,public,https://zenodo.org/records/19448842,
10.5281/zenodo.10925825,Data Management Plan,2024-04-04,Horizon 2020,H2020,101024115,Promising Images,H2020-MSCA-IF-2020,social sciences,late,1.048,2022-03-01,2024-02-29,CLOSED,False,,,,0,0,,True,public,https://zenodo.org/records/10925825,
10.5281/zenodo.10904418,LCS test,2024-04-01,Horizon 2020,H2020,660030,BARREL,H2020-MSCA-IF-2014,natural sciences,late,4.337,2015-08-01,2017-07-31,CLOSED,False,,,,0,0,,False,public,https://zenodo.org/records/10904418,
10.5281/zenodo.10903424,Data Management Plan for K. Salesse's Projects,2024-04-01,No funder metadata,,,,,,unknown,,,,,False,,,,0,0,,False,public,https://zenodo.org/records/10903424,
10.5281/zenodo.19001602,Deliverable D1.5 – Data Management Plan,2024-03-31,Horizon Europe,HORIZON,101115535,ReZilient,HORIZON-EIC-2022-PATHFINDERCHALLENGES-01,natural sciences,early,0.125,2023-10-01,2027-09-30,SIGNED,False,,,,0,0,,True,public,https://zenodo.org/records/19001602,
10.5281/zenodo.15261530,Deliverable D1.2: Data Management Plan,2024-03-31,Horizon Europe,HORIZON,101120323,PERKS,HORIZON-CL4-2022-DIGITAL-EMERGING-02,natural sciences,early,0.166,2023-10-01,2026-09-30,SIGNED,False,,,,0,0,,False,public,https://zenodo.org/records/15261530,
10.5281/zenodo.10898482,Open Science Project DMP,2024-03-30,No funder metadata,,,,,,unknown,,Sun Apr 07,Mon Apr 07,,True,False,2,0,0,0,unknown,False,public,https://zenodo.org/records/10898482,https://zenodo.org/api/records/10898482/files/DMPOpen_Science_Course0.json/content
10.5281/zenodo.10897278,PlastChem project - Data Management Plan,2024-03-30,No funder metadata,,,,,,unknown,,,,,False,,,,0,0,,False,public,https://zenodo.org/records/10897278,
10.5281/zenodo.19219102,ECOLOOP project - Deliverable 1.2: Data  Management Plan,2024-03-30,Horizon Europe,HORIZON,101118127,ECOLOOP,HORIZON-CL5-2022-D3-02,agricultural sciences,early,0.124,2023-10-01,2027-09-30,SIGNED,False,,,,0,0,,False,public,https://zenodo.org/records/19219102,
10.5281/zenodo.18787552,Data Management Plan,2024-03-29,Horizon Europe,HORIZON,101120640,COROB,HORIZON-CL4-2022-DIGITAL-EMERGING-02,engineering and technology,early,0.164,2023-10-01,2026-09-30,SIGNED,False,,,,0,0,,False,public,https://zenodo.org/records/18787552,
10.5281/zenodo.15803958,SpongeScapes D6.1 – Data Management Plan I,2024-03-28,Horizon Europe,HORIZON,101112738,SpongeScapes,HORIZON-MISS-2022-CLIMA-01,social sciences,early,0.123,2023-10-01,2027-09-30,SIGNED,False,,,,0,0,,True,public,https://zenodo.org/records/15803958,
10.5281/zenodo.10887145,CERTAINTY BSC's DMP,2024-03-27,Horizon Europe,HORIZON,101137680,CERTAINTY,HORIZON-CL5-2023-D1-01,engineering and technology,early,0.059,2024-01-01,2027-12-31,SIGNED,True,False,1,0,0,0,unknown,False,public,https://zenodo.org/records/10887145,https://zenodo.org/api/records/10887145/files/DMPCERTAINTY0.json/content
10.5281/zenodo.10886919,CERTAINTY UEF's DMP New,2024-03-27,Horizon Europe,HORIZON,101137680,CERTAINTY,HORIZON-CL5-2023-D1-01,engineering and technology,early,0.059,2024-01-01,2027-12-31,SIGNED,True,False,2,0,0,0,unknown,False,public,https://zenodo.org/records/10886919,https://zenodo.org/api/records/10886919/files/DMPCERTAINTY0.json/content
10.5281/zenodo.10886642,CERTAINTY SU's DMP,2024-03-27,Horizon Europe,HORIZON,101137680,CERTAINTY,HORIZON-CL5-2023-D1-01,engineering and technology,early,0.059,2024-01-01,2027-12-31,SIGNED,True,False,3,0,0,0,unknown,False,public,https://zenodo.org/records/10886642,https://zenodo.org/api/records/10886642/files/DMPCERTAINTY0.json/content
10.5281/zenodo.10886609,CERTAINTY MPIMET's DMP,2024-03-27,Horizon Europe,HORIZON,101137680,CERTAINTY,HORIZON-CL5-2023-D1-01,engineering and technology,early,0.059,2024-01-01,2027-12-31,SIGNED,True,False,2,0,0,0,unknown,False,public,https://zenodo.org/records/10886609,https://zenodo.org/api/records/10886609/files/DMPCERTAINTY0.json/content
10.5281/zenodo.10886461,CERTAINTY ECMWF's DMP,2024-03-27,Horizon Europe,HORIZON,101137680,CERTAINTY,HORIZON-CL5-2023-D1-01,engineering and technology,early,0.059,2024-01-01,2027-12-31,SIGNED,True,False,3,0,0,0,unknown,False,public,https://zenodo.org/records/10886461,https://zenodo.org/api/records/10886461/files/DMPCERTAINTY0.json/content
10.5281/zenodo.10886411,CERTAINTY UHEL's DMP New,2024-03-27,Horizon Europe,HORIZON,101137680,CERTAINTY,HORIZON-CL5-2023-D1-01,engineering and technology,early,0.059,2024-01-01,2027-12-31,SIGNED,True,False,1,0,0,0,unknown,False,public,https://zenodo.org/records/10886411,https://zenodo.org/api/records/10886411/files/DMPCERTAINTY0.json/content
10.5281/zenodo.10886328,zssszz,2024-03-27,No funder metadata,,,,,,unknown,,,,,False,,,,0,0,,False,public,https://zenodo.org/records/10886328,
10.5281/zenodo.10987078,SMAUG - Data Management Plan,2024-03-27,Other EU,EC,Grant agreement ID: 101121129,,,,unknown,,,,,False,,,,0,0,,True,public,https://zenodo.org/records/10987078,
10.5281/zenodo.13850932,ECOTIP Data Management Plan,2024-03-26,Horizon 2020,H2020,869383,ECOTIP,H2020-LC-CLA-2018-2019-2020,natural sciences,late,0.955,2020-06-01,2024-05-31,CLOSED,False,,,,0,0,,False,public,https://zenodo.org/records/13850932,
10.5281/zenodo.10882070,HOD-Dependent Systematics for Luminous Red Galaxies in the DESI 2024 BAO Analysis,2024-03-26,No funder metadata,,,,,,unknown,,,,,False,,,,0,0,,False,public,https://zenodo.org/records/10882070,
10.5281/zenodo.10866579,PHAETHON Teaming Project,2024-03-24,Horizon Europe,HORIZON,101059898,PHAETHON,HORIZON-WIDERA-2022-ACCESS-01-two-stage,social sciences,early,0.094,2023-09-01,2029-08-31,SIGNED,True,False,1,0,0,0,unknown,True,public,https://zenodo.org/records/10866579,https://zenodo.org/api/records/10866579/files/DMPPHAETHON_Research_and_Innovation_Centre_of_Excellence_for_Intelligent_Efficient_and_Sustainable_Energy_Solutions0.json/content
10.5281/zenodo.10782781,Anonymisation Plan Template,2024-03-22,No funder metadata,,,,,,unknown,,,,,False,,,,0,0,,True,public,https://zenodo.org/records/10782781,
10.5281/zenodo.13354654,ATMO-ACCESS D5.6 Intermediate Data Management Plan,2024-03-18,Horizon 2020,H2020,101008004,ATMO-ACCESS,H2020-INFRAIA-2018-2020,,mid,0.659,2021-04-01,2025-09-30,SIGNED,False,,,,0,0,,False,public,https://zenodo.org/records/13354654,
10.5281/zenodo.10825058,PLANO DE AÇÃO PARA GESTÃO DA INOVAÇÃO DO IFAM (PAGI01),2024-03-16,No funder metadata,,,,,,unknown,,,,,False,,,,0,0,,False,public,https://zenodo.org/records/10825058,
10.5281/zenodo.10819590,"PLANO DE AÇÃO PARA GESTÃO DA INOVAÇÃO DE UM INSTITUTO FEDERAL DE EDUCAÇÃO, CIÊNCIA E TECNOLOGIA NO AMAZONAS",2024-03-14,No funder metadata,,,,,,unknown,,,,,False,,,,0,0,,False,public,https://zenodo.org/records/10819590,
10.5281/zenodo.10808501,NoisyFluid Project - Data Management Plan,2024-03-12,Horizon Europe,HORIZON,101053472,NoisyFluid,ERC-2021-ADG,natural sciences,early,0.239,2023-01-01,2027-12-31,SIGNED,False,,,,0,0,,False,public,https://zenodo.org/records/10808501,
10.5281/zenodo.10803962,DMPExploring_Common_Linkage_Regions_in_Lung_Cancer_and_COPD0.json,2024-03-11,Other funder,,5K07CA125203-05,,,,unknown,,,,,False,,,,0,0,,False,public,https://zenodo.org/records/10803962,
10.5281/zenodo.10804943,AI4REALNET: Data Management Plan structure and objectives,2024-03-11,Horizon Europe,HORIZON,101119527,AI4REALNET,HORIZON-CL4-2022-HUMAN-02,natural sciences,early,0.127,2023-10-01,2027-03-31,SIGNED,False,,,,0,0,,False,public,https://zenodo.org/records/10804943,
10.5281/zenodo.13586350,D1.2 Data Management Plan,2024-03-08,Horizon Europe,HORIZON,101092295,CIRCULOOS,HORIZON-CL4-2022-TWIN-TRANSITION-01,natural sciences,early,0.148,2023-09-01,2027-02-28,SIGNED,False,,,,0,0,,True,public,https://zenodo.org/records/13586350,
10.5281/zenodo.10793485,RAISE D1.2 Data Management Plan,2024-03-07,Horizon Europe,HORIZON,101058479,RAISE,HORIZON-INFRA-2021-EOSC-01,social sciences,mid,0.429,2022-10-01,2026-01-31,SIGNED,False,,,,0,0,,True,public,https://zenodo.org/records/10793485,
10.5281/zenodo.10790694,RELATÓRIO TÉCNICO CONCLUSIVO– RECOMENDAÇÕES ESTRATÉGICAS PARA A MELHORIA DA MOBILIDADE NA CIDADE DE MARICÁ,2024-03-06,No funder metadata,,,,,,unknown,,,,,False,,,,0,0,,False,public,https://zenodo.org/records/10790694,
10.5281/zenodo.10790621,RELATÓRIO TÉCNICO CONCLUSIVO– RECOMENDAÇÕES ESTRATÉGICAS PARA INOVAÇÃO EM SERVIÇOS NA AYTY (Incubadora de empresas do INSTITUTO FEDERAL DO AMAZONAS),2024-03-06,No funder metadata,,,,,,unknown,,,,,False,,,,0,0,,False,public,https://zenodo.org/records/10790621,
10.5281/zenodo.10785630,RELATÓRIO TÉCNICO CONCLUSIVO– RECOMENDAÇÕES ESTRATÉGICAS PARA INOVAÇÃO NA CODEMAR – COMPANHIA DE DESENVOLVIMENTO DE MARICÁ,2024-03-06,No funder metadata,,,,,,unknown,,,,,False,,,,0,0,,False,public,https://zenodo.org/records/10785630,
10.5281/zenodo.10785290,D1.2 - Data Management Plan,2024-03-06,Horizon Europe,HORIZON,101057344,FAIR-IMPACT,HORIZON-INFRA-2021-EOSC-01,natural sciences,mid,0.588,2022-06-01,2025-05-31,CLOSED,False,,,,0,0,,True,public,https://zenodo.org/records/10785290,
10.5281/zenodo.18299221,Supplementary information - Data description,2024-03-05,No funder metadata,,,,,,unknown,,,,,False,,,,0,0,,True,public,https://zenodo.org/records/18299221,
10.5281/zenodo.10781799,Fulfilling Open Science. Compliance with European Commission mandates and Data Management Plan in CODECS project,2024-03-05,Horizon Europe,HORIZON,101060179,CODECS,HORIZON-CL6-2021-GOVERNANCE-01,agricultural sciences,mid,0.357,2022-10-01,2026-09-30,SIGNED,False,,,,0,0,,False,public,https://zenodo.org/records/10781799,
10.5281/zenodo.10777523,Data Management Plan v1,2024-03-04,Horizon Europe,HORIZON,101118217,RE-INTEGRATE,HORIZON-CL5-2022-D3-02,social sciences,early,0.145,2023-09-01,2027-02-28,SIGNED,False,,,,0,0,,False,public,https://zenodo.org/records/10777523,
10.5281/zenodo.10732115,Adherencia a las guías clínicas sobre la duración del tratamiento antibiótico en pacientes hospitalizados por neumonía adquirida en la comunidad con estabilidad clínica (estudio ADAPT),2024-03-01,No funder metadata,,,,,,unknown,,,,,True,False,1,0,0,0,unknown,True,public,https://zenodo.org/records/10732115,https://zenodo.org/api/records/10732115/files/DMPProyecto_I+D+I_AES_20240.json/content
10.5281/zenodo.10757297,TRANS-3 Data Management Plan v1.0,2024-02-29,Horizon Europe,HORIZON,101076026,TRANS-3,ERC-2022-STG,natural sciences,early,0.099,2023-09-01,2028-08-31,SIGNED,False,,,,0,0,,False,public,https://zenodo.org/records/10757297,
10.5281/zenodo.10715755,QECANM Project - Data Management Plan,2024-02-29,Horizon Europe,HORIZON,101068347,QECANM,HORIZON-MSCA-2021-PF-01,engineering and technology,early,0.248,2023-09-01,2025-08-31,SIGNED,False,,,,0,0,,False,public,https://zenodo.org/records/10715755,
10.5281/zenodo.19330113,Data Management Plan (Update 1),2024-02-29,Horizon Europe,HORIZON,101061051,RUSTIK,HORIZON-CL6-2021-COMMUNITIES-01,social sciences,mid,0.345,2022-09-01,2026-12-31,SIGNED,False,,,,0,0,,True,public,https://zenodo.org/records/19330113,
10.5281/zenodo.17141512,D6.3 Data Management Plan (interim version),2024-02-29,Other EU,EC,Project 101119747,,,,unknown,,,,,False,,,,0,0,,True,public,https://zenodo.org/records/17141512,
10.5281/zenodo.10931440,Data Management Plan I.,2024-02-29,Horizon Europe,HORIZON,101120270,DOSS,HORIZON-CL3-2022-CS-01,natural sciences,early,0.165,2023-09-01,2026-08-31,SIGNED,False,,,,0,0,,False,public,https://zenodo.org/records/10931440,
10.5281/zenodo.10839334,AD4GD D8.3 Data Management Plan,2024-02-29,Horizon Europe,HORIZON,101061001,AD4GD,HORIZON-CL6-2021-GOVERNANCE-01,natural sciences,mid,0.499,2022-09-01,2025-08-31,SIGNED,False,,,,0,0,,True,public,https://zenodo.org/records/10839334,
10.5281/zenodo.10727879,Data Management Plan: second version,2024-02-29,Other EU,EC,CUP B53C22003780006,,,,unknown,,,,,False,,,,0,0,,False,public,https://zenodo.org/records/10727879,
10.5281/zenodo.17406093,ROBIN Data Management Plan – Interim Version,2024-02-29,Horizon Europe,HORIZON,101060504,ROBIN,HORIZON-CL6-2021-GOVERNANCE-01,social sciences,mid,0.499,2022-09-01,2025-08-31,CLOSED,False,,,,0,0,,True,public,https://zenodo.org/records/17406093,
10.5281/zenodo.10719555,Harmonizing and Unifying Blood Metabolomics Analysis Networks,2024-02-27,Horizon Europe,HORIZON,101073062,HUMAN,HORIZON-MSCA-2021-DN-01,natural sciences,early,0.23,2023-02-01,2027-09-30,SIGNED,False,,,,0,0,,False,public,https://zenodo.org/records/10719555,
10.5281/zenodo.18505581,Deliverable 7.2: Data Management Plan,2024-02-27,Horizon Europe,HORIZON,101116076,VALUE4FARM,HORIZON-CL5-2022-D3-02,agricultural sciences,early,0.14,2023-09-01,2027-02-28,SIGNED,False,,,,0,0,,False,public,https://zenodo.org/records/18505581,
10.5281/zenodo.10709800,CERTAINTY Imperial College London's DMP,2024-02-26,Horizon Europe,HORIZON,101137680,CERTAINTY,HORIZON-CL5-2023-D1-01,engineering and technology,early,0.038,2024-01-01,2027-12-31,SIGNED,True,False,4,1,0,0,no,False,public,https://zenodo.org/records/10709800,https://zenodo.org/api/records/10709800/files/DMPCERTAINTY0.json/content
10.5281/zenodo.10246048,EATRIS-Plus Data Management Plan (DMP),2024-02-23,Horizon 2020,H2020,871096,EATRIS-Plus,H2020-INFRADEV-2018-2020,,late,1.037,2020-01-01,2023-12-31,CLOSED,False,,,,0,0,,False,public,https://zenodo.org/records/10246048,
10.5281/zenodo.10694388,CERTAINTY KNMI's DMP,2024-02-22,Horizon Europe,HORIZON,101137680,CERTAINTY,HORIZON-CL5-2023-D1-01,engineering and technology,early,0.036,2024-01-01,2027-12-31,SIGNED,True,False,1,0,0,0,unknown,False,public,https://zenodo.org/records/10694388,https://zenodo.org/api/records/10694388/files/DMPCERTAINTY0.json/content
10.5281/zenodo.10694384,CERTAINTY FMI's DMP,2024-02-22,Horizon Europe,HORIZON,101137680,CERTAINTY,HORIZON-CL5-2023-D1-01,engineering and technology,early,0.036,2024-01-01,2027-12-31,SIGNED,True,False,4,0,0,0,unknown,False,public,https://zenodo.org/records/10694384,https://zenodo.org/api/records/10694384/files/DMPCERTAINTY0.json/content
10.5281/zenodo.10685759,Baryon Acoustic Oscillation Theory and Modelling Systematics for the DESI 2024 results,2024-02-21,No funder metadata,,,,,,unknown,,,,,False,,,,0,0,,False,public,https://zenodo.org/records/10685759,
10.5281/zenodo.10688298,Data Management Plan TRANSNATURE,2024-02-21,Horizon Europe,HORIZON,101052342,Biodiversa-plus,HORIZON-CL6-2021-BIODIV-02,,early,0.233,2021-10-01,2031-12-31,SIGNED,False,,,,0,0,,False,public,https://zenodo.org/records/10688298,
10.5281/zenodo.11389869,"Data Management Plan by Carlos G Halaburda, PhD (Horizon Europe 2022, MSCA Postdoctoral Fellowships, Grant Number 101103095)",2024-02-20,Horizon Europe,HORIZON,101103095,Trans Modernismo,HORIZON-MSCA-2022-PF-01,,early,0.236,2023-09-01,2025-08-31,TERMINATED,False,,,,0,0,,False,public,https://zenodo.org/records/11389869,
10.5281/zenodo.10672122,EUROPEAN MULTIDISCIPLINARY SEAFLOOR AND WATER COLUMN OBSERVATORY IBERIAN MARGIN (EMSO‐ERIC) DATA MANAGEMENT PLAN,2024-02-16,No funder metadata,,,,,,unknown,,,,,False,,,,0,0,,False,public,https://zenodo.org/records/10672122,
10.5281/zenodo.10667086,12/5 HE,2024-02-15,Horizon 2020,H2020,101007715,CHYLA,H2020-CS2-CFP11-2020-01,engineering and technology,late,1.285,2020-12-01,2023-05-31,CLOSED,False,,,,0,0,,False,public,https://zenodo.org/records/10667086,
10.5281/zenodo.10665397,Prueba de PGD 2,2024-02-15,No funder metadata,,,,,,unknown,,,,,False,,,,0,0,,False,public,https://zenodo.org/records/10665397,
10.5281/zenodo.14796992,D1.2 Data Management Plan - intermediate update,2024-02-15,Horizon Europe,HORIZON,101058527,Skills4EOSC,HORIZON-INFRA-2021-EOSC-01,,mid,0.486,2022-09-01,2025-08-31,SIGNED,False,,,,0,0,,False,public,https://zenodo.org/records/14796992,
10.5281/zenodo.17376031,PROTECT BALTIC - Deliverable 2.1 - Data Management Plan,2024-02-14,Horizon Europe,HORIZON,101112866,PROTECT BALTIC,HORIZON-MISS-2022-OCEAN-01,social sciences,early,0.1,2023-08-15,2028-08-14,SIGNED,False,,,,0,0,,False,public,https://zenodo.org/records/17376031,
10.5281/zenodo.10654753,PASSENGER D7.6 - Final Data Management Plan,2024-02-13,Horizon 2020,H2020,101003914,PASSENGER,H2020-SC5-2018-2019-2020,social sciences,mid,0.619,2021-05-01,2025-10-31,SIGNED,False,,,,0,0,,False,public,https://zenodo.org/records/10654753,
10.5281/zenodo.10647762,FAITH. Data Management Plan.,2024-02-11,Horizon Europe,HORIZON,101108651,FAITH,HORIZON-MSCA-2022-PF-01,,early,0.223,2023-09-01,2025-08-31,TERMINATED,False,,,,0,0,,False,public,https://zenodo.org/records/10647762,
10.5281/zenodo.10635862,Long-term follow-up observations of extreme coronal line emitting galaxies,2024-02-09,No funder metadata,,,,,,unknown,,,,,False,,,,0,0,,False,public,https://zenodo.org/records/10635862,
10.5281/zenodo.10606922,D7.2 Initial Data Management Plan,2024-02-01,Horizon 2020,H2020,101017884,GuestXR,H2020-FETPROACT-2018-2020,natural sciences,mid,0.521,2022-01-01,2025-12-31,SIGNED,False,,,,0,0,,True,public,https://zenodo.org/records/10606922,
10.5281/zenodo.10604565,AGISTIN D1.2: Data management plan,2024-02-01,Horizon Europe,HORIZON,101096197,AGISTIN,HORIZON-CL5-2022-D3-01,engineering and technology,early,0.271,2023-01-01,2026-12-31,SIGNED,False,,,,0,0,,True,public,https://zenodo.org/records/10604565,
10.5281/zenodo.10651058,Art and Research Data Management Plan Template,2024-02,No funder metadata,,,,,,unknown,,,,,False,,,,0,0,,False,public,https://zenodo.org/records/10651058,
10.5281/zenodo.18400016,D5.1 - Data Management Plan (M6) - version 1,2024-01-31,Horizon Europe,HORIZON,101081782,deCYPher,HORIZON-CL6-2022-CIRCBIO-02-two-stage,natural sciences,early,0.104,2023-09-01,2027-08-31,SIGNED,False,,,,0,0,,False,public,https://zenodo.org/records/18400016,
10.5281/zenodo.10619506,MobiDataLab D1.6 Data Management Plan – DMP (V3 Final),2024-01-30,Horizon 2020,H2020,101006879,MobiDataLab,H2020-MG-2018-2019-2020,social sciences,late,0.999,2021-02-01,2024-01-31,CLOSED,False,,,,0,0,,False,public,https://zenodo.org/records/10619506,
10.5281/zenodo.10589054,Canary Islands Data Management Plan,2024-01-30,No funder metadata,,,,,,unknown,,,,,False,,,,0,0,,False,public,https://zenodo.org/records/10589054,
10.5281/zenodo.10563831,Playback the music of the brain - decoding emotions elicited by music in the human brain,2024-01-24,Other funder,,EXPL/PSI-GER/0948/2021,EXPL/PSI-GER/0948/2021,,,unknown,,,,,True,False,2,0,0,0,unknown,False,public,https://zenodo.org/records/10563831,https://zenodo.org/api/records/10563831/files/DMPPlayback_the_music_of_the_brain__decoding_emotions_elicited_by_musical_sounds_in_the_human_brain0.json/content
10.5281/zenodo.10553709,AuriDESI: Mock Catalogues for DESI Milky Way Survey,2024-01-23,No funder metadata,,,,,,unknown,,,,,False,,,,0,0,,False,public,https://zenodo.org/records/10553709,
10.5281/zenodo.10869537,Data Management Plan I,2024-01-23,Horizon Europe,HORIZON,101101343,PEACE,HORIZON-JTI-CLEANH2-2022-1,natural sciences,early,0.185,2023-06-01,2026-11-30,SIGNED,False,,,,0,0,,False,public,https://zenodo.org/records/10869537,
10.5281/zenodo.10523018,Smartbay Data Management Plan,2024-01-17,No funder metadata,,,,,,unknown,,,,,False,,,,0,0,,False,public,https://zenodo.org/records/10523018,
10.5281/zenodo.10518610,PoDIUM D1.4 Data Management Plan (V1),2024-01-16,Horizon Europe,HORIZON,101069547,PoDIUM,HORIZON-CL5-2021-D6-01,natural sciences,mid,0.398,2022-10-01,2025-12-31,SIGNED,False,,,,0,0,,False,public,https://zenodo.org/records/10518610,
10.5281/zenodo.14967742,eDNAqua-Plan Deliverable 2: Data Privacy and Data Management Plan,2024-01-15,Horizon Europe,HORIZON,101112800,eDNAqua-plan,HORIZON-MISS-2022-OCEAN-01,,early,0.124,2023-09-01,2026-08-31,SIGNED,False,,,,0,0,,True,public,https://zenodo.org/records/14967742,
10.5281/zenodo.16809917,Data Policy - Australian Fish Genomics Initiative,2024-01-12,No funder metadata,,,,,,unknown,,,,,False,,,,0,0,,False,public,https://zenodo.org/records/16809917,
10.5281/zenodo.10492360,The ultraconserved intersubunit ribosome assembly factor (InsuRAF). Data Management Plan,2024-01-11,Other funder,,ANR-19-CE11-0013,InsuRAF,,,unknown,,,,,False,,,,0,0,,False,public,https://zenodo.org/records/10492360,
10.5281/zenodo.10479944,EMSO Western Ligurian Data Management Plan,2024-01-10,No funder metadata,,,,,,unknown,,,,,False,,,,0,0,,False,public,https://zenodo.org/records/10479944,
10.5281/zenodo.13743265,LET'S CARE Data management plan,2024-01-10,Horizon Europe,HORIZON,101059425,LET´S CARE,HORIZON-CL2-2021-TRANSFORMATIONS-01,social sciences,early,0.319,2022-10-01,2026-09-30,SIGNED,False,,,,0,0,,False,public,https://zenodo.org/records/13743265,
10.5281/zenodo.10473374,Hellenic Arc Data Management Plan,2024-01-09,No funder metadata,,,,,,unknown,,,,,False,,,,0,0,,False,public,https://zenodo.org/records/10473374,
10.5281/zenodo.10473134,WINGS Project - Data Management Plan,2024-01-09,Horizon Europe,HORIZON,101040227,WINGS,ERC-2021-STG,natural sciences,early,0.271,2022-09-01,2027-08-31,SIGNED,False,,,,0,0,,False,public,https://zenodo.org/records/10473134,
10.5281/zenodo.10471727,IN-ROME ERC Grant 101054143 - Data Management Plan,2024-01-08,Horizon Europe,HORIZON,101054143,IN-ROME,ERC-2021-ADG,humanities,early,0.221,2022-12-01,2027-11-30,SIGNED,False,,,,0,0,,False,public,https://zenodo.org/records/10471727,
10.5281/zenodo.10462740,Data Management Plan: SHAREWIND -  Shared anchors for floating wind turbines,2024-01-05,Horizon Europe,HORIZON,101106921,ShareWind,HORIZON-MSCA-2022-PF-01,,early,0.258,2023-07-01,2025-06-30,SIGNED,True,False,1,0,0,0,unknown,True,public,https://zenodo.org/records/10462740,https://zenodo.org/api/records/10462740/files/DMPShared_anchors_for_floating_wind_turbines1.json/content
10.5281/zenodo.17128340,Data Policy - Australian Grasslands Initiative,2024-01-04,No funder metadata,,,,,,unknown,,,,,False,,,,0,0,,False,public,https://zenodo.org/records/17128340,
10.5281/zenodo.10458812,MWER Data management plan,2024-01-04,Horizon 2020,H2020,101022502,MWER,H2020-MSCA-IF-2020,social sciences,mid,0.527,2022-03-01,2025-08-31,CLOSED,False,,,,0,0,,False,public,https://zenodo.org/records/10458812,
10.5281/zenodo.10454443,EMSO Nordic Seas Data Management Plan,2024-01-03,Other funder,,295962,,,,unknown,,,,,False,,,,0,0,,False,public,https://zenodo.org/records/10454443,
10.5281/zenodo.13758944,Intermediate version of the data management plan,2024-01-03,Horizon Europe,HORIZON,101060546,CALIMERO,HORIZON-CL6-2021-ZEROPOLLUTION-01,natural sciences,mid,0.452,2022-07-01,2025-10-31,SIGNED,False,,,,0,0,,False,public,https://zenodo.org/records/13758944,
10.5281/zenodo.8158651,A mysterious treasure originated from Africa: Evolutionary history of the endangered spoon-winged lacewings (Neuroptera: Nemopteridae: Nemopterinae) from China,2024-01-01,No funder metadata,,,,,,unknown,,,,,False,,,,0,0,,False,public,https://zenodo.org/records/8158651,
10.5281/zenodo.14413943,CULTIVATE Updated Data Management Plan D1.3,2024,Horizon Europe,HORIZON,101083377,CULTIVATE,HORIZON-CL6-2022-COMMUNITIES-01,natural sciences,unknown,,2023-01-01,2026-12-31,SIGNED,False,,,,0,0,,True,public,https://zenodo.org/records/14413943,
10.5281/zenodo.12770669,Suppressing the sample variance of DESI-like galaxy clustering with fast simulations,2024,No funder metadata,,,,,,unknown,,,,,False,,,,0,0,,False,public,https://zenodo.org/records/12770669,
10.5281/zenodo.20125058,Data Management Plan,2024,Horizon Europe,HORIZON,101084651,IGNITION,HORIZON-CL6-2022-FARM2FORK-01,natural sciences,unknown,,2022-11-01,2027-01-31,SIGNED,False,,,,0,0,,False,public,https://zenodo.org/records/20125058,
10.5281/zenodo.10423538,Data Management Plan for IntelComp. D8.2.,2023-12-22,Horizon 2020,H2020,101004870,IntelComp,H2020-SC6-GOVERNANCE-2018-2019-2020,social sciences,late,0.992,2021-01-01,2023-12-31,CLOSED,True,False,19,0,0,0,unknown,False,public,https://zenodo.org/records/10423538,https://zenodo.org/api/records/10423538/files/DMPA_Competitive_Intelligence_CloudHPC_Platform_for_AIbased_STI_Policy_Making2.json/content
10.5281/zenodo.11262855,BIOcean5D - D3.1- Initial Data Management Plan,2023-12-22,Horizon Europe,HORIZON,101059915,BIOcean5D,HORIZON-CL6-2021-BIODIV-01,natural sciences,early,0.24,2022-12-01,2027-04-30,SIGNED,False,,,,0,0,,False,public,https://zenodo.org/records/11262855,
10.5281/zenodo.10417097,OBSEA Data Management Plan,2023-12-21,Horizon 2020,H2020,101008724,MINKE,H2020-INFRAIA-2018-2020,natural sciences,mid,0.681,2021-04-01,2025-03-31,CLOSED,False,,,,0,0,,False,public,https://zenodo.org/records/10417097,
10.5281/zenodo.15370551,D1.2 Data Management Plan V1,2023-12-21,Horizon Europe,HORIZON,101091828,FURHY,HORIZON-CL4-2022-RESILIENCE-01,engineering and technology,early,0.135,2023-07-01,2026-12-31,SIGNED,False,,,,0,0,,False,public,https://zenodo.org/records/15370551,
10.5281/zenodo.10419576,Blue-Cloud 2026 - D1.2 Data Management Plan,2023-12-21,Horizon Europe,HORIZON,101094227,Blue-Cloud 2026,HORIZON-INFRA-2022-EOSC-01,natural sciences,early,0.277,2023-01-01,2026-06-30,SIGNED,False,,,,0,0,,False,public,https://zenodo.org/records/10419576,
10.5281/zenodo.10412712,D7.6 Final version of the Data Management Plan,2023-12-20,Horizon 2020,H2020,101006201,TIME4CS,H2020-SwafS-2018-2020,,late,0.99,2021-01-01,2023-12-31,CLOSED,False,,,,0,0,,False,public,https://zenodo.org/records/10412712,
10.5281/zenodo.10410964,D8.1 Data Management Plan,2023-12-20,Horizon Europe,HORIZON,101092944,EXA4MIND,HORIZON-CL4-2022-DATA-01,natural sciences,early,0.291,2023-01-01,2026-04-30,SIGNED,False,,,,0,0,,False,public,https://zenodo.org/records/10410964,
10.5281/zenodo.10406517,Data Management Plan - STEMCo v1.2.0,2023-12-19,Horizon 2020,H2020,101030581,STEMCo,H2020-MSCA-IF-2020,social sciences,mid,0.409,2022-04-04,2026-06-09,SIGNED,False,,,,0,0,,False,public,https://zenodo.org/records/10406517,
10.5281/zenodo.10405959,"D1.5 ""Update 1: Data and Research data Management Plan (DMP/RDMP)""_approved by the EC",2023-12-19,Horizon Europe,HORIZON,101058007,DIAMAS,HORIZON-WIDERA-2021-ERA-01,humanities,mid,0.433,2022-09-01,2025-08-31,SIGNED,False,,,,0,0,,False,public,https://zenodo.org/records/10405959,
10.5281/zenodo.10405850,D1.1 Data and Research data Management Plan (DMP/RDMP)_approved by the EC,2023-12-19,Horizon Europe,HORIZON,101058007,DIAMAS,HORIZON-WIDERA-2021-ERA-01,humanities,mid,0.433,2022-09-01,2025-08-31,SIGNED,False,,,,0,0,,False,public,https://zenodo.org/records/10405850,
10.5281/zenodo.10401728,South Adriatic Sea E2M3A (OGS) Data Management Plan,2023-12-18,No funder metadata,,,,,,unknown,,,,,False,,,,0,0,,False,public,https://zenodo.org/records/10401728,
10.5281/zenodo.10400384,TEMPEST Project Data Management Plan,2023-12-18,Horizon Europe,HORIZON,101103681,TEMPEST,HORIZON-CL5-2022-D2-01,engineering and technology,early,0.211,2023-05-01,2026-04-30,SIGNED,False,,,,0,0,,False,public,https://zenodo.org/records/10400384,
10.5281/zenodo.10391620,Western Mediterranean Sea Data Management Plan EMSO,2023-12-15,Other EU,EC,211816,EMSO,,,unknown,,,,,False,,,,0,0,,False,public,https://zenodo.org/records/10391620,
10.70124/gaqt3-2a318,DMP: Analysis between Suicide and Happiness,2023-12-14,No funder metadata,,,,,,unknown,,,,,False,,,,0,0,,False,public,https://zenodo.org/records/10377374,
10.70124/qd686-sab78,DMP Factors that affect sleep efficiency,2023-12-14,No funder metadata,,,,,,unknown,,,,,False,,,,0,0,,False,public,https://zenodo.org/records/10377268,
10.5281/zenodo.10365670,DMP H-SAF H119 soil moisture product validation report,2023-12-12,No funder metadata,,,,,,unknown,,,,,False,,,,0,0,,False,public,https://zenodo.org/records/10365670,
10.5281/zenodo.10302479,Cropinno Data Management Plan,2023-12-11,Horizon Europe,HORIZON,101059784,CROPINNO,HORIZON-WIDERA-2021-ACCESS-02,,mid,0.426,2022-09-01,2025-08-31,CLOSED,False,,,,0,0,,False,public,https://zenodo.org/records/10302479,
10.5281/zenodo.10305489,IPBES transformative change assessment Chapter 5. Data Management Report: Views and Values,2023-12-08,No funder metadata,,,,,,unknown,,,,,False,,,,0,0,,False,public,https://zenodo.org/records/10305489,
10.5281/zenodo.10304954,IPBES transformative change assessment Chapter 5. Data Management Report: Shifting power towards just and sustainable pathways,2023-12-08,No funder metadata,,,,,,unknown,,,,,False,,,,0,0,,False,public,https://zenodo.org/records/10304954,
10.5281/zenodo.20425738,Deliverable D1.3 – Data Management Plan,2023-12-06,Horizon Europe,HORIZON,101058632,START,HORIZON-CL4-2021-RESILIENCE-01,engineering and technology,mid,0.379,2022-06-01,2026-05-31,SIGNED,False,,,,0,0,,False,public,https://zenodo.org/records/20425738,
10.5281/zenodo.10261652,IPBES transformative change assessment Chapter 5. Data Management Report: Biodiversity conservation assessment methods,2023-12-05,No funder metadata,,,,,,unknown,,,,,False,,,,0,0,,False,public,https://zenodo.org/records/10261652,
10.5281/zenodo.10262310,IPBES transformative change assessment Chapter 5. Data Management Report: Addressing unsustainable production and consumption,2023-12-05,No funder metadata,,,,,,unknown,,,,,False,,,,0,0,,False,public,https://zenodo.org/records/10262310,
10.5281/zenodo.10262495,IPBES transformative change assessment Chapter 5. Data Management Report: Capacity building and technology transfer on the political ocean agenda,2023-12-05,No funder metadata,,,,,,unknown,,,,,False,,,,0,0,,False,public,https://zenodo.org/records/10262495,
10.5281/zenodo.10262647,IPBES transformative change assessment Chapter 5. Data Management Report: Review of options for achieving the 2050 Vision for Biodiversity,2023-12-05,No funder metadata,,,,,,unknown,,,,,False,,,,0,0,,False,public,https://zenodo.org/records/10262647,
10.5281/zenodo.10246745,IPBES transformative change assessment Chapter 1. Data Management Report: Literature review of case studies with transformative potential,2023-12-04,No funder metadata,,,,,,unknown,,,,,False,,,,0,0,,False,public,https://zenodo.org/records/10246745,
10.5281/zenodo.11065792,D1.2 Data Management Plan (Interim Version),2023-12-04,Horizon Europe,HORIZON,101095055,SUBMERSE,HORIZON-INFRA-2022-TECH-01,,early,0.198,2023-05-01,2026-04-30,SIGNED,False,,,,0,0,,True,public,https://zenodo.org/records/11065792,
10.5281/zenodo.11915239,NanoBubbles project: Data Management Plan,2023-12,Horizon 2020,H2020,951393,NanoBubbles,ERC-2020-SyG,humanities,unknown,,2021-06-01,2027-05-31,SIGNED,False,,,,0,0,,False,public,https://zenodo.org/records/11915239,
10.5281/zenodo.10231350,ECHO Data Management Plan,2023-11-30,Horizon Europe,HORIZON,101112869,ECHO,HORIZON-MISS-2022-SOIL-01,,early,0.125,2023-06-01,2027-05-31,SIGNED,False,,,,0,0,,False,public,https://zenodo.org/records/10231350,
10.5281/zenodo.10226244,The frequency of metal pollution of cool helium-atmosphere white dwarfs using the DESI Early Data Release,2023-11-30,No funder metadata,,,,,,unknown,,,,,False,,,,0,0,,False,public,https://zenodo.org/records/10226244,
10.5281/zenodo.20510139,D7.3 - The project's data management plan (DMP),2023-11-30,Horizon Europe,HORIZON,101103740,KEYSTONE,HORIZON-CL5-2022-D6-02,natural sciences,early,0.166,2023-06-01,2026-05-31,SIGNED,False,,,,0,0,,True,public,https://zenodo.org/records/20510139,
10.5281/zenodo.18154656,Ethics and Data Management Plan,2023-11-30,Horizon Europe,HORIZON,101081238,MOSAIC,HORIZON-CL5-2022-D1-01-two-stage,social sciences,early,0.055,2023-09-01,2028-02-29,SIGNED,False,,,,0,0,,True,public,https://zenodo.org/records/18154656,
10.5281/zenodo.15783237,CAPTUS Data Management Plan,2023-11-30,Horizon Europe,HORIZON,101118265,CAPTUS,HORIZON-CL5-2022-D3-02,engineering and technology,early,0.125,2023-06-01,2027-05-31,SIGNED,False,,,,0,0,,True,public,https://zenodo.org/records/15783237,
10.5281/zenodo.10231138,Drexel UHC Summer Institute 2023 - How to write a DMP with CARE and FAIR principles,2023-11-30,Horizon Europe,HORIZON,101058393,WorldFAIR,HORIZON-WIDERA-2021-ERA-01,,late,0.749,2022-06-01,2024-05-31,CLOSED,False,,,,0,0,,True,public,https://zenodo.org/records/10231138,
10.5281/zenodo.10220009,Selection of powerful radio galaxies with machine learning,2023-11-29,Other funder,,PD/BD/150455/2019,,,,unknown,,,,,False,,,,0,0,,False,public,https://zenodo.org/records/10220009,
10.5281/zenodo.10211122,New DMP,2023-11-27,Horizon 2020,H2020,805007,AUTOMATION,ERC-2018-STG,social sciences,late,0.781,2018-11-01,2025-04-30,CLOSED,False,,,,0,0,,False,public,https://zenodo.org/records/10211122,
10.5281/zenodo.10103043,D6.8 Data Management Plan,2023-11-27,Horizon Europe,HORIZON,101112728,ClimEmpower,HORIZON-MISS-2022-CLIMA-01,,early,0.079,2023-09-01,2026-08-31,SIGNED,False,,,,0,0,,True,public,https://zenodo.org/records/10103043,
10.5281/zenodo.10209512,DMP-Data Management Plan_FUTURELARVAE_101038057_v.02.pdf,2023-11-23,No funder metadata,,,,,,unknown,,,,,False,,,,0,0,,False,public,https://zenodo.org/records/10209512,
10.5281/zenodo.14930413,"PREVENT Projectect Handbook, Quality Plan & Risk Management",2023-11-23,No funder metadata,,,,,,unknown,,,,,False,,,,0,0,,False,public,https://zenodo.org/records/14930413,
10.5281/zenodo.10186723,ALIGNED,2023-11-22,Horizon Europe,HORIZON,101059430,ALIGNED,HORIZON-CL6-2021-ZEROPOLLUTION-01,social sciences,mid,0.381,2022-10-01,2025-09-30,CLOSED,True,False,3,0,0,0,unknown,False,public,https://zenodo.org/records/10186723,https://zenodo.org/api/records/10186723/files/DMPAligning_Life_Cycle_Assessment_methods_and_biobased_sectors_for_improved_environmental_performance0.json/content
10.5281/zenodo.11383509,Data Management Plan,2023-11-22,Horizon 2020,H2020,101016674,TRAIN4EU,H2020-IBA-SwafS-Support-1-2020,,late,0.964,2021-01-01,2023-12-31,CLOSED,False,,,,0,0,,True,public,https://zenodo.org/records/11383509,
10.5281/zenodo.10522624,SoTecIn Factory - Data Management Plan,2023-11-21,Horizon Europe,HORIZON,101058385,SoTecIn Factory,HORIZON-CL4-2021-RESILIENCE-01,social sciences,mid,0.491,2022-06-01,2025-05-31,SIGNED,False,,,,0,0,,False,public,https://zenodo.org/records/10522624,
10.5281/zenodo.10205140,The DESI One-Percent Survey: Exploring A Generalized SHAM for Multiple Tracers with the UNIT Simulation,2023-11-20,Other funder,,200020_207379,,,,unknown,,,,,False,,,,0,0,,False,public,https://zenodo.org/records/10205140,
10.5281/zenodo.10162040,Redshift-dependent RSD bias from Intrinsic Alignment with DESI Year 1 Spectra,2023-11-20,No funder metadata,,,,,,unknown,,,,,False,,,,0,0,,False,public,https://zenodo.org/records/10162040,
10.5281/zenodo.19402005,EGI-ACE D1.5 Data Management Plan,2023-11-17,Horizon 2020,H2020,101017567,EGI-ACE,H2020-INFRAEOSC-2018-2020,natural sciences,late,1.154,2021-01-01,2023-06-30,CLOSED,False,,,,0,0,,False,public,https://zenodo.org/records/19402005,
10.5281/zenodo.10143150,NWO Data Management Plan Template,2023-11-16,No funder metadata,,,,,,unknown,,,,,False,,,,0,0,,False,public,https://zenodo.org/records/10143150,
10.5281/zenodo.10142600,SOIL O-LIVE Data Management Plan (HORIZON EUROPE ID 101091255),2023-11-16,Horizon Europe,HORIZON,101091255,SOIL O-LIVE,HORIZON-MISS-2021-SOIL-02,engineering and technology,early,0.175,2023-01-01,2027-12-31,SIGNED,False,,,,0,0,,False,public,https://zenodo.org/records/10142600,
10.5281/zenodo.10124910,Biodemography DMP Example and Template,2023-11-15,No funder metadata,,,,,,unknown,,,,,False,,,,0,0,,False,public,https://zenodo.org/records/10124910,
10.5281/zenodo.14203332,EUniWell's Open Data Management Plan template,2023-11-15,Horizon 2020,H2020,101035821,EUniWell Research,H2020-IBA-SwafS-Support-2-2020,,mid,0.679,2021-09-01,2024-11-30,CLOSED,False,,,,0,0,,False,public,https://zenodo.org/records/14203332,
10.5281/zenodo.10119960,"IPBES Nexus Assessment - Chapter  5.2 – WATER, data management report 1 – Methodology to cluster response options",2023-11-13,No funder metadata,,,,,,unknown,,,,,False,,,,0,0,,False,public,https://zenodo.org/records/10119960,
10.5281/zenodo.10119986,"IPBES Nexus Assessment - Chapter  5.4 – HEALTH, data management report 1 – Multi-criteria decision analysis methodology for selecting response options",2023-11-13,No funder metadata,,,,,,unknown,,,,,False,,,,0,0,,False,public,https://zenodo.org/records/10119986,
10.5281/zenodo.10120033,"IPBES Nexus Assessment - Chapter  6, data management report 1 – Nature-positive financial flows figure",2023-11-13,No funder metadata,,,,,,unknown,,,,,False,,,,0,0,,False,public,https://zenodo.org/records/10120033,
10.5281/zenodo.10119750,"IPBES Nexus Assessment - Chapter  4, data management report 2 – Identifying and assessing cross-cutting decision-support tools",2023-11-13,No funder metadata,,,,,,unknown,,,,,False,,,,0,0,,False,public,https://zenodo.org/records/10119750,
10.5281/zenodo.10117908,SeaMark M18 update,2023-11-13,Horizon Europe,HORIZON,101060379,SeaMark,HORIZON-CL6-2021-CIRCBIO-01,social sciences,mid,0.342,2022-07-01,2026-06-30,SIGNED,True,False,47,0,0,0,unknown,False,public,https://zenodo.org/records/10117908,https://zenodo.org/api/records/10117908/files/DMPSeaweed_based_market_applications1.json/content
10.5281/zenodo.10103449,DMP with template of CHIST-ERA,2023-11-10,No funder metadata,,,,,,unknown,,,,,False,,,,0,0,,False,public,https://zenodo.org/records/10103449,
10.21436/inbodmp.117395092,DMP voor het project 'Opvolgen spontane dynamiek bosreservaten',2023-11-07,No funder metadata,,,,,,unknown,,,,,False,,,,0,0,,False,public,https://zenodo.org/records/15295253,
10.5281/zenodo.10074852,DMP For Grant : Open Access Infrastructure for Research in Europe New New,2023-11-06,Other EU,EC,246686,OPENAIRE,,,unknown,,,,,False,,,,0,0,,False,public,https://zenodo.org/records/10074852,
10.5281/zenodo.10066837,Papillons DMP instructions,2023-11-02,Horizon 2020,H2020,101000210,PAPILLONS,H2020-SFS-2018-2020,natural sciences,mid,0.605,2021-06-01,2025-05-31,CLOSED,False,,,,0,0,,False,public,https://zenodo.org/records/10066837,
10.5281/zenodo.10622886,D1.2 Data Management Plan v1,2023-11-01,Horizon Europe,HORIZON,101084628,TRANS-lighthouses,HORIZON-CL6-2022-COMMUNITIES-01,,early,0.144,2023-05-01,2026-10-31,SIGNED,False,,,,0,0,,False,public,https://zenodo.org/records/10622886,
10.5281/zenodo.15030591,MAELSTROM Data access request form (Annex II of the Data Management Plan),2023-10-31,Horizon 2020,H2020,101000832,MAELSTROM,H2020-FNR-2020,engineering and technology,late,0.708,2021-01-01,2024-12-31,CLOSED,False,,,,0,0,,False,public,https://zenodo.org/records/15030591,
10.5281/zenodo.20728861,D6.1 - Data Management Plan,2023-10-31,Horizon Europe,HORIZON,101072625,CESAREF,HORIZON-MSCA-2021-DN-01,social sciences,early,0.271,2022-10-01,2026-09-30,SIGNED,False,,,,0,0,,False,public,https://zenodo.org/records/20728861,
10.5281/zenodo.14931235,D1.5 Data Management Plan 2,2023-10-31,Horizon 2020,H2020,101000832,MAELSTROM,H2020-FNR-2020,engineering and technology,late,0.708,2021-01-01,2024-12-31,CLOSED,False,,,,0,0,,False,public,https://zenodo.org/records/14931235,
10.5281/zenodo.15030538,MAELSTROM Data policy and License Agreement (Annex I of the Data Management Plan),2023-10-31,Horizon 2020,H2020,101000832,MAELSTROM,H2020-FNR-2020,engineering and technology,late,0.708,2021-01-01,2024-12-31,CLOSED,False,,,,0,0,,False,public,https://zenodo.org/records/15030538,
10.5281/zenodo.13991779,D5.5 - Updated Data Management Plan (DMP),2023-10-30,Horizon 2020,H2020,952183,BOW,H2020-FETPROACT-2019-2020,natural sciences,late,0.749,2020-11-01,2024-10-31,CLOSED,False,,,,0,0,,False,public,https://zenodo.org/records/13991779,
10.5281/zenodo.10054551,EuroScienceGateway Data Management Plan (DMP; D1.1),2023-10-30,Horizon Europe,HORIZON,101057388,EuroScienceGateway,HORIZON-INFRA-2021-EOSC-01,natural sciences,mid,0.387,2022-09-01,2025-08-31,CLOSED,False,,,,0,0,,False,public,https://zenodo.org/records/10054551,
10.5281/zenodo.10025015,D 8.1 CODECS Data Management Plan,2023-10-20,Horizon Europe,HORIZON,101060179,CODECS,HORIZON-CL6-2021-GOVERNANCE-01,agricultural sciences,early,0.263,2022-10-01,2026-09-30,SIGNED,False,,,,0,0,,False,public,https://zenodo.org/records/10025015,
10.5281/zenodo.10664813,NAUTILOS D1.11 - Data Management Plan 2nd periodic report update,2023-10-17,Horizon 2020,H2020,101000825,NAUTILOS,H2020-BG-2018-2020,engineering and technology,mid,0.641,2020-10-01,2025-06-30,CLOSED,False,,,,0,0,,True,public,https://zenodo.org/records/10664813,
10.5281/zenodo.13946688,Project Management Plan (PMP) and Data Management Plan (DMP),2023-10-11,Horizon Europe,HORIZON,101075587,SKILL BILL,HORIZON-CL5-2021-D3-02,,mid,0.37,2022-09-01,2025-08-31,SIGNED,False,,,,0,0,,False,public,https://zenodo.org/records/13946688,
10.5281/zenodo.8420076,EAJADE Data Management Plan,2023-10-09,Horizon Europe,HORIZON,101086276,EAJADE,HORIZON-MSCA-2021-SE-01,natural sciences,early,0.152,2023-03-01,2027-02-28,SIGNED,False,,,,0,0,,False,public,https://zenodo.org/records/8420076,
10.5281/zenodo.8413234,Final Data Management Plan,2023-10-06,Horizon 2020,H2020,869366,ENVISION,H2020-SC5-2018-2019-2020,natural sciences,late,0.954,2020-09-01,2023-11-30,CLOSED,False,,,,0,0,,False,public,https://zenodo.org/records/8413234,
10.5281/zenodo.11074529,Women's Advanced Risk-Assessment in Manitoba (WARM) Hearts,2023-10-05,No funder metadata,,,,,,unknown,,,,,False,,,,0,0,,False,public,https://zenodo.org/records/11074529,
10.5281/zenodo.8411307,Plan de gestion des données du projet Green SkEye : Greenhouse Imaging and Analytics for Omics Innovation in Agriculture,2023-10-05,No funder metadata,,,,,,unknown,,,,,False,,,,0,0,,False,public,https://zenodo.org/records/8411307,
10.5281/zenodo.8411298,Data Management Plan for the Green SkEye project: Greenhouse Imaging and Analytics for Omics Innovation in Agriculture,2023-10-05,No funder metadata,,,,,,unknown,,,,,False,,,,0,0,,False,public,https://zenodo.org/records/8411298,
10.5281/zenodo.8411262,Exemple pour méthodes mixtes (2023),2023-10-05,No funder metadata,,,,,,unknown,,,,,False,,,,0,0,,False,public,https://zenodo.org/records/8411262,
10.5281/zenodo.8411242,Mixed Methods DMP Example (2023),2023-10-05,No funder metadata,,,,,,unknown,,,,,False,,,,0,0,,False,public,https://zenodo.org/records/8411242,
10.5281/zenodo.8411238,Élaboration de méthodes de synthèse à basse température d'oxydes de pérovskites bidimensionnels,2023-10-05,No funder metadata,,,,,,unknown,,,,,False,,,,0,0,,False,public,https://zenodo.org/records/8411238,
10.5281/zenodo.8411211,Designing Low-Temperature Synthesis Methods for 2-Dimensional Oxide Perovskites,2023-10-05,No funder metadata,,,,,,unknown,,,,,False,,,,0,0,,False,public,https://zenodo.org/records/8411211,
10.5281/zenodo.11074534,Étude Women's Advanced RISK-Assessment in Manitoba (WARM) Hearts,2023-10-03,No funder metadata,,,,,,unknown,,,,,False,,,,0,0,,False,public,https://zenodo.org/records/11074534,
10.5281/zenodo.8402495,Undeterred project - DMP,2023-10-03,No funder metadata,,,,,,unknown,,,,,False,,,,0,0,,False,public,https://zenodo.org/records/8402495,
10.5281/zenodo.8396876,Power Measurement Smart System megvalósítása,2023-10-01,No funder metadata,,,,,,unknown,,,,,False,,,,0,0,,False,public,https://zenodo.org/records/8396876,
10.5281/zenodo.13736113,VITALISE D1.5 Data Management Plan (final version),2023-09-30,Horizon 2020,H2020,101007990,VITALISE,H2020-INFRAIA-2018-2020,natural sciences,late,0.833,2021-04-01,2024-03-31,CLOSED,False,,,,0,0,,True,public,https://zenodo.org/records/13736113,
10.5281/zenodo.10215739,HOOP D1.2 Data Management Plan - Version 2,2023-09-30,Horizon 2020,H2020,101000836,HOOP,H2020-FNR-2020,social sciences,mid,0.666,2020-10-01,2025-03-31,CLOSED,False,,,,0,0,,True,public,https://zenodo.org/records/10215739,
10.5281/zenodo.8390834,Project deliverable 1.2 - NEUROPULS - Data Management Plan,2023-09-29,Horizon Europe,HORIZON,101070238,NEUROPULS,HORIZON-CL4-2021-DIGITAL-EMERGING-01,natural sciences,early,0.148,2023-01-01,2027-12-31,SIGNED,False,,,,0,0,,False,public,https://zenodo.org/records/8390834,
10.5281/zenodo.17278154,Data Management Plan (D4.1),2023-09-27,Horizon Europe,HORIZON,101112135,IDERHA,HORIZON-JU-IHI-2022-01-single-stage,medical and health sciences,early,0.098,2023-04-01,2028-03-31,SIGNED,False,,,,0,0,,True,public,https://zenodo.org/records/17278154,
10.5281/zenodo.8379825,Medicina Personalizada (MedPer) en la detección precoz del deterioro cognitivo (DC)  preclinico. Desarrollo de un modelo predictivo de riesgo,2023-09-26,No funder metadata,,,,,,unknown,,,,,False,,,,0,0,,False,public,https://zenodo.org/records/8379825,
10.5281/zenodo.8360082,OHEJP Overarching Data Management Plan,2023-09-19,Horizon 2020,H2020,773830,One Health EJP,H2020-SFS-2016-2017,medical and health sciences,late,0.995,2018-01-01,2023-09-30,CLOSED,False,,,,0,0,,False,public,https://zenodo.org/records/8360082,
10.5281/zenodo.8344275,TKTKGEN Project - Data Management Plan,2023-09-14,Horizon 2020,H2020,101030375,TKTKGEN,H2020-MSCA-IF-2020,natural sciences,late,0.852,2022-01-01,2023-12-31,TERMINATED,False,,,,0,0,,False,public,https://zenodo.org/records/8344275,
10.5281/zenodo.8341437,GTnum CREAD DISPAR #disparites_num - Plan de gestion de données,2023-09-13,No funder metadata,,,,,,unknown,,,,,False,,,,0,0,,False,public,https://zenodo.org/records/8341437,
10.5281/zenodo.8333572,"Proprioception, interoception, cognitive, and sexual-relational predictors and mediators for GPPPD",2023-09-11,No funder metadata,,,,,,unknown,,,,,False,,,,0,0,,True,public,https://zenodo.org/records/8333572,
10.5281/zenodo.15004769,Wheatbiome_D8.2 Initial Data Management Plan,2023-09-11,Horizon Europe,HORIZON,101084344,WHEATBIOME,HORIZON-CL6-2022-FARM2FORK-01,natural sciences,early,0.173,2023-01-01,2026-12-31,SIGNED,False,,,,0,0,,False,public,https://zenodo.org/records/15004769,
10.5281/zenodo.8324973,"Uncovering the Citation Landscape: Exploring OpenCitations COCI, OpenCitations Meta, and ERIH-PLUS in Social Sciences and Humanities Journals - DMP",2023-09-07,No funder metadata,,,,,,unknown,,Fri Apr 21,Fri Apr 21,,True,False,2,0,0,0,unknown,False,public,https://zenodo.org/records/8324973,https://zenodo.org/api/records/8324973/files/DMPOpen_Science6.json/content
10.5281/zenodo.8321678,Data management plan for DECISION (D8.2),2023-09-06,Horizon 2020,H2020,101005111,DECISION,H2020-JTI-IMI2-2020-21-single-stage,medical and health sciences,late,0.796,2020-07-01,2024-06-30,CLOSED,False,,,,0,0,,True,public,https://zenodo.org/records/8321678,
10.5281/zenodo.8306395,PreMETS Data Management Plan,2023-08-31,No funder metadata,,,,,,unknown,,,,,False,,,,0,0,,False,public,https://zenodo.org/records/8306395,
10.5281/zenodo.13741766,ActEU Data Management Plan v1.0,2023-08-31,Horizon Europe,HORIZON,101094190,ActEU,HORIZON-CL2-2022-DEMOCRACY-01,social sciences,early,0.167,2023-03-01,2026-02-28,SIGNED,False,,,,0,0,,False,public,https://zenodo.org/records/13741766,
10.5281/zenodo.10940508,D1.3: Data Management Plan,2023-08-31,Horizon Europe,HORIZON,101093934,RADIOBLOCKS,HORIZON-INFRA-2022-TECH-01,,early,0.125,2023-03-01,2027-02-28,SIGNED,False,,,,0,0,,False,public,https://zenodo.org/records/10940508,
10.5281/zenodo.8306202,Enhancing Usability and Contributability of RDA DMP Common Standard for Machine-Actionable DMPs,2023-08-31,Horizon 2020,H2020,101017536,EOSC Future,H2020-INFRAEOSC-2018-2020,,late,0.805,2021-04-01,2024-03-31,CLOSED,False,,,,0,0,,False,public,https://zenodo.org/records/8306202,
10.5281/zenodo.15297602,D1.1. LIFE DREAM Data Management Plan (+ Data policy),2023-08-31,Other EU,EC,LIFE21-NAT-IT-LIFE DREAM,,,,unknown,,,,,False,,,,0,0,,False,public,https://zenodo.org/records/15297602,
10.5281/zenodo.12732362,D7.1 CDUE-Plan,2023-08-25,Horizon Europe,HORIZON,101081307,EUROPE-LAND,HORIZON-CL5-2022-D1-01-two-stage,natural sciences,early,0.058,2023-06-01,2027-05-31,SIGNED,False,,,,0,0,,False,public,https://zenodo.org/records/12732362,
10.5281/zenodo.8282978,"DMP du projet ""ABRomics: a cross-sectorial multi-omics platform for antibiotic resistance research and public health""",2023-08-25,No funder metadata,,,,,,unknown,,,,,False,,,,0,0,,False,public,https://zenodo.org/records/8282978,
10.5281/zenodo.8162792,"Codes for ""Genome-wide meta-analysis, functional genomics and integrative analyses implicate new risk genes and therapeutic targets for anxiety disorders""",2023-08-18,No funder metadata,,,,,,unknown,,,,,False,,,,0,0,,False,public,https://zenodo.org/records/8162792,
10.5281/zenodo.8256901,Plano de Gestão de Dados: Gramsci Knowledge Graph,2023-08-17,No funder metadata,,,,,,unknown,,,,,False,,,,0,0,,False,public,https://zenodo.org/records/8256901,
10.5281/zenodo.8242975,Data Management Plan,2023-08-13,Horizon 2020,H2020,101029346,GOLDEN-ROM,H2020-MSCA-IF-2020,humanities,late,1.102,2021-06-01,2023-05-31,CLOSED,False,,,,0,0,,False,public,https://zenodo.org/records/8242975,
10.5281/zenodo.8223016,Raw data for an article,2023-08-07,No funder metadata,,,,,,unknown,,,,,False,,,,0,0,,False,public,https://zenodo.org/records/8223016,
10.5281/zenodo.8218904,A eficácia do uso de Plasma Rico em Plaquetas (PRP) concomitante ao uso de treinamento olfativo para o tratamento da perda olfatória pós-COVID-19,2023-08-06,No funder metadata,,,,,,unknown,,,,,False,,,,0,0,,False,public,https://zenodo.org/records/8218904,
10.5281/zenodo.20809758,SUSHEAT D1.2.1 Data Management Plan and Ethical Management (Public Summary),2023-08-04,Horizon Europe,HORIZON,101103552,SUSHEAT,HORIZON-CL5-2022-D4-01,engineering and technology,early,0.065,2023-05-01,2027-04-30,SIGNED,False,,,,0,0,,True,public,https://zenodo.org/records/20809758,
10.5281/zenodo.8255897,OTTERS Data Management Plan v1.0,2023-08-04,Horizon Europe,HORIZON,101094041,OTTERS,HORIZON-MISS-2021-OCEAN-05,engineering and technology,early,0.236,2023-01-01,2025-06-30,CLOSED,False,,,,0,0,,False,public,https://zenodo.org/records/8255897,
10.5281/zenodo.8207390,Data and Software for the article PRE-ERUPTIVE DAMAGE,2023-08-02,No funder metadata,,,,,,unknown,,,,,False,,,,0,0,,False,public,https://zenodo.org/records/8207390,
10.5281/zenodo.8208410,Deliverable D7.2 Project Data Management Plan,2023-08-02,Horizon Europe,HORIZON,101082021,MARCO-BOLO,HORIZON-CL6-2022-BIODIV-01,social sciences,early,0.167,2022-12-01,2026-11-30,SIGNED,False,,,,0,0,,True,public,https://zenodo.org/records/8208410,
10.5281/zenodo.7829075,Lab package for a systematic review on multilevel modeling for the analysis and prediction of school dropout,2023-07-31,No funder metadata,,,,,,unknown,,,,,False,,,,0,0,,False,public,https://zenodo.org/records/7829075,
10.5281/zenodo.12805773,INTEGER_D1.3 Data Management Plan,2023-07-31,Horizon Europe,HORIZON,101096563,INTEGER,HORIZON-EIE-2022-CONNECT-01,,early,0.247,2023-02-01,2025-01-31,CLOSED,False,,,,0,0,,True,public,https://zenodo.org/records/12805773,
10.5281/zenodo.11031845,E4W Data Management Plan 1st draft,2023-07-31,Horizon Europe,HORIZON,101086640,E4Warning,HORIZON-CL6-2022-GOVERNANCE-01,natural sciences,early,0.145,2023-01-01,2026-12-31,SIGNED,False,,,,0,0,,True,public,https://zenodo.org/records/11031845,
10.5281/zenodo.8249296,Data Ethics Review and Data Management Plan,2023-07-31,Horizon Europe,HORIZON,101094302,KT4D,HORIZON-CL2-2022-DEMOCRACY-01,natural sciences,early,0.164,2023-02-01,2026-01-31,SIGNED,False,,,,0,0,,True,public,https://zenodo.org/records/8249296,
10.5281/zenodo.8197869,Mitigating the noise of DESI mocks using analytic control variates,2023-07-30,No funder metadata,,,,,,unknown,,,,,False,,,,0,0,,False,public,https://zenodo.org/records/8197869,
10.5281/zenodo.8185822,DESI Mock Challenge: Constructing DESI galaxy catalogues based on FastPM simulations,2023-07-26,No funder metadata,,,,,,unknown,,,,,False,,,,0,0,,False,public,https://zenodo.org/records/8185822,
10.5281/zenodo.8185749,RADICALZ,2023-07-26,Horizon 2020,H2020,101000560,RADICALZ,H2020-FNR-2020,natural sciences,mid,0.538,2021-06-01,2025-05-31,CLOSED,True,False,6,0,0,0,unknown,False,public,https://zenodo.org/records/8185749,https://zenodo.org/api/records/8185749/files/DMPRAPID_DISCOVERY_AND_DEVELOPMENT_OF_ENZYMES_FOR_NOVEL_AND_GREENER_CONSUMER_PRODUCTS2.json/content
10.5281/zenodo.10953674,AEGEUS - Data Management Plan 1,2023-07-25,Horizon Europe,HORIZON,101099210,AEGEUS,HORIZON-EIC-2022-PATHFINDEROPEN-01,medical and health sciences,early,0.084,2023-03-01,2027-11-30,SIGNED,False,,,,0,0,,False,public,https://zenodo.org/records/10953674,
10.5281/zenodo.12659362,GREAT D1.2 Research Data Management Plan,2023-07-19,Horizon Europe,HORIZON,101094766,GREAT,HORIZON-CL2-2022-HERITAGE-01,social sciences,early,0.153,2023-02-01,2026-01-31,CLOSED,False,,,,0,0,,False,public,https://zenodo.org/records/12659362,
10.5281/zenodo.8161456,D9.6.2 Data Management Plan,2023-07-18,Horizon 2020,H2020,884411,ASTEP,H2020-LC-SC3-2018-2019-2020,agricultural sciences,mid,0.622,2020-05-01,2025-06-30,SIGNED,False,,,,0,0,,True,public,https://zenodo.org/records/8161456,
10.5281/zenodo.8154465,ParAqua COST Action CA20125 Data Management Plan,2023-07-17,No funder metadata,,,,,,unknown,,Tue Jul 05,Wed Jul 05,,True,False,3,0,0,0,unknown,False,public,https://zenodo.org/records/8154465,https://zenodo.org/api/records/8154465/files/DMPAGACA2012521.json/content
10.5281/zenodo.14557527,PALOMERA D1.3 – Data Management Plan,2023-07-17,Horizon Europe,HORIZON,101094270,PALOMERA,HORIZON-WIDERA-2022-ERA-01,,early,0.27,2023-01-01,2024-12-31,CLOSED,False,,,,0,0,,False,public,https://zenodo.org/records/14557527,
10.5281/zenodo.8154716,How to write a Data Management Plan. With hands-on session,2023-07-17,Horizon 2020,H2020,860553,SMART-X,H2020-MSCA-ITN-2019,natural sciences,late,0.75,2020-03-01,2024-08-31,CLOSED,False,,,,0,0,,True,public,https://zenodo.org/records/8154716,
10.5281/zenodo.8147157,FAIRification of aviation vocabularies: Data Management Plan (DMP),2023-07-14,No funder metadata,,,,,,unknown,,,,,False,,,,0,0,,False,public,https://zenodo.org/records/8147157,
10.5281/zenodo.8142800,ELIXIR-CONVERGE D5.5 Report on the remaining four DMP processes,2023-07-13,Horizon 2020,H2020,871075,ELIXIR-CONVERGE,H2020-INFRADEV-2018-2020,,late,0.986,2020-02-01,2023-07-31,CLOSED,False,,,,0,0,,False,public,https://zenodo.org/records/8142800,
10.5281/zenodo.10033752,5G-IANA - D1.4 Data Management Plan,2023-07-12,Horizon 2020,H2020,101016427,5G-IANA,H2020-ICT-2018-20,engineering and technology,mid,0.603,2021-06-01,2024-11-30,CLOSED,False,,,,0,0,,False,public,https://zenodo.org/records/10033752,
10.5281/zenodo.8135761,IPAlliance – Integrated Platform for Lifelong Learning and Training of Healthcare Professionals: Data Management Plan,2023-07-11,No funder metadata,,,,,,unknown,,,,,False,,,,0,0,,False,public,https://zenodo.org/records/8135761,
10.5281/zenodo.8120778,Deliverable D7.2: ELSI Governance Model and Data Management Plan for Federated Cohort Analysis,2023-07-06,Horizon 2020,H2020,824989,EUCAN-Connect,H2020-SC1-BHC-2018-2020,social sciences,late,0.902,2019-01-01,2023-12-31,CLOSED,False,,,,0,0,,True,public,https://zenodo.org/records/8120778,
10.5281/zenodo.8101761,HESPRI - Elevating Higher Education policies: an empowering SPRIngboard - Data Management Plan V1,2023-06-30,Horizon Europe,HORIZON,101086224,HESPRI,HORIZON-MSCA-2021-SE-01,social sciences,early,0.123,2023-01-01,2026-12-31,SIGNED,False,,,,0,0,,False,public,https://zenodo.org/records/8101761,
10.5281/zenodo.14950397,Data Management Plan,2023-06-30,Horizon Europe,HORIZON,101086293,CRISPit,HORIZON-MSCA-2021-SE-01,medical and health sciences,early,0.123,2023-01-01,2026-12-31,SIGNED,False,,,,0,0,,False,public,https://zenodo.org/records/14950397,
10.5281/zenodo.20842944,Deliverable D7.3 - Data Management Plan,2023-06-30,Horizon Europe,HORIZON,101094014,BLUE4ALL,HORIZON-MISS-2021-OCEAN-02,social sciences,early,0.123,2023-01-01,2026-12-31,SIGNED,False,,,,0,0,,False,public,https://zenodo.org/records/20842944,
10.5281/zenodo.19706847,Data Management Plan. Deliverable D7.2 of the HORIZON-EUROHPC-JU-2021-COE-01 project MaX (101093374),2023-06-30,Horizon Europe,HORIZON,101093374,MaX,HORIZON-EUROHPC-JU-2021-COE-01,natural sciences,early,0.123,2023-01-01,2026-12-31,SIGNED,False,,,,0,0,,False,public,https://zenodo.org/records/19706847,
10.5281/zenodo.15790615,D6.3 – Data management plan,2023-06-30,Horizon Europe,HORIZON,101086541,MISO,HORIZON-CL6-2022-GOVERNANCE-01,engineering and technology,early,0.141,2023-01-01,2026-06-30,SIGNED,False,,,,0,0,,False,public,https://zenodo.org/records/15790615,
10.5281/zenodo.15517027,Plasma-PEPSC D7.2 Data Management Plan,2023-06-30,Horizon Europe,HORIZON,101093261,Plasma-PEPSC,HORIZON-EUROHPC-JU-2021-COE-01,natural sciences,early,0.123,2023-01-01,2026-12-31,SIGNED,False,,,,0,0,,False,public,https://zenodo.org/records/15517027,
10.5281/zenodo.12578066,EM-TECH Data Management Plan (D1.2),2023-06-30,Horizon Europe,HORIZON,101096083,EM-TECH,HORIZON-CL5-2022-D5-01,engineering and technology,early,0.164,2023-01-01,2025-12-31,SIGNED,False,,,,0,0,,False,public,https://zenodo.org/records/12578066,
10.5281/zenodo.11098069,Deliverable 1.2 GraspOS Data management plan (DMP),2023-06-30,Horizon Europe,HORIZON,101095129,GraspOS,HORIZON-INFRA-2022-EOSC-01,natural sciences,early,0.164,2023-01-01,2025-12-31,CLOSED,False,,,,0,0,,False,public,https://zenodo.org/records/11098069,
10.5281/zenodo.10671382,Data Management Plan,2023-06-30,Horizon Europe,HORIZON,101094714,BEYOND,HORIZON-WIDERA-2022-ERA-01,social sciences,early,0.141,2023-01-01,2026-06-30,SIGNED,False,,,,0,0,,False,public,https://zenodo.org/records/10671382,
10.5281/zenodo.10210882,D7.4 - Open Science and Data Management Plan,2023-06-30,Horizon Europe,HORIZON,101086311,Tools4CAP,HORIZON-CL6-2022-GOVERNANCE-01,social sciences,early,0.123,2023-01-01,2026-12-31,SIGNED,False,,,,0,0,,False,public,https://zenodo.org/records/10210882,
10.5281/zenodo.8100701,HECATE Data Management Plan,2023-06-30,Horizon Europe,HORIZON,101101961,HECATE,HORIZON-JU-Clean-Aviation-2022-01,,early,0.156,2023-01-01,2026-02-28,SIGNED,False,,,,0,0,,False,public,https://zenodo.org/records/8100701,
10.5281/zenodo.8099396,"NECCTON ""Initial data management plan (DMP)"" D1.1",2023-06-30,Horizon Europe,HORIZON,101081273,NECCTON,HORIZON-CL4-2022-SPACE-01,agricultural sciences,early,0.123,2023-01-01,2026-12-31,SIGNED,False,,,,0,0,,False,public,https://zenodo.org/records/8099396,
10.5281/zenodo.8099310,ESiWACE3 - Deliverable D7.2 - Data management plan (DMP),2023-06-30,Horizon Europe,HORIZON,101093054,ESiWACE3,HORIZON-EUROHPC-JU-2021-COE-01,engineering and technology,early,0.123,2023-01-01,2026-12-31,SIGNED,False,,,,0,0,,True,public,https://zenodo.org/records/8099310,
10.5281/zenodo.8099103,RDA TIGER D1.2: Data Management Plan,2023-06-30,Horizon Europe,HORIZON,101094406,RDA TIGER,HORIZON-INFRA-2022-EOSC-01,,early,0.164,2023-01-01,2025-12-31,SIGNED,False,,,,0,0,,True,public,https://zenodo.org/records/8099103,
10.5281/zenodo.8095578,GraspOS Data Management Plan,2023-06-29,Horizon Europe,HORIZON,101095129,GraspOS,HORIZON-INFRA-2022-EOSC-01,natural sciences,early,0.163,2023-01-01,2025-12-31,CLOSED,True,False,13,0,0,0,unknown,False,public,https://zenodo.org/records/8095578,https://zenodo.org/api/records/8095578/files/DMPGraspOS_next_Generation_Research_Assessment_to_Promote_Open_Science1.json/content
10.5281/zenodo.8095570,ERC Matthew Larkum 01,2023-06-29,Horizon Europe,HORIZON,101055340,Cortical Coupling,ERC-2021-ADG,natural sciences,early,0.098,2023-01-01,2027-12-31,SIGNED,False,,,,0,0,,False,public,https://zenodo.org/records/8095570,
10.5281/zenodo.8094783,Data Management Plan. Project GEeh-CFD (TED2021-132243B-I00),2023-06-29,No funder metadata,,,,,,unknown,,,,,False,,,,0,0,,False,public,https://zenodo.org/records/8094783,
10.5281/zenodo.14509673,Requirements for the protection of personal data (POPD) – Data Management Plan,2023-06-29,Horizon 2020,H2020,101006560,RESET,H2020-SwafS-2018-2020,,mid,0.623,2021-01-01,2024-12-31,CLOSED,False,,,,0,0,,True,public,https://zenodo.org/records/14509673,
10.5281/zenodo.13789951,D1.1 Data Management Plan (initial),2023-06-29,Horizon Europe,HORIZON,101097101,TERRAMETA,HORIZON-JU-SNS-2022,natural sciences,early,0.14,2023-01-01,2026-06-30,SIGNED,False,,,,0,0,,False,public,https://zenodo.org/records/13789951,
10.5281/zenodo.8095052,D1.2 Data Management Plan,2023-06-29,Horizon Europe,HORIZON,101092582,DECICE,HORIZON-CL4-2022-DATA-01,social sciences,early,0.192,2022-12-01,2025-11-30,SIGNED,False,,,,0,0,,False,public,https://zenodo.org/records/8095052,
10.5281/zenodo.8093683,Data Management Plan 2nd Update (CURE Deliverable D7.6),2023-06-29,Horizon 2020,H2020,870337,CURE,H2020-SPACE-2018-2020,engineering and technology,late,1.049,2020-01-01,2023-04-30,CLOSED,False,,,,0,0,,False,public,https://zenodo.org/records/8093683,
10.5281/zenodo.8092431,Data Management Plan,2023-06-28,Horizon Europe,HORIZON,101094817,TIER2,HORIZON-WIDERA-2022-ERA-01,,early,0.163,2023-01-01,2025-12-31,SIGNED,True,False,7,0,0,0,unknown,False,public,https://zenodo.org/records/8092431,https://zenodo.org/api/records/8092431/files/DMPTIER2_ENHANCING_TRUST_INTEGRITY_AND_EFFICIENCY_IN_RESEARCH_THROUGH_NEXTLEVEL_REPRODUCIBILITY_IMPACT_PATHWAYS0.json/content
10.5281/zenodo.8091875,SciLake Data Management Plan,2023-06-28,Horizon Europe,HORIZON,101058573,SciLake,HORIZON-INFRA-2021-EOSC-01,natural sciences,early,0.15,2023-01-01,2026-03-31,SIGNED,False,,,,0,0,,False,public,https://zenodo.org/records/8091875,
10.5281/zenodo.8089284,AWARE2ALL_D7.2_Data Management Plan_V1.0,2023-06-28,Horizon Europe,HORIZON,101076868,AWARE2ALL,HORIZON-CL5-2022-D6-01,,early,0.218,2022-11-01,2025-10-31,SIGNED,False,,,,0,0,,False,public,https://zenodo.org/records/8089284,
10.5281/zenodo.18760351,CIRAWA Deliverable 1.2 Data Management Plan,2023-06-28,Horizon Europe,HORIZON,101084398,CIRAWA,HORIZON-CL6-2022-FARM2FORK-01,social sciences,early,0.108,2023-01-01,2027-06-30,SIGNED,False,,,,0,0,,False,public,https://zenodo.org/records/18760351,
10.5281/zenodo.8086448,Changing-look Active Galactic Nuclei from the Dark Energy Spectroscopic Instrument. I.Sample from the Early Data,2023-06-27,No funder metadata,,,,,,unknown,,,,,False,,,,0,0,,False,public,https://zenodo.org/records/8086448,
10.5281/zenodo.8085352,Urban ReLeaf data management plan,2023-06-27,Horizon Europe,HORIZON,101086638,Urban ReLeaf,HORIZON-CL6-2022-GOVERNANCE-01,social sciences,early,0.121,2023-01-01,2026-12-31,SIGNED,False,,,,0,0,,False,public,https://zenodo.org/records/8085352,
10.5281/zenodo.8083506,Plano de Gestão de Dados do Projeto Quase,2023-06-26,No funder metadata,,,,,,unknown,,,,,False,,,,0,0,,False,public,https://zenodo.org/records/8083506,
10.5281/zenodo.8084673,DMP: Predictability of color changes of wood  used indoor - A new approach to evaluate the colour change as a function of the radiation dose. Research Data Management Questionnaire,2023-06-23,No funder metadata,,,,,,unknown,,,,,False,,,,0,0,,False,public,https://zenodo.org/records/8084673,
10.5281/zenodo.8075217,SIMEX-DMP,2023-06-23,Horizon 2020,H2020,773830,One Health EJP,H2020-SFS-2016-2017,medical and health sciences,late,0.953,2018-01-01,2023-09-30,CLOSED,False,,,,0,0,,False,public,https://zenodo.org/records/8075217,
10.5281/zenodo.8074825,"Data of ASD, PLM and XRD",2023-06-23,No funder metadata,,,,,,unknown,,,,,False,,,,0,0,,False,public,https://zenodo.org/records/8074825,
10.5281/zenodo.15703643,Data Management Plan,2023-06-23,Horizon Europe,HORIZON,101096028,EMPOWER,HORIZON-CL5-2022-D5-01,engineering and technology,early,0.118,2023-01-01,2026-12-31,SIGNED,False,,,,0,0,,False,public,https://zenodo.org/records/15703643,
10.5281/zenodo.8070069,"Ports, Past and Present Data Management Plan",2023-06-22,No funder metadata,,,,,,unknown,,,,,False,,,,0,0,,False,public,https://zenodo.org/records/8070069,
10.5281/zenodo.8378578,Next-Generation Computational Methods for Enhanced Multiphase Flow Processes - WP2,2023-06-21,Horizon 2020,H2020,813948,COMETE,H2020-MSCA-ITN-2018,natural sciences,late,1.032,2018-11-01,2023-04-30,CLOSED,False,,,,0,0,,False,public,https://zenodo.org/records/8378578,
10.5281/zenodo.10457965,DCC-CR Strategic Workplan 2023,2023-06-15,No funder metadata,,,,,,unknown,,,,,False,,,,0,0,,False,public,https://zenodo.org/records/10457965,
10.5281/zenodo.10417093,interTwin D1.2 First Data Management Plan,2023-06-14,Horizon Europe,HORIZON,101058386,interTwin,HORIZON-INFRA-2021-TECH-01,natural sciences,early,0.261,2022-09-01,2025-08-31,SIGNED,False,,,,0,0,,False,public,https://zenodo.org/records/10417093,
10.5281/zenodo.7993413,The DESI One-Percent survey: exploring the Halo Occupation Distribution of Emission Line Galaxies with AbacusSummit simulations,2023-06-13,No funder metadata,,,,,,unknown,,,,,False,,,,0,0,,False,public,https://zenodo.org/records/7993413,
10.5281/zenodo.7964162,The Early Data Release of the Dark Energy Spectroscopic Instrument,2023-06-13,No funder metadata,,,,,,unknown,,,,,False,,,,0,0,,False,public,https://zenodo.org/records/7964162,
10.5281/zenodo.8032828,ARCAFF D2.1 DMP Data Management Plan,2023-06-13,Horizon Europe,HORIZON,101082164,ARCAFF,HORIZON-CL4-2022-SPACE-01,,early,0.164,2022-12-01,2026-02-28,SIGNED,False,,,,0,0,,False,public,https://zenodo.org/records/8032828,
10.5281/zenodo.7750638,"Validation of semi-analytical, semi-empirical covariance matrices for two-point correlation function for Early DESI data",2023-06-12,No funder metadata,,,,,,unknown,,,,,False,,,,0,0,,False,public,https://zenodo.org/records/7750638,
10.5281/zenodo.8027975,FEDAMR Data Management Plan (DMP),2023-06-12,Horizon 2020,H2020,773830,One Health EJP,H2020-SFS-2016-2017,medical and health sciences,late,0.948,2018-01-01,2023-09-30,CLOSED,False,,,,0,0,,False,public,https://zenodo.org/records/8027975,
10.5281/zenodo.8027971,DISCoVeR Data Magament Plan (DMP,2023-06-12,Horizon 2020,H2020,773830,One Health EJP,H2020-SFS-2016-2017,medical and health sciences,late,0.948,2018-01-01,2023-09-30,CLOSED,False,,,,0,0,,False,public,https://zenodo.org/records/8027971,
10.5281/zenodo.8027959,IDEMBRU Data Management Plan (DMP),2023-06-12,Horizon 2020,H2020,773830,One Health EJP,H2020-SFS-2016-2017,medical and health sciences,late,0.948,2018-01-01,2023-09-30,CLOSED,False,,,,0,0,,False,public,https://zenodo.org/records/8027959,
10.5281/zenodo.8020269,The Dark Energy Spectroscopic Instrument: One-dimensional power spectrum from first Lyman-alpha forest samples with Fast Fourier Transform,2023-06-12,Other funder,,ANR-16-CE31-0021,eBOSS,,,unknown,,,,,False,,,,0,0,,False,public,https://zenodo.org/records/8020269,
10.5281/zenodo.8009536,The Lyman-alpha forest catalog from the Dark Energy Spectroscopic Instrument Early Data Release,2023-06-12,No funder metadata,,,,,,unknown,,,,,False,,,,0,0,,False,public,https://zenodo.org/records/8009536,
10.5281/zenodo.8028418,Data Management Plan - An overview of the development approach,2023-06-12,Horizon Europe,HORIZON,101091959,TRIDENT,HORIZON-CL4-2022-RESILIENCE-01,engineering and technology,early,0.089,2023-01-01,2027-12-31,SIGNED,False,,,,0,0,,False,public,https://zenodo.org/records/8028418,
10.5281/zenodo.8023002,"OCEAN:ICE Data management plan (v.1, D7.1)",2023-06-10,Horizon Europe,HORIZON,101060452,OCEAN ICE,HORIZON-CL6-2021-CLIMATE-01,natural sciences,early,0.151,2022-11-01,2026-10-31,SIGNED,False,,,,0,0,,False,public,https://zenodo.org/records/8023002,
10.5281/zenodo.7972387,The DESI One-Percent Survey: Exploring the Halo Occupation Distribution of Luminous Red Galaxies and Quasi-Stellar Objects with AbacusSummit,2023-06-07,No funder metadata,,,,,,unknown,,,,,False,,,,0,0,,False,public,https://zenodo.org/records/7972387,
10.5281/zenodo.8013993,"Geographical Accessibility of People Living with HIV to Care Centres: Case of the Socio-medical Assistance Centre of Treichville, Côte d'Ivoire.",2023-06-07,No funder metadata,,,,,,unknown,,,,,False,,,,0,0,,False,public,https://zenodo.org/records/8013993,
10.5281/zenodo.8006825,The DESI One-Percent Survey: Modelling the clustering and halo occupation of all four DESI tracers with Uchuu,2023-06-05,No funder metadata,,,,,,unknown,,,,,False,,,,0,0,,False,public,https://zenodo.org/records/8006825,
10.5281/zenodo.8004294,E-RIHS IP D1.2 Project DMP,2023-06-05,Horizon Europe,HORIZON,101079148,E-RIHS IP,HORIZON-INFRA-2021-DEV-02,humanities,early,0.3,2022-10-01,2024-12-31,SIGNED,False,,,,0,0,,True,public,https://zenodo.org/records/8004294,
10.5281/zenodo.13943885,ARGOS Project Management Plan,2023-06-02,Horizon Europe,HORIZON,101094354,ARGOS-CDS,HORIZON-INFRA-2022-DEV-01,social sciences,early,0.119,2023-01-01,2026-06-30,SIGNED,False,,,,0,0,,False,public,https://zenodo.org/records/13943885,
10.5281/zenodo.7997689,European Clinical Research Alliance on Infectious Diseases (ECRAID)-Base Master Data Management Plan,2023-06-02,No funder metadata,,,,,,unknown,,Thu Aug 11,Fri Aug 11,,True,False,5,0,0,0,unknown,True,public,https://zenodo.org/records/7997689,https://zenodo.org/api/records/7997689/files/DMPEuropean_Unions_Horizon_2020_research_and_innovation_programme0.json/content
10.5281/zenodo.16276738,GRINNAQUA D1.3 - Data management plan,2023-06-02,Horizon Europe,HORIZON,101079467,GRINNAQUA,HORIZON-WIDERA-2021-ACCESS-03,medical and health sciences,early,0.195,2022-11-01,2025-10-31,SIGNED,False,,,,0,0,,False,public,https://zenodo.org/records/16276738,
10.5281/zenodo.8066755,D5.5 Data Management Plan,2023-05-31,Horizon Europe,HORIZON,101082410,IIMEO,HORIZON-CL4-2022-SPACE-01,natural sciences,early,0.142,2022-12-01,2026-05-31,SIGNED,False,,,,0,0,,False,public,https://zenodo.org/records/8066755,
10.5281/zenodo.7977103,Project CHANGES – Spoke 4. D2 – Data Management Plan: first version,2023-05-31,Other EU,EC,CUP B53C22003780006,,,,unknown,,,,,False,,,,0,0,,False,public,https://zenodo.org/records/7977103,
10.5281/zenodo.14506240,Update of Data Management Plan - Public summary,2023-05-31,Horizon 2020,H2020,101000570,VIRTIGATION,H2020-SFS-2018-2020,agricultural sciences,mid,0.444,2021-06-01,2025-11-30,CLOSED,False,,,,0,0,,False,public,https://zenodo.org/records/14506240,
10.5281/zenodo.10951263,D7.2 Data Management Plan,2023-05-31,Horizon Europe,HORIZON,101081865,NINFA,HORIZON-CL6-2022-ZEROPOLLUTION-01,engineering and technology,early,0.148,2022-11-01,2026-09-30,SIGNED,False,,,,0,0,,False,public,https://zenodo.org/records/10951263,
10.5281/zenodo.8009710,"Data Management Plan, Final version",2023-05-31,Horizon 2020,H2020,882897,Search and Rescue,H2020-SU-SEC-2018-2019-2020,social sciences,late,0.973,2020-07-01,2023-06-30,CLOSED,False,,,,0,0,,False,public,https://zenodo.org/records/8009710,
10.5281/zenodo.7997903,D6.1 Data Management Plan and IPR Guidelines,2023-05-31,Horizon Europe,HORIZON,101081847,trans4num,HORIZON-CL6-2022-ZEROPOLLUTION-01,agricultural sciences,early,0.124,2022-12-01,2026-11-30,SIGNED,False,,,,0,0,,True,public,https://zenodo.org/records/7997903,
10.5281/zenodo.7991583,FIRE-RES Data Management Plan,2023-05-31,Horizon 2020,H2020,101037419,FIRE-RES,H2020-LC-GD-2020,,mid,0.374,2021-12-01,2025-11-30,SIGNED,False,,,,0,0,,False,public,https://zenodo.org/records/7991583,
10.5281/zenodo.15978455,Baltic MUPPETS Deliverable 6.3: Data Management Plan,2023-05-31,Other EU,EC,101083785,,,,unknown,,,,,False,,,,0,0,,False,public,https://zenodo.org/records/15978455,
10.5281/zenodo.8077221,LOYIHALARNING SAMARADORLIGINI BAHOLASH METODOLOGIYASI,2023-05-30,No funder metadata,,,,,,unknown,,,,,False,,,,0,0,,False,public,https://zenodo.org/records/8077221,
10.5281/zenodo.8174644,Open Science for Social Sciences and Humanities: Open Access availability and distribution across disciplines and Countries in OpenCitations Meta  - DATA MANAGEMENT PLAN,2023-05-28,No funder metadata,,,,,,unknown,,Sun Apr 02,Mon Apr 01,,True,False,2,0,0,0,unknown,False,public,https://zenodo.org/records/8174644,https://zenodo.org/api/records/8174644/files/DMPOpenScience4.json/content
10.5281/zenodo.7970441,HEMIG PROJECT DATA MANAGEMENT PLAN,2023-05-25,Horizon Europe,HORIZON,101042338,HEMIG,ERC-2021-STG,social sciences,early,0.129,2022-10-01,2027-09-30,SIGNED,False,,,,0,0,,True,public,https://zenodo.org/records/7970441,
10.5281/zenodo.11403129,PLANO DE AÇÃO PARA GESTÃO DA INOVAÇÃO DO IFAM,2023-05-25,No funder metadata,,,,,,unknown,,,,,False,,,,0,0,,False,public,https://zenodo.org/records/11403129,
10.5281/zenodo.7962018,Data Management Plan,2023-05-23,Horizon 2020,H2020,101023334,BBTWINS,H2020-BBI-JTI-2020,social sciences,mid,0.494,2021-06-01,2025-05-31,CLOSED,False,,,,0,0,,True,public,https://zenodo.org/records/7962018,
10.5281/zenodo.7955136,DMP: Computer usage and neutron detection correlation between 2007 and 2017 in EU,2023-05-21,No funder metadata,,,,,,unknown,,,,,False,,,,0,0,,False,public,https://zenodo.org/records/7955136,
10.5281/zenodo.17085181,D1.1 Data Management Plan,2023-05-18,Horizon Europe,HORIZON,101069707,GIGAGREEN,HORIZON-CL5-2021-D2-01,natural sciences,early,0.167,2022-09-01,2026-11-30,SIGNED,False,,,,0,0,,False,public,https://zenodo.org/records/17085181,
10.5281/zenodo.8138607,Inteligência Artificial (IA): Uma análise da estratégia e dos novos modelos de negócios em Data Science & Analytics,2023-05-16,No funder metadata,,,,,,unknown,,,,,False,,,,0,0,,False,public,https://zenodo.org/records/8138607,
10.5281/zenodo.16879732,Data Policy - Plant Protein Atlas,2023-05-15,No funder metadata,,,,,,unknown,,,,,False,,,,0,0,,False,public,https://zenodo.org/records/16879732,
10.5281/zenodo.7935076,DMP Extreme Poverty Calculation,2023-05-15,No funder metadata,,,,,,unknown,,,,,False,,,,0,0,,False,public,https://zenodo.org/records/7935076,
10.5281/zenodo.7935115,DMP: Machine-actionable data descriptions for Austria's digital landscape model,2023-05-14,No funder metadata,,,,,,unknown,,,,,False,,,,0,0,,False,public,https://zenodo.org/records/7935115,
10.5281/zenodo.7934574,DMP: Naive Bayes Sentiment Analysis,2023-05-14,No funder metadata,,,,,,unknown,,,,,False,,,,0,0,,False,public,https://zenodo.org/records/7934574,
10.5281/zenodo.7932513,DMP: Evaluation of a simple score-based Natural Language Processing (NLP) algorithm,2023-05-13,No funder metadata,,,,,,unknown,,,,,False,,,,0,0,,False,public,https://zenodo.org/records/7932513,
10.5281/zenodo.7933523,Retrieval and Analysis of ASCAT and ISMN Data for Soil Moisture Estimation DMP,2023-05-13,No funder metadata,,,,,,unknown,,,,,False,,,,0,0,,False,public,https://zenodo.org/records/7933523,
10.5281/zenodo.7932691,Data Management Plan: A Local Search Framework for Industrial Test Laboratory Scheduling,2023-05-13,No funder metadata,,,,,,unknown,,,,,False,,,,0,0,,False,public,https://zenodo.org/records/7932691,
10.5281/zenodo.7928830,DMP: Trend Analysis of Bitcoin and Classical Asset Prices: A Comparative Study,2023-05-13,No funder metadata,,,,,,unknown,,,,,False,,,,0,0,,False,public,https://zenodo.org/records/7928830,
10.5281/zenodo.7930536,BBMRI-ERIC Colorectal Cancer Cohort (CRC-Cohort): Data Protection Policy,2023-05-12,Horizon 2020,H2020,676550,ADOPT BBMRI-ERIC,H2020-INFRADEV-2014-2015,medical and health sciences,late,2.177,2015-10-01,2019-03-31,CLOSED,False,,,,0,0,,True,public,https://zenodo.org/records/7930536,
10.5281/zenodo.7928792,DMP: CO2Matters,2023-05-12,No funder metadata,,,,,,unknown,,,,,False,,,,0,0,,False,public,https://zenodo.org/records/7928792,
10.5281/zenodo.7926269,Synthetic light cone catalogues of modern redshift and weak lensing surveys with AbacusSummit,2023-05-11,No funder metadata,,,,,,unknown,,,,,False,,,,0,0,,False,public,https://zenodo.org/records/7926269,
10.5281/zenodo.7926520,Planting a Lyman alpha forest on AbacusSummit,2023-05-11,No funder metadata,,,,,,unknown,,,,,False,,,,0,0,,False,public,https://zenodo.org/records/7926520,
10.5281/zenodo.8147342,A striking relationship between dust extinction and radio detection in DESI quasars: evidence for a dusty blow-out phase in red quasars,2023-05-09,Other funder,,ST/S505365/1,,,,unknown,,,,,False,,,,0,0,,False,public,https://zenodo.org/records/8147342,
10.5281/zenodo.7912816,The DESI One-Percent survey: constructing galaxy-halo connections for ELGs and LRGs using auto and cross correlations,2023-05-09,No funder metadata,,,,,,unknown,,,,,False,,,,0,0,,False,public,https://zenodo.org/records/7912816,
10.5281/zenodo.7912786,The DESI One-Percent survey: constructing galaxy-halo connections for ELGs and LRGs using auto and cross correlations,2023-05-09,No funder metadata,,,,,,unknown,,,,,False,,,,0,0,,False,public,https://zenodo.org/records/7912786,
10.5281/zenodo.7907624,PROFILE protocol v5.0 and SAP v1.0,2023-05-08,No funder metadata,,,,,,unknown,,,,,False,,,,0,0,,False,public,https://zenodo.org/records/7907624,
10.5281/zenodo.7907013,Data Management Plan for Complexity in Complementation,2023-05-08,No funder metadata,,,,,,unknown,,,,,False,,,,0,0,,False,public,https://zenodo.org/records/7907013,
10.5281/zenodo.7904019,DMP: Influence of parents' education and alcohol consumption on grades.,2023-05-07,No funder metadata,,,,,,unknown,,,,,False,,,,0,0,,False,public,https://zenodo.org/records/7904019,
10.5281/zenodo.7893821,Effect of Asymmetric Topography on Rupture Propagation along Fault Stepovers,2023-05-05,No funder metadata,,,,,,unknown,,,,,False,,,,0,0,,False,public,https://zenodo.org/records/7893821,
10.5281/zenodo.7885636,Thammy Guimarães Costa Borges DSP,2023-05-02,No funder metadata,,,,,,unknown,,,,,False,,,,0,0,,False,public,https://zenodo.org/records/7885636,
10.5281/zenodo.15496016,Data management plan (version 1.0). Report No D6.1 of the Horizon Europe Project 101082212 — PLANET4B,2023-05-02,Horizon Europe,HORIZON,101082212,PLANET4B,HORIZON-CL6-2022-BIODIV-01,,early,0.166,2022-11-01,2025-10-31,CLOSED,False,,,,0,0,,False,public,https://zenodo.org/records/15496016,
10.5281/zenodo.15641436,I4C D8.5 Data Management Plan V1,2023-05-02,Horizon Europe,HORIZON,101081555,Impetus4Change,HORIZON-CL5-2022-D1-02,natural sciences,early,0.125,2022-11-01,2026-10-31,SIGNED,False,,,,0,0,,False,public,https://zenodo.org/records/15641436,
10.5281/zenodo.7882083,Data management for Functional Equivalence in Translating Legal terminology,2023-04-30,No funder metadata,,,,,,unknown,,,,,False,,,,0,0,,False,public,https://zenodo.org/records/7882083,
10.5281/zenodo.7882081,Data management plan for NIKAW PhD 1,2023-04-30,No funder metadata,,,,,,unknown,,,,,False,,,,0,0,,False,public,https://zenodo.org/records/7882081,
10.5281/zenodo.7881132,Data management for Performing Entanglement: Rethinking Material Presence in the Contemporary Performing Arts,2023-04-30,No funder metadata,,,,,,unknown,,,,,False,,,,0,0,,False,public,https://zenodo.org/records/7881132,
10.5281/zenodo.7880749,Data Management for Digital Transformation on Contemporary Dance Rehearsal,2023-04-30,No funder metadata,,,,,,unknown,,,,,False,,,,0,0,,False,public,https://zenodo.org/records/7880749,
10.5281/zenodo.16261490,Data management plan,2023-04-30,Horizon Europe,HORIZON,101077433,SOTERIA,HORIZON-CL5-2022-D6-01,engineering and technology,early,0.141,2022-11-01,2026-04-30,SIGNED,False,,,,0,0,,True,public,https://zenodo.org/records/16261490,
10.5281/zenodo.15025703,D7.2 Data Management Plan,2023-04-30,Horizon Europe,HORIZON,101070537,CROSSCON,HORIZON-CL3-2021-CS-01,natural sciences,early,0.164,2022-11-01,2025-10-31,SIGNED,False,,,,0,0,,False,public,https://zenodo.org/records/15025703,
10.5281/zenodo.7878835,Data Management for Empowering Media Literacy Education in the EFL Classroom,2023-04-29,No funder metadata,,,,,,unknown,,,,,False,,,,0,0,,False,public,https://zenodo.org/records/7878835,
10.5281/zenodo.7878576,Data management plan for TACOS-project,2023-04-29,No funder metadata,,,,,,unknown,,,,,False,,,,0,0,,False,public,https://zenodo.org/records/7878576,
10.5281/zenodo.7878489,Datatable for NIKAW: Tracing the Impact of Change on Citation Networks in Ancient Literary Texts: a Social Network Analysis-Based Approach,2023-04-29,No funder metadata,,,,,,unknown,,,,,False,,,,0,0,,False,public,https://zenodo.org/records/7878489,
10.5281/zenodo.7874684,Portable Altars and Aesthetical Changes within 11th and 12th Centuries Reform of the Church. The Sublime Revelation of the Invisible Presence.,2023-04-28,No funder metadata,,,,,,unknown,,,,,False,,,,0,0,,False,public,https://zenodo.org/records/7874684,
10.5281/zenodo.7919428,CSI-COP Data Management Plan 3,2023-04-28,Horizon 2020,H2020,873169,CSI-COP,H2020-SwafS-2018-2020,,late,0.907,2020-01-01,2023-08-31,CLOSED,False,,,,0,0,,True,public,https://zenodo.org/records/7919428,
10.5281/zenodo.7875609,DTADD Data Management Plan,2023-04-28,Horizon Europe,HORIZON,101066739,DTADD,HORIZON-MSCA-2021-PF-01,engineering and technology,early,0.244,2022-11-01,2024-10-31,SIGNED,False,,,,0,0,,False,public,https://zenodo.org/records/7875609,
10.5281/zenodo.7872747,Performance of the Quasar Spectral Templates for the Dark Energy Spectroscopic Instrument,2023-04-27,No funder metadata,,,,,,unknown,,,,,False,,,,0,0,,False,public,https://zenodo.org/records/7872747,
10.5281/zenodo.7844288,The Optical Corrector for the Dark Energy Spectroscopic Instrument,2023-04-26,No funder metadata,,,,,,unknown,,,,,False,,,,0,0,,False,public,https://zenodo.org/records/7844288,
10.5281/zenodo.7867192,"Data management for Foreign Medicines, Transpacific (Medical) Knowledge Circulation, and their Impact on Chinese Society during the 17th and 18th Centuries",2023-04-26,Horizon 2020,H2020,833143,TRANSPACIFIC,ERC-2018-ADG,humanities,mid,0.461,2020-03-01,2026-12-31,SIGNED,False,,,,0,0,,False,public,https://zenodo.org/records/7867192,
10.5281/zenodo.7866262,Data Management Plan (OPERAS-PLUS Deliverable 1.2),2023-04-26,Horizon Europe,HORIZON,101079608,OPERAS-PLUS,HORIZON-INFRA-2021-DEV-02,social sciences,early,0.216,2022-09-01,2025-08-31,CLOSED,False,,,,0,0,,False,public,https://zenodo.org/records/7866262,
10.5281/zenodo.7864845,"Data Managment plan for Knights templar in the county of Flanders. Formation, implantation and the impact of the patrimony on the landscape (1127-1370)",2023-04-25,No funder metadata,,,,,,unknown,,,,,False,,,,0,0,,False,public,https://zenodo.org/records/7864845,
10.5281/zenodo.7861944,Data Management for the Political Thoughts of Ye Shi,2023-04-25,No funder metadata,,,,,,unknown,,,,,False,,,,0,0,,False,public,https://zenodo.org/records/7861944,
10.5281/zenodo.7861797,Developing Intercultural Competence with Social Media in Chinese Classrooms,2023-04-25,No funder metadata,,,,,,unknown,,,,,False,,,,0,0,,False,public,https://zenodo.org/records/7861797,
10.5281/zenodo.14170666,D1.1 – Data Management Plan,2023-04-25,Horizon Europe,HORIZON,101081937,LUWEX,HORIZON-CL4-2022-SPACE-01,natural sciences,early,0.221,2022-11-01,2024-12-31,CLOSED,False,,,,0,0,,False,public,https://zenodo.org/records/14170666,
10.5281/zenodo.16760073,CIRAN D1.3 Data Management Plan,2023-04-24,Horizon Europe,HORIZON,101091483,CIRAN,HORIZON-CL4-2022-RESILIENCE-01,social sciences,early,0.103,2023-01-01,2025-12-31,SIGNED,False,,,,0,0,,True,public,https://zenodo.org/records/16760073,
10.5281/zenodo.7859045,"Data management for the project ""The Practice of Intertextuality in the Hagiographical Writing. A Literary-Study Approach to the Presence of the Bible in Middle Byzantine Hagiography (8th-10th c.)""",2023-04-24,No funder metadata,,,,,,unknown,,,,,False,,,,0,0,,False,public,https://zenodo.org/records/7859045,
10.5281/zenodo.7858443,5G-IANA - D1.5 Data management plan V2,2023-04-24,Horizon 2020,H2020,101016427,5G-IANA,H2020-ICT-2018-20,engineering and technology,mid,0.541,2021-06-01,2024-11-30,CLOSED,False,,,,0,0,,False,public,https://zenodo.org/records/7858443,
10.5281/zenodo.7855345,D1.2 DMP,2023-04-22,Horizon Europe,HORIZON,101060537,BlueRev,HORIZON-CL6-2021-GOVERNANCE-01,social sciences,early,0.213,2022-09-01,2025-08-31,SIGNED,False,,,,0,0,,False,public,https://zenodo.org/records/7855345,
10.5281/zenodo.7845912,data_recycling,2023-04-19,No funder metadata,,,,,,unknown,,,,,False,,,,0,0,,False,public,https://zenodo.org/records/7845912,
10.5281/zenodo.7777407,D9.1. Data Management Plan,2023-04-18,Horizon 2020,H2020,826494,PRIMAGE,H2020-SC1-DTH-2018-2020,natural sciences,late,0.974,2018-12-01,2023-05-31,CLOSED,False,,,,0,0,,False,public,https://zenodo.org/records/7777407,
10.5281/zenodo.7838180,First Detection of the BAO Signal from Early DESI Data,2023-04-17,No funder metadata,,,,,,unknown,,,,,False,,,,0,0,,False,public,https://zenodo.org/records/7838180,
10.5281/zenodo.7837485,First Detection of the BAO Signal from Early DESI Data,2023-04-17,No funder metadata,,,,,,unknown,,,,,False,,,,0,0,,False,public,https://zenodo.org/records/7837485,
10.5281/zenodo.7832285,Database PHQ-9QUECHUA BOLIVIA,2023-04-15,No funder metadata,,,,,,unknown,,,,,False,,,,0,0,,False,public,https://zenodo.org/records/7832285,
10.5281/zenodo.10663911,Data Management Plan,2023-04-15,Horizon Europe,HORIZON,101082355,RESPONDENT,HORIZON-EUSPA-2021-SPACE,engineering and technology,early,0.181,2022-11-01,2025-04-30,CLOSED,False,,,,0,0,,False,public,https://zenodo.org/records/10663911,
10.5281/zenodo.7828678,Date Management for A Portrait of the Artist as an Irish Woman: An Analysis of Irish Female Artist Novels from the 1880s to the Present,2023-04-14,No funder metadata,,,,,,unknown,,,,,False,,,,0,0,,False,public,https://zenodo.org/records/7828678,
10.5281/zenodo.7826591,Detecting and Characterizing Mg II Absorption in DESI Survey Validation Quasar Spectra,2023-04-13,No funder metadata,,,,,,unknown,,,,,False,,,,0,0,,False,public,https://zenodo.org/records/7826591,
10.5281/zenodo.7826055,DMP of ClarEToL,2023-04-13,No funder metadata,,,,,,unknown,,,,,False,,,,0,0,,False,public,https://zenodo.org/records/7826055,
10.5281/zenodo.7818146,Data management for the research on Mémoires concernant les Chinois,2023-04-11,No funder metadata,,,,,,unknown,,,,,False,,,,0,0,,False,public,https://zenodo.org/records/7818146,
10.5281/zenodo.7813636,D-JRP17-WP7.Del2: Final draft of data management plan,2023-04-10,Horizon 2020,H2020,773830,One Health EJP,H2020-SFS-2016-2017,medical and health sciences,late,0.918,2018-01-01,2023-09-30,CLOSED,False,,,,0,0,,False,public,https://zenodo.org/records/7813636,
10.5281/zenodo.7813061,D-JRP17-WP7.Del3 - Final draft of data management plan,2023-04-10,Horizon 2020,H2020,773830,One Health EJP,H2020-SFS-2016-2017,medical and health sciences,late,0.918,2018-01-01,2023-09-30,CLOSED,False,,,,0,0,,False,public,https://zenodo.org/records/7813061,
10.5281/zenodo.7799198,Analysis of the impact of broad absorption lines on quasar redshift measurements with synthetic observations,2023-04-08,No funder metadata,,,,,,unknown,,,,,False,,,,0,0,,False,public,https://zenodo.org/records/7799198,
10.5281/zenodo.7808697,FAIR-EASE_D1.2_Initial Project and Data Management Plan,2023-04-07,Horizon Europe,HORIZON,101058785,FAIR-EASE,HORIZON-INFRA-2021-EOSC-01,natural sciences,early,0.199,2022-09-01,2025-08-31,SIGNED,False,,,,0,0,,False,public,https://zenodo.org/records/7808697,
10.5281/zenodo.18427241,GEMSTONE Deliverable 1.1: Data Management Plan (first release),2023-04-06,Horizon Europe,HORIZON,101078981,GEMSTONE,HORIZON-WIDERA-2021-ACCESS-03,,early,0.158,2022-10-01,2025-12-31,SIGNED,False,,,,0,0,,False,public,https://zenodo.org/records/18427241,
10.5281/zenodo.8133584,D4.4 Data management plan,2023-04-06,Horizon 2020,H2020,773830,One Health EJP,H2020-SFS-2016-2017,medical and health sciences,late,0.916,2018-01-01,2023-09-30,CLOSED,False,,,,0,0,,False,public,https://zenodo.org/records/8133584,
10.5281/zenodo.7801733,CCG Pakistan Scenarios,2023-04-05,No funder metadata,,,,,,unknown,,,,,False,,,,0,0,,False,public,https://zenodo.org/records/7801733,
10.5281/zenodo.7802002,"Plan zarządzania danymi badawczymi (wersja 1, kwiecień 2023 r.). ""Warszawa/Łódź. Atlas Literatury Zagłady"" (2022-2027)",2023-04-05,No funder metadata,,,,,,unknown,,,,,False,,,,0,0,,False,public,https://zenodo.org/records/7802002,
10.5281/zenodo.7801445,PathOS - D3.2 Data Management Plan,2023-04-05,Horizon Europe,HORIZON,101058728,PathOS,HORIZON-WIDERA-2021-ERA-01,natural sciences,early,0.197,2022-09-01,2025-08-31,SIGNED,False,,,,0,0,,False,public,https://zenodo.org/records/7801445,
10.5281/zenodo.19329785,Data Management Plan,2023-04-04,Horizon Europe,HORIZON,101061051,RUSTIK,HORIZON-CL6-2021-COMMUNITIES-01,social sciences,early,0.136,2022-09-01,2026-12-31,SIGNED,False,,,,0,0,,True,public,https://zenodo.org/records/19329785,
10.5281/zenodo.7792726,Increasing FAIRness of data processing in Occupational Health and Safety (OHS),2023-04-02,Horizon 2020,H2020,101017536,EOSC Future,H2020-INFRAEOSC-2018-2020,,mid,0.668,2021-04-01,2024-03-31,CLOSED,True,False,3,0,0,0,unknown,False,public,https://zenodo.org/records/7792726,https://zenodo.org/api/records/7792726/files/DMPImplementing_FAIR_Principles_in_the_Field_of_Occupational_Safety_and_Health_OSH0.json/content
10.5281/zenodo.7789650,RAISE Data Management Plan,2023-03-31,Horizon Europe,HORIZON,101058479,RAISE,HORIZON-INFRA-2021-EOSC-01,social sciences,early,0.149,2022-10-01,2026-01-31,SIGNED,False,,,,0,0,,True,public,https://zenodo.org/records/7789650,
10.5281/zenodo.7788042,MUDIS4LS_DMP_ANR-21-ESRE-0048,2023-03-31,Other funder,,ANR-21-ESRE-0048,MuDIS4LS,,,unknown,,,,,False,,,,0,0,,False,public,https://zenodo.org/records/7788042,
10.5281/zenodo.20289761,EBENTO Project - Deliverable 1.2 Data Management Plan,2023-03-31,Horizon Europe,HORIZON,101079888,EBENTO,HORIZON-CL5-2021-D4-02,engineering and technology,early,0.132,2022-10-01,2026-06-30,SIGNED,False,,,,0,0,,False,public,https://zenodo.org/records/20289761,
10.5281/zenodo.17234740,D3.1 - Interim Data Management Plan for STRONG-AYA,2023-03-31,Horizon Europe,HORIZON,101057482,STRONG-AYA,HORIZON-HLTH-2021-CARE-05,medical and health sciences,early,0.099,2022-10-01,2027-09-30,SIGNED,False,,,,0,0,,True,public,https://zenodo.org/records/17234740,
10.5281/zenodo.17207129,DiCE Data Management Plan,2023-03-31,Horizon Europe,HORIZON,101060184,DICE,HORIZON-CL6-2021-CIRCBIO-01,engineering and technology,early,0.124,2022-10-01,2026-09-30,SIGNED,False,,,,0,0,,False,public,https://zenodo.org/records/17207129,
10.5281/zenodo.15623857,Data Management Plan,2023-03-31,Horizon Europe,HORIZON,101060464,NATURANCE,HORIZON-CL6-2021-BIODIV-01,natural sciences,early,0.135,2022-10-01,2026-05-31,SIGNED,False,,,,0,0,,False,public,https://zenodo.org/records/15623857,
10.5281/zenodo.7913352,FORTESIE Project - D1.2 Data management plan,2023-03-31,Horizon Europe,HORIZON,101080029,FORTESIE,HORIZON-CL5-2021-D4-02,social sciences,early,0.161,2022-09-01,2026-03-31,SIGNED,False,,,,0,0,,False,public,https://zenodo.org/records/7913352,
10.5281/zenodo.17236912,Deliverable 1.2 Data Management Plan - R2D2 project,2023-03-30,Horizon Europe,HORIZON,101075714,R2D2,HORIZON-CL5-2021-D3-02,natural sciences,early,0.164,2022-10-01,2025-09-30,CLOSED,False,,,,0,0,,False,public,https://zenodo.org/records/17236912,
10.5281/zenodo.17184750,D7.2 Data Management Plan,2023-03-30,Horizon Europe,HORIZON,101076963,PHOEBE,HORIZON-CL5-2022-D6-01,social sciences,early,0.109,2022-11-01,2026-07-31,SIGNED,False,,,,0,0,,False,public,https://zenodo.org/records/17184750,
10.5281/zenodo.11237118,D6.1 Open Data Management Plan,2023-03-30,Horizon Europe,HORIZON,101081179,DIAMOND,HORIZON-CL5-2022-D1-02,social sciences,early,0.082,2022-12-01,2026-11-30,SIGNED,False,,,,0,0,,True,public,https://zenodo.org/records/11237118,
10.5281/zenodo.10948955,AI4Life Deliverable D1.4 - Data Management Plan,2023-03-30,Horizon Europe,HORIZON,101057970,AI4LIFE,HORIZON-INFRA-2021-SERV-01,natural sciences,early,0.192,2022-09-01,2025-08-31,SIGNED,False,,,,0,0,,False,public,https://zenodo.org/records/10948955,
10.5281/zenodo.7785567,D1.1 Data Management Plan,2023-03-30,Horizon Europe,HORIZON,101054421,DCS,ERC-2021-ADG,social sciences,early,0.099,2022-10-01,2027-09-30,SIGNED,False,,,,0,0,,False,public,https://zenodo.org/records/7785567,
10.5281/zenodo.7781425,DIAMOND - Machine-Actionable Data Management Plan,2023-03-29,Horizon Europe,HORIZON,101081179,DIAMOND,HORIZON-CL5-2022-D1-02,social sciences,early,0.081,2022-12-01,2026-11-30,SIGNED,True,False,1,0,0,0,unknown,True,public,https://zenodo.org/records/7781425,https://zenodo.org/api/records/7781425/files/DMPDelivering_the_next_generation_of_open_Integrated_Assessment_MOdels_for_Netzero_sustainable_Development0.json/content
10.5281/zenodo.7782654,OHEJP COVRIN DATA MANAGEMENT PLAN,2023-03-29,Horizon 2020,H2020,773830,One Health EJP,H2020-SFS-2016-2017,medical and health sciences,late,0.912,2018-01-01,2023-09-30,CLOSED,False,,,,0,0,,False,public,https://zenodo.org/records/7782654,
10.5281/zenodo.10790496,GUIDE pilot survey: Example of the data management plan and content of child and parental consent,2023-03-28,Horizon 2020,H2020,101008589,COORDINATE,H2020-INFRAIA-2018-2020,,mid,0.497,2021-04-01,2025-03-31,CLOSED,False,,,,0,0,,False,public,https://zenodo.org/records/10790496,
10.5281/zenodo.7936477,"FAIRmat, Guide to Writing a Research Data Management Plan",2023-03-25,DFG,DFG,460197019,,,,unknown,,,,,False,,,,0,0,,False,public,https://zenodo.org/records/7936477,
10.5281/zenodo.7761364,Articulações possíveis entre Equidade em Saúde e Atenção Primária à Saúde: um protocolo de revisão de escopo,2023-03-22,No funder metadata,,,,,,unknown,,,,,False,,,,0,0,,False,public,https://zenodo.org/records/7761364,
10.5281/zenodo.7759984,iMagine D1.2 Data Management Plan,2023-03-22,Horizon Europe,HORIZON,101058625,iMagine,HORIZON-INFRA-2021-SERV-01,natural sciences,early,0.184,2022-09-01,2025-08-31,SIGNED,False,,,,0,0,,False,public,https://zenodo.org/records/7759984,
10.5281/zenodo.17590729,SolarHub D5.1: Initial Data Management Plan,2023-03-19,Horizon Europe,HORIZON,101086110,SolarHub,HORIZON-WIDERA-2022-ACCESS-04,,early,0.053,2023-01-01,2026-12-31,SIGNED,False,,,,0,0,,False,public,https://zenodo.org/records/17590729,
10.5281/zenodo.7742663,IMPETUS Data Management plan,2023-03-16,No funder metadata,,,,,,unknown,,,,,False,,,,0,0,,False,public,https://zenodo.org/records/7742663,
10.5281/zenodo.7646655,ExPaNDS Data Management Plan,2023-03-15,Horizon 2020,H2020,857641,ExPaNDS,H2020-INFRAEOSC-2018-2020,natural sciences,late,1.012,2019-09-01,2023-02-28,CLOSED,False,,,,0,0,,False,public,https://zenodo.org/records/7646655,
10.5281/zenodo.7649075,D1.2 - AI4EOSC Data Management Plan,2023-03-13,Horizon Europe,HORIZON,101058593,AI4EOSC,HORIZON-INFRA-2021-EOSC-01,natural sciences,early,0.176,2022-09-01,2025-08-31,SIGNED,False,,,,0,0,,True,public,https://zenodo.org/records/7649075,
10.5281/zenodo.12180340,D1.5 Data Management Plan V2,2023-03-12,Horizon 2020,H2020,101017529,C-SCALE,H2020-INFRAEOSC-2018-2020,natural sciences,late,0.798,2021-01-01,2023-09-30,CLOSED,False,,,,0,0,,False,public,https://zenodo.org/records/12180340,
10.5281/zenodo.7752197,Houshold Survey on Eucalyptus plant and Food Security,2023-03-08,No funder metadata,,,,,,unknown,,,,,False,,,,0,0,,False,public,https://zenodo.org/records/7752197,
10.5281/zenodo.7701207,Multilayer photonic integration platform for free space optics - Data Management Plan,2023-03-06,Horizon Europe,HORIZON,101041131,BEAMS,ERC-2021-STG,natural sciences,early,0.085,2022-09-01,2028-08-31,SIGNED,True,False,2,0,0,0,unknown,False,public,https://zenodo.org/records/7701207,https://zenodo.org/api/records/7701207/files/DMPMultilayer_photonic_integration_platform_for_free_space_optics0.json/content
10.5281/zenodo.10843720,AD4GD D8.2 Data Management Plan (initial),2023-03-06,Horizon Europe,HORIZON,101061001,AD4GD,HORIZON-CL6-2021-GOVERNANCE-01,natural sciences,early,0.17,2022-09-01,2025-08-31,SIGNED,False,,,,0,0,,True,public,https://zenodo.org/records/10843720,
10.5281/zenodo.7696509,Data Management Plan CE4Plastics Project,2023-03-06,Horizon Europe,HORIZON,101059423,CE4Plastics,HORIZON-MSCA-2021-PF-01,natural sciences,early,0.255,2022-09-01,2024-08-31,CLOSED,False,,,,0,0,,False,public,https://zenodo.org/records/7696509,
10.5281/zenodo.7691620,"Data Management Plan for ""Perfect Heroes? The Reception History of Abraham, Moses and David in Parallel and Contrast""",2023-03-02,No funder metadata,,,,,,unknown,,,,,False,,,,0,0,,False,public,https://zenodo.org/records/7691620,
10.5281/zenodo.7689129,EPISA Data Management Plan,2023-03-01,Other funder,,DSAIPA/DS/0023/2018,DSAIPA/DS/0023/2018,,,unknown,,,,,False,,,,0,0,,True,public,https://zenodo.org/records/7689129,
10.5281/zenodo.13830043,All-In Zero - D11.12 Data Management Plan (1st release),2023-03-01,Horizon Europe,HORIZON,101069888,ALL-IN Zero,HORIZON-CL5-2021-D2-01,engineering and technology,early,0.124,2022-09-01,2026-08-31,SIGNED,False,,,,0,0,,False,public,https://zenodo.org/records/13830043,
10.5281/zenodo.17864615,EIRENE PPP D9.2 - Data Management Plan of EIRENE PPP Project,2023-03,Horizon Europe,HORIZON,101079789,EIRENE PPP,HORIZON-INFRA-2021-DEV-02,medical and health sciences,unknown,,2022-10-01,2025-09-30,SIGNED,False,,,,0,0,,False,public,https://zenodo.org/records/17864615,
10.5281/zenodo.8340095,Deliverable D9.9 - Data Management Plan,2023-02-28,No funder metadata,,,,,,unknown,,,,,False,,,,0,0,,False,public,https://zenodo.org/records/8340095,
10.5281/zenodo.13982202,First RPX update of the Data Management Plan,2023-02-28,Horizon Europe,HORIZON,101046937,DeepU,HORIZON-EIC-2021-PATHFINDEROPEN-01,engineering and technology,early,0.272,2022-03-01,2025-10-31,CLOSED,False,,,,0,0,,False,public,https://zenodo.org/records/13982202,
10.5281/zenodo.13962203,D7.1 Data Management Plan,2023-02-28,Other EU,EC,ID: 101061023,,,,unknown,,,,,False,,,,0,0,,True,public,https://zenodo.org/records/13962203,
10.5281/zenodo.7937117,DeDNAed Deliverable 8.4: Update Data Management Plan,2023-02-28,Horizon 2020,H2020,964248,DeDNAed,H2020-FETOPEN-2018-2020,engineering and technology,mid,0.57,2021-03-01,2024-08-31,CLOSED,False,,,,0,0,,False,public,https://zenodo.org/records/7937117,
10.5281/zenodo.17405543,ROBIN Data Management Plan – Initial Version,2023-02-28,Horizon Europe,HORIZON,101060504,ROBIN,HORIZON-CL6-2021-GOVERNANCE-01,social sciences,early,0.164,2022-09-01,2025-08-31,CLOSED,False,,,,0,0,,True,public,https://zenodo.org/records/17405543,
10.5281/zenodo.8160229,D5.7 EURO-LABS Data Management Plan,2023-02-27,Horizon Europe,HORIZON,101057511,EURO-LABS,HORIZON-INFRA-2021-SERV-01,natural sciences,early,0.123,2022-09-01,2026-08-31,SIGNED,False,,,,0,0,,False,public,https://zenodo.org/records/8160229,
10.5281/zenodo.8026225,Target Selection for the DESI Peculiar Velocity Survey,2023-02-27,Other funder,,FL180100168,,,,unknown,,,,,False,,,,0,0,,False,public,https://zenodo.org/records/8026225,
10.5281/zenodo.7682354,Data Management Plan,2023-02-27,Horizon 2020,H2020,872687,TRANSFORM,H2020-SwafS-2018-2020,,late,1.053,2020-01-01,2022-12-31,CLOSED,False,,,,0,0,,False,public,https://zenodo.org/records/7682354,
10.5281/zenodo.7680755,CINECA D7.3 First recommendations for implementation in IT Framework (Incl. a Data Management Plan),2023-02-27,Horizon 2020,H2020,825775,CINECA,H2020-SC1-BHC-2018-2020,natural sciences,late,0.925,2019-01-01,2023-06-30,CLOSED,False,,,,0,0,,True,public,https://zenodo.org/records/7680755,
10.5281/zenodo.14362313,D8.2 First version of the Data Management Plan,2023-02-26,Horizon Europe,HORIZON,101060211,BIOSYSMO,HORIZON-CL6-2021-ZEROPOLLUTION-01,natural sciences,early,0.122,2022-09-01,2026-08-31,SIGNED,False,,,,0,0,,False,public,https://zenodo.org/records/14362313,
10.5281/zenodo.10404915,ENLIGHT RISE - Deliverable 9.3 - Data management plan,2023-02-24,Horizon 2020,H2020,101035819,ENLIGHT RISE,H2020-IBA-SwafS-Support-2-2020,,mid,0.494,2021-09-01,2024-08-31,CLOSED,False,,,,0,0,,True,public,https://zenodo.org/records/10404915,
10.5281/zenodo.7680763,CAPABLE D1.2: Data Management Plan,2023-02-24,Horizon 2020,H2020,875052,CAPABLE,H2020-SC1-DTH-2018-2020,natural sciences,late,0.771,2020-01-01,2024-01-31,CLOSED,False,,,,0,0,,False,public,https://zenodo.org/records/7680763,
10.5281/zenodo.7671726,DESI survey validation data in the COSMOS/HSC field: Cool gas trace main sequence star-forming galaxies at the cosmic noon,2023-02-23,No funder metadata,,,,,,unknown,,,,,False,,,,0,0,,False,public,https://zenodo.org/records/7671726,
10.5281/zenodo.7558699,Risk factors for progression of vertebral compression fractures managed with brace,2023-02-22,No funder metadata,,,,,,unknown,,,,,False,,,,0,0,,True,public,https://zenodo.org/records/7558699,
10.5281/zenodo.7660299,D7.2 Data Management Plan (Second Version),2023-02-21,Horizon 2020,H2020,101004746,Polifonia,H2020-SC6-TRANSFORMATIONS-2018-2019-2020,,mid,0.643,2021-01-01,2024-04-30,CLOSED,False,,,,0,0,,False,public,https://zenodo.org/records/7660299,
10.5281/zenodo.10160548,Deliverable D5.5: Data Management Plan,2023-02-21,Horizon Europe,HORIZON,101061694,RADOV,HORIZON-EURATOM-2021-NRT-01,natural sciences,early,0.118,2022-09-01,2026-08-31,SIGNED,False,,,,0,0,,False,public,https://zenodo.org/records/10160548,
10.5281/zenodo.7701973,NFFA-Europe Pilot - D1.1 - Data Management Plan (DMP),2023-02-20,Horizon 2020,H2020,101007417,NEP,H2020-INFRAIA-2018-2020,natural sciences,early,0.329,2021-03-01,2027-02-28,SIGNED,False,,,,0,0,,False,public,https://zenodo.org/records/7701973,
10.5281/zenodo.7638631,VERHEYEN Data Table,2023-02-14,No funder metadata,,,,,,unknown,,,,,False,,,,0,0,,False,public,https://zenodo.org/records/7638631,
10.5281/zenodo.7636332,State public health communications during the pre-election SARS-CoV-2 pandemic: interpreting the effectiveness of messaging guidelines utilizing moral foundations theory.,2023-02-13,No funder metadata,,,,,,unknown,,,,,False,,,,0,0,,False,public,https://zenodo.org/records/7636332,
10.5281/zenodo.7636146,Go'zaning  G. hirsutum L.  va G.barbadense L. turlariga mansub boshlang'ich ota-ona shakllarining morfo-xo'jalik belgilarining tahlili,2023-02-13,No funder metadata,,,,,,unknown,,,,,False,,,,0,0,,False,public,https://zenodo.org/records/7636146,
10.5281/zenodo.15072756,D1.2 - Data Management Plan,2023-02-13,Other EU,EC,101083743,,,,unknown,,,,,False,,,,0,0,,True,public,https://zenodo.org/records/15072756,
10.5281/zenodo.14028959,D7.1 Data Management Plan,2023-02-13,Horizon Europe,HORIZON,101081865,NINFA,HORIZON-CL6-2022-ZEROPOLLUTION-01,engineering and technology,early,0.073,2022-11-01,2026-09-30,SIGNED,False,,,,0,0,,False,public,https://zenodo.org/records/14028959,
10.5281/zenodo.7673810,COHESIVE Data Management Plan (DMP),2023-02-10,Horizon 2020,H2020,773830,One Health EJP,H2020-SFS-2016-2017,medical and health sciences,late,0.889,2018-01-01,2023-09-30,CLOSED,False,,,,0,0,,False,public,https://zenodo.org/records/7673810,
10.5281/zenodo.7628064,Template de plan de gestion des données d'entité de l'Institut Pasteur,2023-02-10,No funder metadata,,,,,,unknown,,,,,False,,,,0,0,,False,public,https://zenodo.org/records/7628064,
10.5281/zenodo.7628031,Entity data management plan template of the Institut Pasteur,2023-02-10,No funder metadata,,,,,,unknown,,,,,False,,,,0,0,,False,public,https://zenodo.org/records/7628031,
10.5281/zenodo.7893172,D6.2 Data Management Plan – DMP1,2023-02-06,Horizon Europe,HORIZON,101060790,BioValue,HORIZON-CL6-2021-BIODIV-01,natural sciences,early,0.185,2022-07-01,2025-09-30,SIGNED,False,,,,0,0,,False,public,https://zenodo.org/records/7893172,
10.5281/zenodo.16881490,Deliverable 7.3.1 Data Management Plan,2023-02-03,Horizon Europe,HORIZON,101058178,AGEMERA,HORIZON-CL4-2021-RESILIENCE-01,engineering and technology,early,0.17,2022-08-01,2025-07-31,SIGNED,False,,,,0,0,,True,public,https://zenodo.org/records/16881490,
10.5281/zenodo.7598449,Data management for PhD project on friable drawing materials,2023-02-02,No funder metadata,,,,,,unknown,,,,,False,,,,0,0,,False,public,https://zenodo.org/records/7598449,
10.5281/zenodo.12544841,D7.2 – Data Management Plan,2023-02,Horizon Europe,HORIZON,101061748,FIERCE,HORIZON-CL2-2021-DEMOCRACY-01,social sciences,unknown,,2022-09-01,2025-08-31,SIGNED,False,,,,0,0,,False,public,https://zenodo.org/records/12544841,
10.5281/zenodo.10075333,D4.2 Data Management Plan (DMP),2023-02,Horizon Europe,HORIZON,101057062,AIDAVA,HORIZON-HLTH-2021-TOOL-06,natural sciences,unknown,,2022-09-01,2026-08-31,SIGNED,False,,,,0,0,,False,public,https://zenodo.org/records/10075333,
10.5281/zenodo.7591861,Data Management Dagmar Thielen,2023-01-31,No funder metadata,,,,,,unknown,,,,,False,,,,0,0,,False,public,https://zenodo.org/records/7591861,
10.5281/zenodo.7590998,Data management for the project 'Code-switching in Neo-Latin literature during the early age of printing (ca. 1470–1550)',2023-01-31,No funder metadata,,,,,,unknown,,,,,False,,,,0,0,,False,public,https://zenodo.org/records/7590998,
10.5281/zenodo.7590805,Data management for Phd,2023-01-31,No funder metadata,,,,,,unknown,,,,,False,,,,0,0,,False,public,https://zenodo.org/records/7590805,
10.5281/zenodo.7589241,Women in pain: a cultural biography of vaginismus in trans-Atlantic perspective (1950s-present),2023-01-31,No funder metadata,,,,,,unknown,,,,,False,,,,0,0,,False,public,https://zenodo.org/records/7589241,
10.5281/zenodo.7588962,"Data management plan for ""Pluricentrische perspectieven op schriftelijke communicatie in het Standaardnederlands""",2023-01-31,No funder metadata,,,,,,unknown,,,,,False,,,,0,0,,False,public,https://zenodo.org/records/7588962,
10.5281/zenodo.20407404,Data management plan (version 1),2023-01-31,Horizon Europe,HORIZON,101060415,SELINA,HORIZON-CL6-2021-BIODIV-01,natural sciences,early,0.117,2022-07-01,2027-06-30,SIGNED,False,,,,0,0,,False,public,https://zenodo.org/records/20407404,
10.5281/zenodo.10818255,SPINMATE: D1.2 Data Management Plan,2023-01-31,Horizon Europe,HORIZON,101069712,SPINMATE,HORIZON-CL5-2021-D2-01,natural sciences,early,0.111,2022-08-01,2027-01-31,SIGNED,False,,,,0,0,,False,public,https://zenodo.org/records/10818255,
10.5281/zenodo.8386698,Data capitalization document for French ANR ISOLATE project,2023-01-30,Other funder,,ANR-17-CE22-0009,ISOLATE,,,unknown,,,,,False,,,,0,0,,False,public,https://zenodo.org/records/8386698,
10.5281/zenodo.7586814,Test File DMP,2023-01-30,No funder metadata,,,,,,unknown,,,,,False,,,,0,0,,False,public,https://zenodo.org/records/7586814,
10.5281/zenodo.7587290,Data Table for the Project: Chinese Education at Confucius Institutes in Belgium,2023-01-30,No funder metadata,,,,,,unknown,,,,,False,,,,0,0,,False,public,https://zenodo.org/records/7587290,
10.5281/zenodo.7585703,"Data Management Plan for ""Bystanders no more: history of the simple tenses in the aspectual system of English and beyond""",2023-01-30,No funder metadata,,,,,,unknown,,,,,False,,,,0,0,,False,public,https://zenodo.org/records/7585703,
10.5281/zenodo.7585642,DMP for PhD project 'Greek Spaces in Roman Times: the Construction of Greek Geography in Pliny's Naturalis Historia',2023-01-30,No funder metadata,,,,,,unknown,,,,,False,,,,0,0,,False,public,https://zenodo.org/records/7585642,
10.5281/zenodo.7584261,Radiation-induced and obesity dependent NK cell activities against metastatic breast cancer cells,2023-01-30,No funder metadata,,,,,,unknown,,,,,False,,,,0,0,,True,public,https://zenodo.org/records/7584261,
10.5281/zenodo.7581709,Data management for PhD project - A dynamic perspective on the relationship between motivation and identity negotiation in heritage language contexts,2023-01-29,No funder metadata,,,,,,unknown,,,,,False,,,,0,0,,False,public,https://zenodo.org/records/7581709,
10.5281/zenodo.7581523,DAHe white dwarfs from the DESI Survey,2023-01-29,No funder metadata,,,,,,unknown,,,,,False,,,,0,0,,False,public,https://zenodo.org/records/7581523,
10.5281/zenodo.7581425,DSP of Places of Translation: A comparative study of the emergence of local translation policies in Belgium and Switzerland (1830/1848-1918),2023-01-29,No funder metadata,,,,,,unknown,,,,,False,,,,0,0,,False,public,https://zenodo.org/records/7581425,
10.5281/zenodo.7579041,"Data Management Plan for ""Rise of the Technocelebrity""",2023-01-28,No funder metadata,,,,,,unknown,,,,,False,,,,0,0,,False,public,https://zenodo.org/records/7579041,
10.5281/zenodo.10817745,ADVAGEN: D1.2. Data Management Plan,2023-01-28,Horizon Europe,HORIZON,101069743,ADVAGEN,HORIZON-CL5-2021-D2-01,natural sciences,early,0.123,2022-08-01,2026-07-31,SIGNED,False,,,,0,0,,False,public,https://zenodo.org/records/10817745,
10.5281/zenodo.7575556,Data management for PhD project - Managing Language Barriers in Unplanned Care (MaLBUC),2023-01-27,No funder metadata,,,,,,unknown,,,,,False,,,,0,0,,True,public,https://zenodo.org/records/7575556,
10.5281/zenodo.7572053,UAK Data Management Plan,2023-01-26,Horizon 2020,H2020,727890,INTAROS,H2020-BG-2016-2017,natural sciences,late,1.173,2016-12-01,2022-02-28,CLOSED,False,,,,0,0,,False,public,https://zenodo.org/records/7572053,
10.5281/zenodo.15341637,Deliverable 5.2 Data Management Plan,2023-01-26,Horizon Europe,HORIZON,101075790,SSZEPIWG9,HORIZON-CL5-2021-D3-02,,early,0.191,2022-07-01,2025-06-30,SIGNED,False,,,,0,0,,False,public,https://zenodo.org/records/15341637,
10.5281/zenodo.7602586,EOSC-Pillar D1.2 Data Management Plan,2023-01-24,Horizon 2020,H2020,857650,EOSC-Pillar,H2020-INFRAEOSC-2018-2020,,late,1.019,2019-07-01,2022-12-31,CLOSED,False,,,,0,0,,True,public,https://zenodo.org/records/7602586,
10.5281/zenodo.7565645,Data Management for Collaborative Learning in Interpreter Trainining: Perception and Effectiveness,2023-01-24,No funder metadata,,,,,,unknown,,,,,False,,,,0,0,,False,public,https://zenodo.org/records/7565645,
10.5281/zenodo.7565167,asdsadas,2023-01-24,No funder metadata,,,,,,unknown,,,,,False,,,,0,0,,False,public,https://zenodo.org/records/7565167,
10.5281/zenodo.7585013,Data Manage Plan for The Lives and Afterlives of Imperial Material,2023-01-23,No funder metadata,,,,,,unknown,,,,,False,,,,0,0,,False,public,https://zenodo.org/records/7585013,
10.5281/zenodo.7560968,Zarruq's Juridical Sufism Data Management,2023-01-23,No funder metadata,,,,,,unknown,,,,,False,,,,0,0,,False,public,https://zenodo.org/records/7560968,
10.5281/zenodo.7560641,Digital Scholarship Plan project Decolonization of the Roman Catholic Church in the Democratic Republic of Congo/Zaïre,2023-01-23,No funder metadata,,,,,,unknown,,,,,False,,,,0,0,,False,public,https://zenodo.org/records/7560641,
10.5281/zenodo.7575252,Data Management Plan,2023-01-21,Horizon 2020,H2020,776608,AXIS,H2020-SC5-2016-2017,,late,0.843,2018-01-01,2023-12-31,CLOSED,False,,,,0,0,,False,public,https://zenodo.org/records/7575252,
10.5281/zenodo.7553531,"Data management plan for ""Project DS – The development of socially meaningful language variation in (pre)adolescents with Down Syndrome""",2023-01-20,No funder metadata,,,,,,unknown,,,,,False,,,,0,0,,False,public,https://zenodo.org/records/7553531,
10.5281/zenodo.7551579,"CFE - Reservas da Biosfera Territórios sustentáveis, comunidades resilientes",2023-01-19,No funder metadata,,,,,,unknown,,,,,False,,,,0,0,,False,public,https://zenodo.org/records/7551579,
10.5281/zenodo.7548373,A framework to measure the properties of intergalactic metal systems with two-point flux statistics,2023-01-18,No funder metadata,,,,,,unknown,,,,,False,,,,0,0,,False,public,https://zenodo.org/records/7548373,
10.5281/zenodo.7545254,"Data management table for ""Textile production in Egypt from the Old to the Middle Kingdom: Reconstructing the chaîne opératoire""",2023-01-17,No funder metadata,,,,,,unknown,,,,,False,,,,0,0,,False,public,https://zenodo.org/records/7545254,
10.5281/zenodo.7533945,Effect of Vocal anesthesia in dental patient,2023-01-13,No funder metadata,,,,,,unknown,,,,,False,,,,0,0,,True,public,https://zenodo.org/records/7533945,
10.5281/zenodo.7528642,TELEVIR DMP,2023-01-12,Horizon 2020,H2020,773830,One Health EJP,H2020-SFS-2016-2017,medical and health sciences,late,0.876,2018-01-01,2023-09-30,CLOSED,False,,,,0,0,,False,public,https://zenodo.org/records/7528642,
10.5281/zenodo.7520818,SejbækTorp-Pedersen_DMP,2023-01-10,No funder metadata,,,,,,unknown,,,,,False,,,,0,0,,False,public,https://zenodo.org/records/7520818,
10.5281/zenodo.7520116,DESI z >~ 5 Quasar Survey. I. A First Sample of 400 New Quasars at z ~ 4.7 - 6.6,2023-01-10,No funder metadata,,,,,,unknown,,,,,False,,,,0,0,,False,public,https://zenodo.org/records/7520116,
10.5281/zenodo.7520137,Data for formulation and In-vitro Evaluation of Peppermint Oil Based Nanoemulgel of Luliconazole for Topical Application,2023-01-10,No funder metadata,,,,,,unknown,,,,,False,,,,0,0,,False,public,https://zenodo.org/records/7520137,
10.5281/zenodo.7517067,The data for the evaluation of silymarin solid dispersion and it's gel formula,2023-01-09,No funder metadata,,,,,,unknown,,,,,False,,,,0,0,,False,public,https://zenodo.org/records/7517067,
10.5281/zenodo.7510018,Iawas - Data Management Plan,2023-01-06,Horizon 2020,H2020,821371,IAWAS,H2020-CS2-CFP07-2017-02,engineering and technology,late,1.045,2018-10-01,2022-10-31,CLOSED,False,,,,0,0,,False,public,https://zenodo.org/records/7510018,
10.5281/zenodo.7501069,Data table for Connecting morphosyntax and lexical semantics with Elastic Net regression,2023-01-03,No funder metadata,,,,,,unknown,,,,,False,,,,0,0,,False,public,https://zenodo.org/records/7501069,
10.5281/zenodo.7497461,WCE images for training the U-Net model to segment specular reflection,2023-01-01,No funder metadata,,,,,,unknown,,,,,False,,,,0,0,,False,public,https://zenodo.org/records/7497461,
10.5281/zenodo.10255524,Recommendations for Using Data Management Plans in Academic Research Data Management Training,2023,DFG,DFG,SFB 1294,,,,unknown,,,,,False,,,,0,0,,False,public,https://zenodo.org/records/10255524,
10.5281/zenodo.10977308,Trust and Identity Strategy 2025-2027,2023,No funder metadata,,,,,,unknown,,,,,False,,,,0,0,,False,public,https://zenodo.org/records/10977308,
10.5281/zenodo.10358033,A study of inclusive conservation in the Denali Region of Alaska,2023,No funder metadata,,,,,,unknown,,,,,False,,,,0,0,,False,public,https://zenodo.org/records/10358033,
10.5281/zenodo.18140435,"CHARTER Data Management Plan, updated. CHARTER Deliverable 7.18.",2023,Horizon 2020,H2020,869471,CHARTER,H2020-LC-CLA-2018-2019-2020,natural sciences,unknown,,2020-08-01,2025-01-31,CLOSED,False,,,,0,0,,False,public,https://zenodo.org/records/18140435,
10.5281/zenodo.14507561,D6.4 DATA MANAGEMENT PLAN (EcoPlastiC project),2023,Horizon Europe,HORIZON,101046758,EcoPlastiC,HORIZON-EIC-2021-PATHFINDEROPEN-01,natural sciences,unknown,,2022-10-01,2025-09-30,SIGNED,False,,,,0,0,,False,public,https://zenodo.org/records/14507561,
10.5281/zenodo.7497365,Deliverable D-JRP-TOXOSOURCES-WP1.1 Data Management Plan FINAL VERSION,2022-12-31,Horizon 2020,H2020,773830,One Health EJP,H2020-SFS-2016-2017,medical and health sciences,late,0.87,2018-01-01,2023-09-30,CLOSED,False,,,,0,0,,False,public,https://zenodo.org/records/7497365,
10.5281/zenodo.7497230,LCMS data and Total Chromatogram of Black Ear Mushroom (Auricularia polytricha)  Extract,2022-12-31,No funder metadata,,,,,,unknown,,,,,False,,,,0,0,,False,public,https://zenodo.org/records/7497230,
10.5281/zenodo.7496201,pRRophetic,2022-12-31,No funder metadata,,,,,,unknown,,,,,False,,,,0,0,,False,public,https://zenodo.org/records/7496201,
10.5281/zenodo.7650029,CoActD1.4: Final Data Management Plan,2022-12-31,Horizon 2020,H2020,873048,CoAct,H2020-SwafS-2018-2020,,late,1.0,2020-01-01,2022-12-31,CLOSED,False,,,,0,0,,False,public,https://zenodo.org/records/7650029,
10.5281/zenodo.15685498,SeaMark Deliverable 11.2: Data Management Plan,2022-12-31,Horizon Europe,HORIZON,101060379,SeaMark,HORIZON-CL6-2021-CIRCBIO-01,social sciences,early,0.125,2022-07-01,2026-06-30,SIGNED,False,,,,0,0,,False,public,https://zenodo.org/records/15685498,
10.5281/zenodo.7781979,D1.5 ‐ Data Management Plan,2022-12-31,Horizon Europe,HORIZON,101059411,GreenFORCE,HORIZON-WIDERA-2021-ACCESS-02,,early,0.167,2022-07-01,2025-06-30,CLOSED,False,,,,0,0,,True,public,https://zenodo.org/records/7781979,
10.5281/zenodo.7868482,D8.8 Data Management Plan (M36),2022-12-30,Horizon 2020,H2020,871477,smashHit,H2020-ICT-2018-20,engineering and technology,late,0.999,2020-01-01,2022-12-31,CLOSED,False,,,,0,0,,False,public,https://zenodo.org/records/7868482,
10.5281/zenodo.7913279,Deliverable 1.1. S3E Data Management Plan,2022-12-29,Horizon Europe,HORIZON,101072135,S3E,HORIZON-EIE-2021-SCALEUP-01,social sciences,early,0.198,2022-07-01,2024-12-31,CLOSED,False,,,,0,0,,False,public,https://zenodo.org/records/7913279,
10.5281/zenodo.7487429,TYPES OF EUPHEMISMS IN ENGLISH,2022-12-27,No funder metadata,,,,,,unknown,,,,,False,,,,0,0,,False,public,https://zenodo.org/records/7487429,
10.5281/zenodo.7486905,D2.2 Data management plan,2022-12-27,Horizon 2020,H2020,894238,ARTIMATION,H2020-SESAR-2019-2,social sciences,late,0.995,2021-01-01,2022-12-31,CLOSED,False,,,,0,0,,False,public,https://zenodo.org/records/7486905,
10.5281/zenodo.7520478,FE'L SO'Z TURKUMINING MORFOLOGIK BELGI XUSUSIYATLARI,2022-12-25,No funder metadata,,,,,,unknown,,,,,False,,,,0,0,,False,public,https://zenodo.org/records/7520478,
10.5281/zenodo.7476530,D1.1 Data Management Plan,2022-12-23,Horizon Europe,HORIZON,101058527,Skills4EOSC,HORIZON-INFRA-2021-EOSC-01,,early,0.103,2022-09-01,2025-08-31,SIGNED,False,,,,0,0,,False,public,https://zenodo.org/records/7476530,
10.5281/zenodo.7476652,PARADISE Data Management Plan,2022-12-23,Horizon 2020,H2020,773830,One Health EJP,H2020-SFS-2016-2017,medical and health sciences,late,0.866,2018-01-01,2023-09-30,CLOSED,False,,,,0,0,,False,public,https://zenodo.org/records/7476652,
10.5281/zenodo.7468586,Data Management for Situating Intangible Cultural Heritage in an Ecological Turn: How ICH is Acculturated to Climate Vision by Digitalisation,2022-12-21,No funder metadata,,,,,,unknown,,,,,False,,,,0,0,,False,public,https://zenodo.org/records/7468586,
10.5281/zenodo.7468490,Data management for Situating Intangible Cultural Heritage in an Ecological Turn: How ICH is Acculturated to Climate Vision by Digitalisation,2022-12-21,No funder metadata,,,,,,unknown,,,,,False,,,,0,0,,False,public,https://zenodo.org/records/7468490,
10.5281/zenodo.8406798,D7.2 Initial Data Management Plan,2022-12-21,Horizon Europe,HORIZON,101069528,greenSPEED,HORIZON-CL5-2021-D2-01,natural sciences,early,0.135,2022-07-01,2025-12-31,SIGNED,False,,,,0,0,,False,public,https://zenodo.org/records/8406798,
10.5281/zenodo.7463599,OHEJP CARE Data Management Plan,2022-12-20,Horizon 2020,H2020,773830,One Health EJP,H2020-SFS-2016-2017,medical and health sciences,late,0.865,2018-01-01,2023-09-30,CLOSED,False,,,,0,0,,False,public,https://zenodo.org/records/7463599,
10.5281/zenodo.21382158,D3.1 - DMP - Engineering Research Infrastructures for European Synergies (ERIES),2022-12-20,Horizon Europe,HORIZON,101058684,ERIES,HORIZON-INFRA-2021-SERV-01,engineering and technology,early,0.138,2022-06-01,2026-05-31,SIGNED,False,,,,0,0,,False,public,https://zenodo.org/records/21382158,
10.5281/zenodo.7457940,"Data management table for God, the Devil, and the Nun. Visions as Mystical Experiences among Religious Women in Contemplative Conventual Orders in Spain and the Spanish Netherlands (1660-1700)",2022-12-19,No funder metadata,,,,,,unknown,,,,,False,,,,0,0,,False,public,https://zenodo.org/records/7457940,
10.5281/zenodo.7457598,BeONE: Final data management plan,2022-12-19,Horizon 2020,H2020,773830,One Health EJP,H2020-SFS-2016-2017,medical and health sciences,late,0.864,2018-01-01,2023-09-30,CLOSED,False,,,,0,0,,False,public,https://zenodo.org/records/7457598,
10.5281/zenodo.7516519,D1.5 DATA MANAGEMENT PLAN M36,2022-12-19,Horizon 2020,H2020,870675,PolicyCLOUD,H2020-SC6-GOVERNANCE-2018-2019-2020,natural sciences,late,0.989,2020-01-01,2022-12-31,CLOSED,False,,,,0,0,,False,public,https://zenodo.org/records/7516519,
10.25747/AK4G-6Q93,FIRE-RES Data Management Plan,2022-12-19,Horizon 2020,H2020,101037419,FIRE-RES,H2020-LC-GD-2020,,early,0.262,2021-12-01,2025-11-30,SIGNED,False,,,,0,0,,False,public,https://zenodo.org/records/7457160,
10.5281/zenodo.8027584,Data management for Language Use and Code-switching by LGBTQ+-identified Individuals in Tunisia,2022-12-16,No funder metadata,,,,,,unknown,,,,,False,,,,0,0,,False,public,https://zenodo.org/records/8027584,
10.5281/zenodo.7446434,Data Management Plan,2022-12-16,Horizon 2020,H2020,101006382,MOSAIC,H2020-SwafS-2018-2020,,mid,0.653,2021-01-01,2023-12-31,CLOSED,False,,,,0,0,,False,public,https://zenodo.org/records/7446434,
10.5281/zenodo.7440912,ULTIMATE - Data Management Plan,2022-12-15,Horizon 2020,H2020,869318,ULTIMATE,H2020-SC5-2018-2019-2020,engineering and technology,mid,0.575,2020-06-01,2024-10-31,CLOSED,False,,,,0,0,,False,public,https://zenodo.org/records/7440912,
10.5281/zenodo.7440900,ULTIMATE - Data Management Plan,2022-12-15,Horizon 2020,H2020,869318,ULTIMATE,H2020-SC5-2018-2019-2020,engineering and technology,mid,0.575,2020-06-01,2024-10-31,CLOSED,True,False,1,0,0,0,unknown,False,public,https://zenodo.org/records/7440900,https://zenodo.org/api/records/7440900/files/DMPULTIMATE_indUstry_waterutiLiTy_symbIosis_for_a_sMarter_wATer_society0.json/content
10.5281/zenodo.7436715,D-IA.2.2.OH-Harmony-Cap. Final Data management plan,2022-12-14,Horizon 2020,H2020,773830,One Health EJP,H2020-SFS-2016-2017,medical and health sciences,late,0.862,2018-01-01,2023-09-30,CLOSED,False,,,,0,0,,False,public,https://zenodo.org/records/7436715,
10.5281/zenodo.7436727,DMP OHEJP JRP23 ADONIS,2022-12-14,Horizon 2020,H2020,773830,One Health EJP,H2020-SFS-2016-2017,medical and health sciences,late,0.862,2018-01-01,2023-09-30,CLOSED,False,,,,0,0,,False,public,https://zenodo.org/records/7436727,
10.5281/zenodo.7430212,"Data management for ""A multifactorial analysis of Chinese analytic passive constructions""",2022-12-12,No funder metadata,,,,,,unknown,,,,,False,,,,0,0,,False,public,https://zenodo.org/records/7430212,
10.5281/zenodo.7425965,MiRNA sequencing raw data,2022-12-12,No funder metadata,,,,,,unknown,,,,,False,,,,0,0,,True,public,https://zenodo.org/records/7425965,
10.5281/zenodo.14722066,Data Management Plan,2022-12-12,Horizon Europe,HORIZON,101058293,eQATOR,HORIZON-CL4-2021-RESILIENCE-01,engineering and technology,early,0.12,2022-06-01,2026-10-31,SIGNED,False,,,,0,0,,True,public,https://zenodo.org/records/14722066,
10.5281/zenodo.7429754,"OHEJP BIOPIGEE Deliverable: D-JRP21-WP1.19 ""Revised Data Management Plan Submitted""",2022-12-12,Horizon 2020,H2020,773830,One Health EJP,H2020-SFS-2016-2017,medical and health sciences,late,0.861,2018-01-01,2023-09-30,CLOSED,False,,,,0,0,,False,public,https://zenodo.org/records/7429754,
10.5281/zenodo.7418355,Coverage of DOAJ journals' citations through OpenCitations (Data Management Plan),2022-12-09,No funder metadata,,,,,,unknown,,Fri Mar 04,Sat Mar 04,,True,False,2,0,0,0,unknown,False,public,https://zenodo.org/records/7418355,https://zenodo.org/api/records/7418355/files/DMPNone4.json/content
10.5281/zenodo.7417479,"GenClim Data Management Plan, v1.0",2022-12-09,No funder metadata,,,,,,unknown,,,,,False,,,,0,0,,False,public,https://zenodo.org/records/7417479,
10.5281/zenodo.7406251,GMOS-FR (Global Mercury Observation System – FRance) Research Data Management Plan for Atmospheric Mercury datasets,2022-12-06,No funder metadata,,,,,,unknown,,,,,False,,,,0,0,,False,public,https://zenodo.org/records/7406251,
10.5281/zenodo.7399810,"Datenmanagementplan ""Concept Development for Collaborative Research Data Management Services""",2022-12-05,No funder metadata,,,,,,unknown,,,,,False,,,,0,0,,False,public,https://zenodo.org/records/7399810,
10.5281/zenodo.7385505,DMP test for Finland,2022-12-01,Other EU,EC,617340,ART,,,unknown,,,,,False,,,,0,0,,False,public,https://zenodo.org/records/7385505,
10.5281/zenodo.7363102,Software Development Best Practices of the AI-READI Project,2022-11-30,No funder metadata,,,,,,unknown,,,,,False,,,,0,0,,False,public,https://zenodo.org/records/7363102,
10.5281/zenodo.21218801,MOZART D8.2 Data Management Plan,2022-11-30,Horizon Europe,HORIZON,101058450,MOZART,HORIZON-CL4-2021-RESILIENCE-01,engineering and technology,early,0.125,2022-06-01,2026-05-31,SIGNED,False,,,,0,0,,True,public,https://zenodo.org/records/21218801,
10.5281/zenodo.17989334,D7.1. Data Management Plan,2022-11-30,Horizon Europe,HORIZON,101070666,Up-Skill,HORIZON-CL4-2021-HUMAN-01,social sciences,early,0.071,2022-09-01,2026-02-28,SIGNED,False,,,,0,0,,True,public,https://zenodo.org/records/17989334,
10.5281/zenodo.8252558,R3PACK WP1 D1.3 Data management plan,2022-11-30,Horizon Europe,HORIZON,101060806,R3PACK,HORIZON-CL6-2021-CIRCBIO-01,engineering and technology,early,0.142,2022-06-01,2025-11-30,SIGNED,False,,,,0,0,,False,public,https://zenodo.org/records/8252558,
10.5281/zenodo.7998699,D7.2: DWC – Data Management Plan (M42 update),2022-11-30,Horizon 2020,H2020,820954,DWC,H2020-SC5-2018-2019-2020,natural sciences,late,1.0,2019-06-01,2022-11-30,CLOSED,False,,,,0,0,,False,public,https://zenodo.org/records/7998699,
10.5281/zenodo.6976838,D1.4 Data Management Plan,2022-11-30,Horizon 2020,H2020,883371,RESPOND-A,H2020-SU-SEC-2018-2019-2020,engineering and technology,late,0.834,2020-06-01,2023-05-31,CLOSED,False,,,,0,0,,False,public,https://zenodo.org/records/6976838,
10.5281/zenodo.7350909,DMP-test-RSU,2022-11-23,Other funder,,205498,,,,unknown,,,,,False,,,,0,0,,False,public,https://zenodo.org/records/7350909,
10.5281/zenodo.7347870,The Data Management Plan in the Horizon Europe template,2022-11-22,Horizon 2020,H2020,101017452,OpenAIRE Nexus,H2020-INFRAEOSC-2018-2020,,late,0.758,2021-01-01,2023-06-30,CLOSED,False,,,,0,0,,False,public,https://zenodo.org/records/7347870,
10.5281/zenodo.7469321,JRP12-FARMED Data Management Plan (DMP),2022-11-18,Horizon 2020,H2020,773830,One Health EJP,H2020-SFS-2016-2017,medical and health sciences,late,0.849,2018-01-01,2023-09-30,CLOSED,False,,,,0,0,,False,public,https://zenodo.org/records/7469321,
10.5281/zenodo.6821564,The oral health of elite athletes in Ireland - data management plan,2022-11-18,No funder metadata,,,,,,unknown,,,,,False,,,,0,0,,False,public,https://zenodo.org/records/6821564,
10.5281/zenodo.7335285,FIRE-RES training proceedings meeting: Data Management Plan,2022-11-18,Horizon 2020,H2020,101037419,FIRE-RES,H2020-LC-GD-2020,,early,0.241,2021-12-01,2025-11-30,SIGNED,False,,,,0,0,,False,public,https://zenodo.org/records/7335285,
10.5281/zenodo.7330776,DESI Mock Challenge VII: halo and galaxy catalogs with the Bias Assignment Method,2022-11-17,No funder metadata,,,,,,unknown,,,,,False,,,,0,0,,False,public,https://zenodo.org/records/7330776,
10.5281/zenodo.7326206,test 16/11,2022-11-16,Other funder,,319818,,,,unknown,,,,,False,,,,0,0,,False,public,https://zenodo.org/records/7326206,
10.5281/zenodo.7323883,nomenclature Bruker data,2022-11-15,Other funder,,ANR-21-CE19-0014,SYNATRA,,,unknown,,,,,False,,,,0,0,,False,public,https://zenodo.org/records/7323883,
10.5281/zenodo.7322710,DESI and DECaLS (D&D): galaxy-galaxy lensing measurements with 1%survey and its forecast,2022-11-15,No funder metadata,,,,,,unknown,,,,,False,,,,0,0,,False,public,https://zenodo.org/records/7322710,
10.5281/zenodo.7319234,REsolution Data Management Plan 2,2022-11-14,Horizon 2020,H2020,101034439,REsolution,H2020-JTI-IMI2-2020-22-single-stage,natural sciences,mid,0.563,2021-06-01,2023-12-31,CLOSED,False,,,,0,0,,False,public,https://zenodo.org/records/7319234,
10.5281/zenodo.7319222,REsolution Data Management Plan 1,2022-11-14,Horizon 2020,H2020,101034439,REsolution,H2020-JTI-IMI2-2020-22-single-stage,natural sciences,mid,0.563,2021-06-01,2023-12-31,CLOSED,False,,,,0,0,,False,public,https://zenodo.org/records/7319222,
10.5281/zenodo.17536005,Data Management Plan (D9.1),2022-11-10,Horizon Europe,HORIZON,101060712,FishEUTrust,HORIZON-CL6-2021-FARM2FORK-01,agricultural sciences,early,0.111,2022-06-01,2026-05-31,SIGNED,False,,,,0,0,,False,public,https://zenodo.org/records/17536005,
10.5281/zenodo.7274050,DESI Mock Challenge VII: halo and galaxy catalogs with the Bias Assignment Method,2022-11-02,No funder metadata,,,,,,unknown,,,,,False,,,,0,0,,False,public,https://zenodo.org/records/7274050,
10.5281/zenodo.7269841,"D1.3. FAIR compliant Data Management Plan, first version",2022-11-01,Horizon Europe,HORIZON,101046846,MAPWORMS,HORIZON-EIC-2021-PATHFINDEROPEN-01,natural sciences,early,0.126,2022-05-01,2026-04-30,SIGNED,False,,,,0,0,,False,public,https://zenodo.org/records/7269841,
10.5281/zenodo.13164370,HIGH Horizons - Data management plan (year 1),2022-11,Other EU,EC,10105784,,,,unknown,,,,,False,,,,0,0,,False,public,https://zenodo.org/records/13164370,
10.5281/zenodo.10842688,FRONTSH1P_D1.4 Data Management Plan & Open Research Data Pilot,2022-11,Horizon 2020,H2020,101037031,FRONTSH1P,H2020-LC-GD-2020,social sciences,unknown,,2021-11-01,2025-10-31,SIGNED,False,,,,0,0,,False,public,https://zenodo.org/records/10842688,
10.5281/zenodo.7268832,The Horizon Europe CRM-geothermal project: Deliverable 7.6 – Data Management Plan,2022-10-31,Horizon Europe,HORIZON,101058163,CRM-geothermal,HORIZON-CL4-2021-RESILIENCE-01,engineering and technology,early,0.125,2022-05-01,2026-04-30,SIGNED,False,,,,0,0,,False,public,https://zenodo.org/records/7268832,
10.26356/datamanagement,SAPEA data management plan,2022-10-28,Horizon Europe,HORIZON,101070776,SAPEA,HORIZON-WIDERA-2021-EA-IBA,social sciences,early,0.185,2022-05-01,2024-12-31,SIGNED,False,,,,0,0,,False,public,https://zenodo.org/records/8398321,
10.5281/zenodo.7267158,CINECA First recommendations for implementation in IT Framework (Incl. a Data Management Plan) D7.3,2022-10-28,Horizon 2020,H2020,825775,CINECA,H2020-SC1-BHC-2018-2020,natural sciences,late,0.851,2019-01-01,2023-06-30,CLOSED,False,,,,0,0,,True,public,https://zenodo.org/records/7267158,
10.5281/zenodo.14217146,CAELESTIS D9.3 Data Management Plan (Publishable Summary),2022-10-21,Horizon Europe,HORIZON,101056886,CAELESTIS,HORIZON-CL5-2021-D5-01,natural sciences,early,0.135,2022-05-01,2025-10-31,SIGNED,False,,,,0,0,,False,public,https://zenodo.org/records/14217146,
10.5281/zenodo.7197417,eRImote WP1 D1.2 First Data Management Plan V3,2022-10-14,Horizon Europe,HORIZON,101057557,eRImote,HORIZON-INFRA-2021-DEV-01,,early,0.148,2022-06-01,2024-11-30,SIGNED,False,,,,0,0,,True,public,https://zenodo.org/records/7197417,
10.5281/zenodo.7031886,Data Management Plan URBNANCE Project,2022-10-10,No funder metadata,,,,,,unknown,,,,,False,,,,0,0,,False,public,https://zenodo.org/records/7031886,
10.5281/zenodo.7143021,INTERACT GIS Data Management Plan,2022-10-04,No funder metadata,,,,,,unknown,,,,,False,,,,0,0,,False,public,https://zenodo.org/records/7143021,
10.5281/zenodo.7737607,Data Management Plan and GDPR Compliance (I),2022-09-30,Horizon 2020,H2020,101037075,PROBONO,H2020-LC-GD-2020,engineering and technology,early,0.149,2022-01-01,2026-12-31,SIGNED,False,,,,0,0,,True,public,https://zenodo.org/records/7737607,
10.5281/zenodo.7127697,Gut2Behave project - Data Management Plan,2022-09-30,No funder metadata,,,,,,unknown,,,,,False,,,,0,0,,True,public,https://zenodo.org/records/7127697,
10.5281/zenodo.17896510,Deliverable D7.1 PARC Data Management Plan V1.0 (DMP) WP 7.1,2022-09-23,Horizon Europe,HORIZON,101057014,PARC,HORIZON-HLTH-2021-ENVHLTH-03,medical and health sciences,early,0.057,2022-05-01,2029-04-30,SIGNED,False,,,,0,0,,False,public,https://zenodo.org/records/17896510,
10.5281/zenodo.10362529,ENVRI-FAIR D1.6: Final DMP,2022-09-22,Horizon 2020,H2020,824068,ENVRI-FAIR,H2020-INFRAEOSC-2018-2020,social sciences,late,0.829,2019-01-01,2023-06-30,CLOSED,False,,,,0,0,,True,public,https://zenodo.org/records/10362529,
10.5281/zenodo.7082142,Data Management Plan: training material for data management (Horizon Europe project),2022-09-15,Horizon Europe,HORIZON,101058670,PRecycling,HORIZON-CL4-2021-RESILIENCE-01,engineering and technology,early,0.114,2022-04-01,2026-03-31,SIGNED,False,,,,0,0,,False,public,https://zenodo.org/records/7082142,
10.5281/zenodo.7058966,The acceleration regions of radiation belt electrons dependent on geomagnetic activity,2022-09-08,No funder metadata,,,,,,unknown,,,,,False,,,,0,0,,False,public,https://zenodo.org/records/7058966,
10.5281/zenodo.7936061,Data management plan,2022-09-08,Horizon 2020,H2020,958196,HIPERMAT,H2020-NMBP-ST-IND-2018-2020,engineering and technology,mid,0.53,2020-11-01,2024-04-30,CLOSED,False,,,,0,0,,False,public,https://zenodo.org/records/7936061,
10.5281/zenodo.7058448,Intrinsic Alignment as an RSD Contaminant in the DESI Survey,2022-09-07,No funder metadata,,,,,,unknown,,,,,False,,,,0,0,,False,public,https://zenodo.org/records/7058448,
10.5281/zenodo.7042877,"D-IA.2.2.OH-Harmony-Cap.1.1 Data management plan, updated",2022-09-02,Horizon 2020,H2020,773830,One Health EJP,H2020-SFS-2016-2017,medical and health sciences,late,0.813,2018-01-01,2023-09-30,CLOSED,False,,,,0,0,,False,public,https://zenodo.org/records/7042877,
10.5281/zenodo.13982199,Data Management Plan,2022-08-31,Horizon Europe,HORIZON,101046937,DeepU,HORIZON-EIC-2021-PATHFINDEROPEN-01,engineering and technology,early,0.137,2022-03-01,2025-10-31,CLOSED,False,,,,0,0,,False,public,https://zenodo.org/records/13982199,
10.5281/zenodo.7015786,The Target Selection Pipeline for the Dark Energy Spectroscopic Instrument,2022-08-22,No funder metadata,,,,,,unknown,,,,,False,,,,0,0,,False,public,https://zenodo.org/records/7015786,
10.5281/zenodo.7013864,Overview of the DESI Milky Way Survey,2022-08-19,No funder metadata,,,,,,unknown,,,,,False,,,,0,0,,False,public,https://zenodo.org/records/7013864,
10.5281/zenodo.6951000,Target Selection and Validation of DESI Emission Line Galaxies,2022-08-18,No funder metadata,,,,,,unknown,,,,,False,,,,0,0,,False,public,https://zenodo.org/records/6951000,
10.5281/zenodo.6618765,"The DESI Survey Validation: Results from Visual Inspection of Bright Galaxies, Luminous Red Galaxies, and Emission Line Galaxies",2022-08-15,No funder metadata,,,,,,unknown,,,,,False,,,,0,0,,False,public,https://zenodo.org/records/6618765,
10.5281/zenodo.6991773,Data for publication Energy transfer between different Eu2+ ions in the white  phosphor Ba7F12Cl2:Eu2+,2022-08-15,Other funder,,200020_182494,,,,unknown,,,,,False,,,,0,0,,False,public,https://zenodo.org/records/6991773,
10.5281/zenodo.6976652,"Coding Manual: Nativism, Islamophobism and Islamism in the Age of Populism",2022-08-08,Horizon 2020,H2020,785934,ISLAM-OPHOB-ISM,ERC-2017-ADG,social sciences,late,0.721,2019-01-01,2023-12-31,CLOSED,False,,,,0,0,,False,public,https://zenodo.org/records/6976652,
10.5281/zenodo.6973634,Greenland Ecosystem Monitoring - Data Management Plan,2022-08-08,No funder metadata,,,,,,unknown,,,,,False,,,,0,0,,False,public,https://zenodo.org/records/6973634,
10.5281/zenodo.6967125,test new version issues,2022-08-05,Other funder,,LP0561076,,,,unknown,,,,,False,,,,0,0,,False,public,https://zenodo.org/records/6967125,
10.5281/zenodo.6974178,Data Management Plan for Solar Energy Optimization via a Remote research Platform,2022-08-01,No funder metadata,,,,,,unknown,,,,,False,,,,0,0,,False,public,https://zenodo.org/records/6974178,
10.5281/zenodo.10576199,D1.5 Data Management Plan - Year 2,2022-08-01,Horizon 2020,H2020,101016687,AfriConEU,H2020-ICT-2018-20,social sciences,mid,0.499,2021-02-01,2024-01-31,CLOSED,False,,,,0,0,,True,public,https://zenodo.org/records/10576199,
10.5281/zenodo.8366747,Data Management Plan - ERC Graff-IT,2022-08-01,Horizon 2020,H2020,101020613,Graff-IT,ERC-2020-ADG,social sciences,early,0.097,2022-01-01,2027-12-31,SIGNED,False,,,,0,0,,False,public,https://zenodo.org/records/8366747,
10.5281/zenodo.8138544,Deliverable 1.1: DATA MANAGEMENT PLAN,2022-07-31,No funder metadata,,,,,,unknown,,,,,False,,,,0,0,,False,public,https://zenodo.org/records/8138544,
10.5281/zenodo.7628424,Data Management Plan,2022-07-29,Horizon 2020,H2020,101016858,mAkE,H2020-ICT-2018-20,social sciences,early,0.163,2022-02-01,2025-01-31,CLOSED,False,,,,0,0,,False,public,https://zenodo.org/records/7628424,
10.5281/zenodo.10039985,MobiDataLab D1.5 Data Management Plan V2,2022-07-28,Horizon 2020,H2020,101006879,MobiDataLab,H2020-MG-2018-2019-2020,social sciences,mid,0.495,2021-02-01,2024-01-31,CLOSED,False,,,,0,0,,False,public,https://zenodo.org/records/10039985,
10.5281/zenodo.8181301,Deliverable 6.2: Data Management Plan - Dynamo project (101046489),2022-07-28,Horizon Europe,HORIZON,101046489,Dynamo,HORIZON-EIC-2021-PATHFINDEROPEN-01,natural sciences,early,0.091,2022-03-01,2026-08-31,SIGNED,False,,,,0,0,,False,public,https://zenodo.org/records/8181301,
10.5281/zenodo.6911145,A data compression and optimal galaxy weights scheme for Dark Energy Spectroscopic Instrument and weak lensing datasets,2022-07-27,No funder metadata,,,,,,unknown,,,,,False,,,,0,0,,False,public,https://zenodo.org/records/6911145,
10.5281/zenodo.6900990,Biogeography Biodiversity Data Management Plan,2022-07-25,No funder metadata,,,,,,unknown,,,,,False,,,,0,0,,False,public,https://zenodo.org/records/6900990,
10.5281/zenodo.7540704,Data Management Plan,2022-07-25,Horizon 2020,H2020,957204,MAS4AI,H2020-ICT-2018-20,natural sciences,mid,0.605,2020-10-01,2023-09-30,CLOSED,False,,,,0,0,,False,public,https://zenodo.org/records/7540704,
10.5281/zenodo.6902448,TraceMyFish D1.2 - Data Management Plan,2022-07-25,Horizon 2020,H2020,817992,BlueBio,H2020-BG-2018-2020,medical and health sciences,mid,0.663,2018-12-01,2024-05-31,CLOSED,False,,,,0,0,,False,public,https://zenodo.org/records/6902448,
10.5281/zenodo.7163783,NAUTILOS D1.10 - Data Management Plan – 1st periodic report update,2022-07-24,Horizon 2020,H2020,101000825,NAUTILOS,H2020-BG-2018-2020,engineering and technology,mid,0.381,2020-10-01,2025-06-30,CLOSED,False,,,,0,0,,False,public,https://zenodo.org/records/7163783,
10.5281/zenodo.6891445,Debriefings,2022-07-23,No funder metadata,,,,,,unknown,,,,,False,,,,0,0,,False,public,https://zenodo.org/records/6891445,
10.5281/zenodo.6889711,Houjinxuan,2022-07-23,No funder metadata,,,,,,unknown,,,,,False,,,,0,0,,False,public,https://zenodo.org/records/6889711,
10.5281/zenodo.6889679,TCGA-KIRC-AI-study,2022-07-23,No funder metadata,,,,,,unknown,,,,,False,,,,0,0,,False,public,https://zenodo.org/records/6889679,
10.5281/zenodo.6822899,GOhydro D7.2 - Data Management Plan,2022-07-12,Horizon 2020,H2020,862665,ICT-AGRI-FOOD,H2020-SFS-2018-2020,,mid,0.505,2019-10-01,2025-03-31,SIGNED,False,,,,0,0,,False,public,https://zenodo.org/records/6822899,
10.5281/zenodo.6811284,reSEArch-EU Data Management Plan,2022-07-08,No funder metadata,,,,,,unknown,,,,,False,,,,0,0,,False,public,https://zenodo.org/records/6811284,
10.5281/zenodo.6806309,Data Management Plan,2022-07-07,Horizon 2020,H2020,821046,TURNkey,H2020-SC5-2018-2019-2020,natural sciences,late,1.034,2019-06-01,2022-05-31,CLOSED,False,,,,0,0,,False,public,https://zenodo.org/records/6806309,
10.5281/zenodo.6810836,Argos DMP outputs: bringing automation and validated data in the writing process by connecting data workflows,2022-07-07,Horizon 2020,H2020,101017452,OpenAIRE Nexus,H2020-INFRAEOSC-2018-2020,,mid,0.607,2021-01-01,2023-06-30,CLOSED,False,,,,0,0,,False,public,https://zenodo.org/records/6810836,
10.5281/zenodo.6784690,The scale of competition impacts parasite virulence evolution,2022-06-30,No funder metadata,,,,,,unknown,,,,,False,,,,0,0,,False,public,https://zenodo.org/records/6784690,
10.5281/zenodo.7117705,D7.8 aMUSE Data Management Plan,2022-06-30,Horizon 2020,H2020,101006726,aMUSE,H2020-MSCA-RISE-2020,natural sciences,early,0.11,2022-01-01,2026-06-30,SIGNED,False,,,,0,0,,False,public,https://zenodo.org/records/7117705,
10.5281/zenodo.6787951,Data Management Plan [update June 2022] (COESO D.1.2),2022-06-30,Horizon 2020,H2020,101006325,COESO,H2020-SwafS-2018-2020,,mid,0.498,2021-01-01,2023-12-31,CLOSED,False,,,,0,0,,False,public,https://zenodo.org/records/6787951,
10.5281/zenodo.6783598,CSI-COP Data Management Plan 2,2022-06-30,Horizon 2020,H2020,873169,CSI-COP,H2020-SwafS-2018-2020,,mid,0.681,2020-01-01,2023-08-31,CLOSED,False,,,,0,0,,True,public,https://zenodo.org/records/6783598,
10.5281/zenodo.6778958,HoloRuminant DMP,2022-06-29,Horizon 2020,H2020,101000213,HoloRuminant,H2020-SFS-2018-2020,medical and health sciences,early,0.135,2021-10-01,2027-03-31,SIGNED,False,,,,0,0,,False,public,https://zenodo.org/records/6778958,
10.5281/zenodo.6776568,Expression of candidate housekeeping genes (eIF-4A and actin) in rice under UV and chilling stresses,2022-06-29,No funder metadata,,,,,,unknown,,,,,False,,,,0,0,,False,public,https://zenodo.org/records/6776568,
10.5281/zenodo.6772193,"Data Management Plan - The health impacts of inner-city gentrification, displacement and housing insecurity: a quasi-experimental multi-cohort study",2022-06-28,No funder metadata,,,,,,unknown,,,,,False,,,,0,0,,False,public,https://zenodo.org/records/6772193,
10.5281/zenodo.6760899,Ageing@Work Data Management Plan – v3,2022-06-27,Horizon 2020,H2020,826299,AgeingatWork,H2020-SC1-DTH-2018-2020,social sciences,late,0.998,2019-01-01,2022-06-30,CLOSED,False,,,,0,0,,False,public,https://zenodo.org/records/6760899,
10.5281/zenodo.6760571,Data Management Plan - Deliverable 8.3,2022-06-27,Horizon 2020,H2020,101000622,RADIANT,H2020-SFS-2018-2020,agricultural sciences,early,0.205,2021-09-01,2025-08-31,CLOSED,False,,,,0,0,,False,public,https://zenodo.org/records/6760571,
10.5281/zenodo.13787797,Plano de Mobilidade de Araraquara - Mobiliações,2022-06-24,No funder metadata,,,,,,unknown,,,,,False,,,,0,0,,False,public,https://zenodo.org/records/13787797,
10.5281/zenodo.6702200,FLAMINGo Deliverable (D9.2) - Data Management Plan,2022-06-23,Horizon 2020,H2020,101007011,FLAMINGo,H2020-LC-GV-2018-2019-2020,engineering and technology,mid,0.347,2021-02-01,2025-01-31,CLOSED,False,,,,0,0,,False,public,https://zenodo.org/records/6702200,
10.5281/zenodo.7794728,HortiMED Data Management Plan,2022-06-22,No funder metadata,,,,,,unknown,,,,,False,,,,0,0,,False,public,https://zenodo.org/records/7794728,
10.5281/zenodo.6684112,METICOS Deliverable D2.2 Data Management Plan,2022-06-22,Horizon 2020,H2020,883075,METICOS,H2020-SU-SEC-2018-2019-2020,natural sciences,mid,0.571,2020-09-01,2023-10-31,CLOSED,False,,,,0,0,,False,public,https://zenodo.org/records/6684112,
10.5281/zenodo.6659636,FronTowns: Think big on small frontier towns: Alto Alentejo and Alta Extremadura leonesa (13th - 16th centuries),2022-06-18,No funder metadata,,,,,,unknown,,,,,False,,,,0,0,,False,public,https://zenodo.org/records/6659636,
10.5281/zenodo.6647394,FEW-meter Project Data Management Plan,2022-06-15,Horizon 2020,H2020,730254,EN-SUGI,H2020-SCC-2016-2017,,late,0.923,2016-12-01,2022-11-30,CLOSED,False,,,,0,0,,False,public,https://zenodo.org/records/6647394,
10.5281/zenodo.6803057,Template of data for Life Cycle Assessment,2022-06-14,Horizon 2020,H2020,817788,SCALIBUR,H2020-SFS-2018-2020,engineering and technology,late,0.905,2018-11-01,2022-10-31,CLOSED,False,,,,0,0,,False,public,https://zenodo.org/records/6803057,
10.5281/zenodo.6772779,Neurophysiological bases of decision-making processes: dissociating risk and uncertainty in the human brain - Data Management Plan,2022-06-13,No funder metadata,,,,,,unknown,,,,,False,,,,0,0,,False,public,https://zenodo.org/records/6772779,
10.5281/zenodo.6624839,Target Selection and Validation of DESI Quasars,2022-06-08,No funder metadata,,,,,,unknown,,,,,False,,,,0,0,,False,public,https://zenodo.org/records/6624839,
10.5281/zenodo.6606323,raw data for BRCA ai study,2022-06-02,No funder metadata,,,,,,unknown,,,,,False,,,,0,0,,False,public,https://zenodo.org/records/6606323,
10.5281/zenodo.6597239,FAIR principles and Data Management Plan,2022-05-31,Horizon 2020,H2020,857650,EOSC-Pillar,H2020-INFRAEOSC-2018-2020,,late,0.833,2019-07-01,2022-12-31,CLOSED,False,,,,0,0,,False,public,https://zenodo.org/records/6597239,
10.5281/zenodo.6599931,PREFER Data Management Plan,2022-05-31,Horizon 2020,H2020,115966,PREFER,H2020-JTI-IMI2-2015-05-two-stage,medical and health sciences,late,1.0,2016-10-01,2022-05-31,CLOSED,False,,,,0,0,,False,public,https://zenodo.org/records/6599931,
10.5281/zenodo.6594943,Data_Management_Plan,2022-05-30,No funder metadata,,,,,,unknown,,,,,False,,,,0,0,,False,public,https://zenodo.org/records/6594943,
10.5281/zenodo.7150075,- المملكة العربية السعودية استخرج الرخصة البيئية بشكل سريع وموثوق مع مكتب الدكتور الدهيمان للاستشارات البيئية,2022-05-27,No funder metadata,,,,,,unknown,,,,,False,,,,0,0,,False,public,https://zenodo.org/records/7150075,
10.5281/zenodo.6582211,INCLUSIVE EDUCATION IN THE REPUBLIC OF UZBEKISTAN DEVELOPMENT PROSPECTS,2022-05-25,No funder metadata,,,,,,unknown,,,,,False,,,,0,0,,False,public,https://zenodo.org/records/6582211,
10.5281/zenodo.6579046,SHO'RLANGAN ERLARDA DUKKAKLI DON EKINLARINI EKISHNING AFZALLIGI,2022-05-25,No funder metadata,,,,,,unknown,,,,,False,,,,0,0,,False,public,https://zenodo.org/records/6579046,
10.5281/zenodo.6977259,La Chouffe - Data Management Plan,2022-05-22,No funder metadata,,,,,,unknown,,,,,True,False,4,0,0,0,unknown,False,public,https://zenodo.org/records/6977259,https://zenodo.org/api/records/6977259/files/dmp la chouffe 3.json/content
10.5281/zenodo.6561223,Data Management Plan Exercise,2022-05-18,Other EU,EC,211601,ELIXIR,,,unknown,,,,,False,,,,0,0,,False,public,https://zenodo.org/records/6561223,
10.5281/zenodo.6543559,The effect of quasar redshift errors on Lyman-alpha forest correlation functions,2022-05-12,No funder metadata,,,,,,unknown,,,,,False,,,,0,0,,False,public,https://zenodo.org/records/6543559,
10.5281/zenodo.6555079,CasProt Data management plan,2022-05-10,Horizon 2020,H2020,952333,CasProt,H2020-WIDESPREAD-2018-2020,natural sciences,mid,0.536,2020-10-01,2023-09-30,CLOSED,False,,,,0,0,,False,public,https://zenodo.org/records/6555079,
10.5281/zenodo.7186477,D1.2 Data Management Plan,2022-05-10,Horizon 2020,H2020,870811,SPICE,H2020-SC6-TRANSFORMATIONS-2018-2019-2020,natural sciences,mid,0.676,2020-05-01,2023-04-30,CLOSED,False,,,,0,0,,False,public,https://zenodo.org/records/7186477,
10.5281/zenodo.6538975,PHYMOT Data Management Plan,2022-05-05,Horizon 2020,H2020,955910,PHYMOT,H2020-MSCA-ITN-2020,natural sciences,early,0.308,2021-02-01,2025-02-28,CLOSED,False,,,,0,0,,False,public,https://zenodo.org/records/6538975,
10.5281/zenodo.6510184,DMP: Country Innovation Index Analysis,2022-05-01,No funder metadata,,,,,,unknown,,,,,False,,,,0,0,,False,public,https://zenodo.org/records/6510184,https://zenodo.org/api/records/6510184/files/DMP_Country Innovation Index Analysis.json/content
10.5281/zenodo.6510231,DMP: Planar Graph Classifier,2022-05-01,No funder metadata,,,,,,unknown,,,,,False,,,,0,0,,False,public,https://zenodo.org/records/6510231,
10.5281/zenodo.6508644,DOI - AutoML_for_Regression_tasks_30042022,2022-04-30,No funder metadata,,,,,,unknown,,,,,False,,,,0,0,,False,public,https://zenodo.org/records/6508644,
10.5281/zenodo.6505462,DMP: Performance comparison AutoML vs Hill-climbing and Simmulated Annealing,2022-04-29,No funder metadata,,,,,,unknown,,,,,False,,,,0,0,,False,public,https://zenodo.org/records/6505462,
10.5281/zenodo.6968531,D. Thomas: Translation Vibes and Obstacles,2022-04-28,No funder metadata,,,,,,unknown,,,,,False,,,,0,0,,False,public,https://zenodo.org/records/6968531,
10.5281/zenodo.6496559,"Supplementary Table for paper ""KH-type splicing regulatory protein KHSRP regulates monocytic differentiation through combining transcriptional and post-transcriptional mechanisms""",2022-04-27,No funder metadata,,,,,,unknown,,,,,False,,,,0,0,,False,public,https://zenodo.org/records/6496559,
10.5281/zenodo.6491625,Revised DMP - La Chouffe,2022-04-26,No funder metadata,,,,,,unknown,,,,,True,False,3,0,0,0,unknown,False,public,https://zenodo.org/records/6491625,https://zenodo.org/api/records/6491625/files/DMPnone2.json/content
10.5281/zenodo.6488297,DMP for OpeRaNew Project,2022-04-26,Horizon 2020,H2020,892230,OpeRaNew,H2020-MSCA-IF-2019,natural sciences,mid,0.497,2021-01-07,2023-08-18,CLOSED,False,,,,0,0,,False,public,https://zenodo.org/records/6488297,
10.5281/zenodo.6484756,Life Skills VR: Life Skills for Employment in COVID-19 Era through VR Innovation,2022-04-25,No funder metadata,,,,,,unknown,,,,,False,,,,0,0,,False,public,https://zenodo.org/records/6484756,
10.5281/zenodo.6480484,La Chouffe - Revised  DMP,2022-04-23,No funder metadata,,,,,,unknown,,,,,True,False,3,0,0,0,unknown,False,public,https://zenodo.org/records/6480484,https://zenodo.org/api/records/6480484/files/DMPnone1.json/content
10.5281/zenodo.6477107,SCICOMOVE Data Management Plan,2022-04-22,Horizon 2020,H2020,101007579,SciCoMove,H2020-MSCA-RISE-2020,natural sciences,early,0.244,2021-05-01,2025-04-30,CLOSED,False,,,,0,0,,True,public,https://zenodo.org/records/6477107,
10.5281/zenodo.6467730,Machine-actionable DMP: Performance Comparison of kNN and GD,2022-04-18,No funder metadata,,,,,,unknown,,,,,False,,,,0,0,,False,public,https://zenodo.org/records/6467730,https://zenodo.org/api/records/6467730/files/maDMP Performance Comparison of kNN and GD.json/content
10.5281/zenodo.6467719,DMP: Performance Comparison of kNN and GD,2022-04-18,No funder metadata,,,,,,unknown,,,,,False,,,,0,0,,False,public,https://zenodo.org/records/6467719,
10.5281/zenodo.6463020,"DMP du projet ANR ""PROSECO - PROduction SEnsible des projets urbains COntemporains. De la conception à l'expérience : enjeux environnementaux et politiques du sensible"" - Version initiale",2022-04-15,Other funder,,ANR-20-CE22-0002,PROSECO,,,unknown,,,,,False,,,,0,0,,False,public,https://zenodo.org/records/6463020,
10.5281/zenodo.6446816,EFFECT OF RESECTION OF ONE CM OF POSTERIOR END OF THE RIB DURING THORACOTOMY ON POSTOPERATIVE PAIN,2022-04-11,No funder metadata,,,,,,unknown,,,,,False,,,,0,0,,False,public,https://zenodo.org/records/6446816,
10.5281/zenodo.6454520,НІМЕЦЬКІ МУДРОСЛОВИ ПРО ЖІНКУ,2022-04-08,No funder metadata,,,,,,unknown,,,,,False,,,,0,0,,False,public,https://zenodo.org/records/6454520,
10.5281/zenodo.6421146,C0PEP0D projet - Data Management Plan,2022-04-07,No funder metadata,,,,,,unknown,,,,,False,,,,0,0,,False,public,https://zenodo.org/records/6421146,
10.5281/zenodo.6417354,Coverage of open citations in DOAJ journals,2022-04-06,No funder metadata,,,,,,unknown,,Fri Mar 04,Sat Mar 04,,True,False,2,0,0,0,unknown,False,public,https://zenodo.org/records/6417354,https://zenodo.org/api/records/6417354/files/DMPNone0.json/content
10.5281/zenodo.6411449,La Chouffe DMP New,2022-04-04,No funder metadata,,,,,,unknown,,,,,True,False,3,0,0,0,unknown,False,public,https://zenodo.org/records/6411449,https://zenodo.org/api/records/6411449/files/DMPnone0.json/content
10.5281/zenodo.6411382,La Chouffe DMP,2022-04-04,No funder metadata,,,,,,unknown,,,,,True,False,3,0,0,0,unknown,False,public,https://zenodo.org/records/6411382,https://zenodo.org/api/records/6411382/files/DMPnone0.json/content
10.5281/zenodo.6407114,DATA MANAGEMENT PLAN - INITIAL VERSION,2022-04-01,Horizon 2020,H2020,893629,AGATHOCLES,H2020-MSCA-IF-2019,humanities,early,0.166,2021-10-01,2024-09-30,CLOSED,False,,,,0,0,,False,public,https://zenodo.org/records/6407114,
10.5281/zenodo.6405761,D7.4 Data Management Plan,2022-04-01,Horizon 2020,H2020,101000751,MATS,H2020-RUR-2018-2020,agricultural sciences,early,0.214,2021-07-01,2024-12-31,CLOSED,False,,,,0,0,,False,public,https://zenodo.org/records/6405761,
10.5281/zenodo.13777381,Data Management Plan for CityCLIM Project created in OpenAire,2022-03-31,Horizon 2020,H2020,101036814,CityCLIM,H2020-LC-GD-2020,engineering and technology,early,0.165,2021-10-01,2024-09-30,CLOSED,True,False,12,0,0,0,unknown,False,public,https://zenodo.org/records/13777381,https://zenodo.org/api/records/13777381/files/DMPResearch_and_Innovation_Actions_RIA0.json/content
10.5281/zenodo.7945237,Data Management Plan – preliminary (M6),2022-03-31,Horizon 2020,H2020,101036814,CityCLIM,H2020-LC-GD-2020,engineering and technology,early,0.165,2021-10-01,2024-09-30,CLOSED,False,,,,0,0,,True,public,https://zenodo.org/records/7945237,
10.5281/zenodo.7726197,D1.2 Data Management Plan V1,2022-03-31,Horizon 2020,H2020,101017529,C-SCALE,H2020-INFRAEOSC-2018-2020,natural sciences,mid,0.453,2021-01-01,2023-09-30,CLOSED,False,,,,0,0,,False,public,https://zenodo.org/records/7726197,
10.5281/zenodo.6801045,"D8.6 - Data Management Plan, updated",2022-03-31,Horizon 2020,H2020,951908,eTryOn,H2020-ICT-2018-20,natural sciences,mid,0.665,2020-10-01,2022-12-31,CLOSED,False,,,,0,0,,True,public,https://zenodo.org/records/6801045,
10.5281/zenodo.6400415,Data Management Plan template,2022-03-31,Horizon 2020,H2020,115966,PREFER,H2020-JTI-IMI2-2015-05-two-stage,medical and health sciences,late,0.971,2016-10-01,2022-05-31,CLOSED,False,,,,0,0,,False,public,https://zenodo.org/records/6400415,
10.5281/zenodo.15189727,D1.6: Data management plan,2022-03-30,Horizon 2020,H2020,101003470,NextGEMS,H2020-LC-CLA-2018-2019-2020,natural sciences,early,0.144,2021-09-01,2025-08-31,CLOSED,False,,,,0,0,,True,public,https://zenodo.org/records/15189727,
10.5281/zenodo.7188120,Data Management Plan Year 2,2022-03-29,Horizon 2020,H2020,851703,MooringSense,H2020-LC-SC3-2018-2019-2020,engineering and technology,late,0.803,2019-11-01,2022-10-31,CLOSED,False,,,,0,0,,False,public,https://zenodo.org/records/7188120,
10.5281/zenodo.6380446,Constraining galaxy-halo connection with high-order statistics,2022-03-23,No funder metadata,,,,,,unknown,,,,,False,,,,0,0,,False,public,https://zenodo.org/records/6380446,
10.5281/zenodo.13986936,D11.12 Data Management Plan,2022-03-22,Horizon 2020,H2020,101000499,BIOVALUE,H2020-SFS-2018-2020,agricultural sciences,early,0.118,2021-10-01,2025-09-30,CLOSED,False,,,,0,0,,False,public,https://zenodo.org/records/13986936,
10.5281/zenodo.6373262,D8.1.2 -  Data Management Plan revision period 1,2022-03-21,Horizon 2020,H2020,824326,DIAMOND,H2020-MG-2018-2019-2020,natural sciences,late,1.041,2018-11-01,2022-01-31,CLOSED,False,,,,0,0,,False,public,https://zenodo.org/records/6373262,
10.5281/zenodo.17128360,Communications Policy - Australian Grasslands Initiative,2022-03-16,No funder metadata,,,,,,unknown,,,,,False,,,,0,0,,False,public,https://zenodo.org/records/17128360,
10.5281/zenodo.6352674,CŽV DMP Demo,2022-03-14,No funder metadata,,,,,,unknown,,,,,False,,,,0,0,,False,public,https://zenodo.org/records/6352674,
10.5281/zenodo.6341934,Differential Chaos Shift Keying-based Wireless Power Transfer over a Frequency Selective Channel,2022-03-09,Horizon 2020,H2020,819819,APOLLO,ERC-2018-COG,engineering and technology,mid,0.413,2019-07-01,2025-12-31,SIGNED,False,,,,0,0,,False,public,https://zenodo.org/records/6341934,
10.5281/zenodo.6656144,D1.2 Data Management Plan,2022-03-07,Horizon 2020,H2020,831558,FAIRsFAIR,H2020-INFRAEOSC-2018-2020,social sciences,late,1.006,2019-03-01,2022-02-28,CLOSED,False,,,,0,0,,False,public,https://zenodo.org/records/6656144,
10.5281/zenodo.6278561,ARTEMIS Data Management Plan,2022-03-04,Horizon 2020,H2020,101026073,ARTEMIS,H2020-MSCA-IF-2020,engineering and technology,early,0.246,2021-09-06,2023-09-05,TERMINATED,False,,,,0,0,,False,public,https://zenodo.org/records/6278561,
10.5281/zenodo.6327844,ePLANET D1.4 Data Management Plan,2022-03-04,Horizon 2020,H2020,101032450,ePLANET,H2020-LC-SC3-2018-2019-2020,,early,0.168,2021-09-01,2024-08-31,CLOSED,False,,,,0,0,,True,public,https://zenodo.org/records/6327844,
10.5281/zenodo.6321638,КОНЦЕПТУАЛЬНЫЕ ОБРАЗЫ В РОМАНЕ УЛУГБЕКА ХАМДАМА «БУНТ И СМИРЕНИЕ»,2022-03-02,No funder metadata,,,,,,unknown,,,,,False,,,,0,0,,False,public,https://zenodo.org/records/6321638,
10.5281/zenodo.8092788,Data Management Plan: Final Version,2022-03-01,No funder metadata,,,,,,unknown,,,,,False,,,,0,0,,False,public,https://zenodo.org/records/8092788,
10.5281/zenodo.6310721,D1.4 Intermediate Data Management Plan,2022-02-28,Horizon 2020,H2020,869366,ENVISION,H2020-SC5-2018-2019-2020,natural sciences,mid,0.46,2020-09-01,2023-11-30,CLOSED,False,,,,0,0,,False,public,https://zenodo.org/records/6310721,
10.5281/zenodo.7015191,D7.2 – DATA MANAGEMENT PLAN,2022-02-28,Horizon 2020,H2020,964808,StretchBio,H2020-FETOPEN-2018-2020,natural sciences,early,0.104,2021-09-01,2026-05-31,TERMINATED,False,,,,0,0,,False,public,https://zenodo.org/records/7015191,
10.5281/zenodo.6287709,KICHIK SANOAT ZONALARNI TASHKIL ETISH VA FAOLIYATINI OSHIRISH DAVR TALABI,2022-02-25,No funder metadata,,,,,,unknown,,,,,False,,,,0,0,,False,public,https://zenodo.org/records/6287709,
10.5281/zenodo.6286817,The Robotic Multi-Object Focal Plane System of the Dark Energy Spectroscopic Instrument (DESI),2022-02-25,No funder metadata,,,,,,unknown,,,,,False,,,,0,0,,False,public,https://zenodo.org/records/6286817,
10.5281/zenodo.7129061,D8.2 Data Management Plan,2022-02-24,Horizon 2020,H2020,101037090,ALTERNATIVE,H2020-LC-GD-2020,medical and health sciences,early,0.114,2021-10-01,2025-03-31,CLOSED,False,,,,0,0,,True,public,https://zenodo.org/records/7129061,
10.5281/zenodo.6088215,FAIR-Aware Additional guidance to the Science Europe DMP assessment rubric,2022-02-22,Horizon 2020,H2020,831558,FAIRsFAIR,H2020-INFRAEOSC-2018-2020,social sciences,late,0.995,2019-03-01,2022-02-28,CLOSED,False,,,,0,0,,False,public,https://zenodo.org/records/6088215,
10.5281/zenodo.6147066,"UX design como estratégia de mediação da informação: o uso do design thinking para impulsionar a satisfação de utilizadores, colaboradores e organizações",2022-02-18,No funder metadata,,,,,,unknown,,,,,False,,,,0,0,,False,public,https://zenodo.org/records/6147066,
10.5281/zenodo.13354576,ATMO-ACCESS D5.2 First version of Data management plan for data from TNA activities,2022-02-14,Horizon 2020,H2020,101008004,ATMO-ACCESS,H2020-INFRAIA-2018-2020,,early,0.194,2021-04-01,2025-09-30,SIGNED,False,,,,0,0,,False,public,https://zenodo.org/records/13354576,
10.5281/zenodo.6034593,SSHOC  Exploitation Plan,2022-02-10,Horizon 2020,H2020,823782,SSHOC,H2020-INFRAEOSC-2018-2020,humanities,late,0.935,2019-01-01,2022-04-30,CLOSED,False,,,,0,0,,False,public,https://zenodo.org/records/6034593,
10.5281/zenodo.6012212,SMLM temporary deposit,2022-02-07,No funder metadata,,,,,,unknown,,,,,False,,,,0,0,,False,public,https://zenodo.org/records/6012212,
10.5281/zenodo.5972961,LISTADAPT DMP,2022-02-04,Horizon 2020,H2020,773830,One Health EJP,H2020-SFS-2016-2017,medical and health sciences,late,0.713,2018-01-01,2023-09-30,CLOSED,False,,,,0,0,,False,public,https://zenodo.org/records/5972961,
10.5281/zenodo.5972934,RADAR Data Management Plan,2022-02-04,Horizon 2020,H2020,773830,One Health EJP,H2020-SFS-2016-2017,medical and health sciences,late,0.713,2018-01-01,2023-09-30,CLOSED,False,,,,0,0,,False,public,https://zenodo.org/records/5972934,
10.5281/zenodo.5958078,D6.2. DMP ‐ Data Management Plan (BEDYN),2022-02-03,Horizon 2020,H2020,886519,BEDYN,H2020-CS2-CFP10-2019-01,,mid,0.532,2020-07-01,2023-06-30,CLOSED,False,,,,0,0,,False,public,https://zenodo.org/records/5958078,
10.5281/zenodo.5955816,Satisfaction envers les rythmes scolaires : une adaptation du modèle SERVQUAL,2022-02-03,No funder metadata,,,,,,unknown,,,,,False,,,,0,0,,False,public,https://zenodo.org/records/5955816,
10.5281/zenodo.5992729,"Data Management Plan for Use Cases of the GeoKur Project  on suitability of global land use data to assess relationships between land use, degradation, pollination and human migration",2022-02-01,No funder metadata,,,,,,unknown,,,,,False,,,,0,0,,False,public,https://zenodo.org/records/5992729,
10.5281/zenodo.5925784,D1.5 Data Management Plan (3),2022-01-31,Horizon 2020,H2020,821964,BEACON,H2020-SPACE-2018-2020,natural sciences,late,1.0,2019-01-01,2022-01-31,CLOSED,False,,,,0,0,,False,public,https://zenodo.org/records/5925784,
10.5281/zenodo.5921735,Water Sentinels - Data Management Plan,2022-01-31,Horizon 2020,H2020,824603,ACTION,H2020-SwafS-2018-2020,social sciences,late,1.0,2019-02-01,2022-01-31,CLOSED,False,,,,0,0,,False,public,https://zenodo.org/records/5921735,
10.5281/zenodo.5921136,Mapping Mobility - Data Management Plan,2022-01-31,Horizon 2020,H2020,824603,ACTION,H2020-SwafS-2018-2020,social sciences,late,1.0,2019-02-01,2022-01-31,CLOSED,False,,,,0,0,,False,public,https://zenodo.org/records/5921136,
10.5281/zenodo.5731244,"Direito administrativo. São Paulo: PUCSP, 2022.",2022-01-28,No funder metadata,,,,,,unknown,,,,,False,,,,0,0,,False,public,https://zenodo.org/records/5731244,
10.5281/zenodo.5910635,The DESI PRObabilistic Value-Added Bright Galaxy Survey (PROVABGS) Mock Challenge,2022-01-27,No funder metadata,,,,,,unknown,,,,,False,,,,0,0,,False,public,https://zenodo.org/records/5910635,
10.5281/zenodo.5910673,Suivre des influenceurs sur les réseaux sociaux : une application de la théorie du comportement planifié en France,2022-01-27,No funder metadata,,,,,,unknown,,,,,False,,,,0,0,,False,public,https://zenodo.org/records/5910673,
10.5281/zenodo.5910646,Apprentissage des langues en grande surface. Une expérimentation au rayon fruits et légumes (enquête longitudinale),2022-01-27,No funder metadata,,,,,,unknown,,,,,False,,,,0,0,,False,public,https://zenodo.org/records/5910646,
10.5281/zenodo.5910622,Retour de l'uniforme au collège : impact des modalités sur l'acceptabilité par les jeunes,2022-01-27,No funder metadata,,,,,,unknown,,,,,False,,,,0,0,,False,public,https://zenodo.org/records/5910622,
10.5281/zenodo.5910274,Le paranormal : une enquête exploratoire en France,2022-01-27,No funder metadata,,,,,,unknown,,,,,False,,,,0,0,,False,public,https://zenodo.org/records/5910274,
10.5281/zenodo.5899954,Data Management Plan,2022-01-25,No funder metadata,,,,,,unknown,,,,,False,,,,0,0,,False,public,https://zenodo.org/records/5899954,
10.5281/zenodo.18364874,"Blue Bird Vision: Propuesta estratégica para la transformación del modelo comercial y de adopción en el segmento ELT, Young Adults, Mexico.",2022-01-25,No funder metadata,,,,,,unknown,,,,,False,,,,0,0,,False,public,https://zenodo.org/records/18364874,
10.5281/zenodo.5898668,DISCO2 STORE Data Management Plan,2022-01-24,Horizon 2020,H2020,101007851,DISCO2 STORE,H2020-MSCA-RISE-2020,natural sciences,early,0.21,2021-02-01,2025-09-30,SIGNED,False,,,,0,0,,False,public,https://zenodo.org/records/5898668,
10.5281/zenodo.5893847,D2.1 - DMP,2022-01-23,Horizon 2020,H2020,101018756,GTCLC-NEG,H2020-MSCA-IF-2020,engineering and technology,early,0.283,2021-07-01,2023-06-30,CLOSED,False,,,,0,0,,False,public,https://zenodo.org/records/5893847,
10.5281/zenodo.5909751,Intention de soutenir l'existence de phénomènes paranormaux : comparaisons exploratoires entre une approche psychosociologique versus marketing,2022-01-20,No funder metadata,,,,,,unknown,,,,,False,,,,0,0,,False,public,https://zenodo.org/records/5909751,
10.5281/zenodo.5909729,Consulter un guérisseur : une extension de la théorie du comportement planifié à l'identité en termes de spiritualité et aux intentions d'usage de médecines alternatives,2022-01-20,No funder metadata,,,,,,unknown,,,,,False,,,,0,0,,False,public,https://zenodo.org/records/5909729,
10.5281/zenodo.5875222,"Eficácia do Priming na Estimulação Magnética Transcraniana Repetitiva (EMTr) no tratamento adjuvante do Transtorno Obsessivo Compulsivo (TOC): ensaio clínico randomizado, duplo-cego e sham-controlado.",2022-01-19,No funder metadata,,,,,,unknown,,,,,False,,,,0,0,,False,public,https://zenodo.org/records/5875222,
10.5281/zenodo.5878296,Deliverable 1.10 Final version of the DMP,2022-01-19,Horizon 2020,H2020,817863,EURAKNOS,H2020-RUR-2018-2020,agricultural sciences,late,1.359,2019-01-01,2021-03-31,CLOSED,False,,,,0,0,,False,public,https://zenodo.org/records/5878296,
10.5281/zenodo.5845344,D2.4 - Data Management Plan v3,2022-01-13,Horizon 2020,H2020,769355,PIXEL,H2020-MG-2016-2017,engineering and technology,late,1.084,2018-05-01,2021-09-30,CLOSED,False,,,,0,0,,False,public,https://zenodo.org/records/5845344,
10.5281/zenodo.5841502,MADVIR DMP,2022-01-12,Horizon 2020,H2020,773830,One Health EJP,H2020-SFS-2016-2017,medical and health sciences,late,0.702,2018-01-01,2023-09-30,CLOSED,False,,,,0,0,,False,public,https://zenodo.org/records/5841502,
10.5281/zenodo.5841312,ARDIG DMP,2022-01-12,Horizon 2020,H2020,773830,One Health EJP,H2020-SFS-2016-2017,medical and health sciences,late,0.702,2018-01-01,2023-09-30,CLOSED,False,,,,0,0,,False,public,https://zenodo.org/records/5841312,
10.5281/zenodo.5841166,METASTAVA DMP,2022-01-12,Horizon 2020,H2020,773830,One Health EJP,H2020-SFS-2016-2017,medical and health sciences,late,0.702,2018-01-01,2023-09-30,CLOSED,False,,,,0,0,,False,public,https://zenodo.org/records/5841166,
10.5281/zenodo.5840430,AIRSAMPLE DMP,2022-01-12,Horizon 2020,H2020,773830,One Health EJP,H2020-SFS-2016-2017,medical and health sciences,late,0.702,2018-01-01,2023-09-30,CLOSED,False,,,,0,0,,False,public,https://zenodo.org/records/5840430,
10.5281/zenodo.5838519,INDEX: Vākāṭaka inscriptions,2022-01-11,Other EU,EC,609823,ASIA,,,unknown,,,,,False,,,,0,0,,False,public,https://zenodo.org/records/5838519,
10.5281/zenodo.5830770,Deliverable 1.6 Revised version of the DMP,2022-01-08,Horizon 2020,H2020,817863,EURAKNOS,H2020-RUR-2018-2020,agricultural sciences,late,1.345,2019-01-01,2021-03-31,CLOSED,False,,,,0,0,,False,public,https://zenodo.org/records/5830770,
10.5281/zenodo.5830756,Deliverable 1.3 Data Management Plan,2022-01-08,Horizon 2020,H2020,817863,EURAKNOS,H2020-RUR-2018-2020,agricultural sciences,late,1.345,2019-01-01,2021-03-31,CLOSED,False,,,,0,0,,False,public,https://zenodo.org/records/5830756,
10.5281/zenodo.5827114,GreenCharge Project Deliverable: D1.1 Data Management Plan,2022-01-07,Horizon 2020,H2020,769016,GreenCharge,H2020-MG-2016-2017,social sciences,late,0.959,2018-09-01,2022-02-28,CLOSED,False,,,,0,0,,True,public,https://zenodo.org/records/5827114,
10.5281/zenodo.6103164,XLS – D1.2: Data Management Plan – v1.3,2021-12-31,Horizon 2020,H2020,777431,XLS,H2020-INFRADEV-2016-2017,natural sciences,late,1.0,2018-01-01,2021-12-31,CLOSED,False,,,,0,0,,False,public,https://zenodo.org/records/6103164,
10.5281/zenodo.5808893,"Data for the ""Investigation of social media metrics with respect to demand modelling for promotional products""",2021-12-29,Other funder,,100018_176349,,,,unknown,,,,,False,,,,0,0,,False,public,https://zenodo.org/records/5808893,
10.5281/zenodo.5801838,Data Management Plan: Generic Template with Extension for High Performance Measurement and Computing,2021-12-23,No funder metadata,,,,,,unknown,,,,,False,,,,0,0,,False,public,https://zenodo.org/records/5801838,
10.5281/zenodo.5785696,VigilHate - VIGILANT CITIZENS AGAINST HATE: How to counter bystander apathy and increase citizens' commitment against online hate speech?,2021-12-16,No funder metadata,,,,,,unknown,,,,,False,,,,0,0,,False,public,https://zenodo.org/records/5785696,
10.5281/zenodo.5783833,INDEX: Gupta dynasty inscriptions,2021-12-15,Other EU,EC,609823,ASIA,,,unknown,,,,,False,,,,0,0,,False,public,https://zenodo.org/records/5783833,
10.5281/zenodo.5970387,D6.14 Data management report,2021-12-13,Horizon 2020,H2020,763959,MegaRoller,H2020-LCE-2016-2017,engineering and technology,late,0.987,2018-05-01,2021-12-31,CLOSED,False,,,,0,0,,True,public,https://zenodo.org/records/5970387,
10.5281/zenodo.5767392,Project DMP - IMPART,2021-12-08,Horizon 2020,H2020,773830,One Health EJP,H2020-SFS-2016-2017,medical and health sciences,mid,0.685,2018-01-01,2023-09-30,CLOSED,False,,,,0,0,,False,public,https://zenodo.org/records/5767392,
10.5281/zenodo.5750127,SCReLProg (Self and Co-regulation in e-Learning of Computer Programming),2021-12-02,No funder metadata,,,,,,unknown,,,,,False,,,,0,0,,False,public,https://zenodo.org/records/5750127,
10.5281/zenodo.5749514,Public Deliverable D7.3 Data Management Plan_ CHASS,2021-12-02,Horizon 2020,H2020,955839,CHASS,H2020-MSCA-ITN-2020,natural sciences,early,0.126,2021-06-01,2025-05-31,CLOSED,False,,,,0,0,,False,public,https://zenodo.org/records/5749514,
10.5281/zenodo.5795276,Data Management Plan v1,2021-12-01,Horizon 2020,H2020,101032024,Smart Fishways,H2020-MSCA-IF-2020,engineering and technology,early,0.108,2021-09-01,2023-12-21,CLOSED,False,,,,0,0,,False,public,https://zenodo.org/records/5795276,
10.5281/zenodo.14506057,Initial data management plan - Public summary,2021-11-30,Horizon 2020,H2020,101000570,VIRTIGATION,H2020-SFS-2018-2020,agricultural sciences,early,0.111,2021-06-01,2025-11-30,CLOSED,False,,,,0,0,,False,public,https://zenodo.org/records/14506057,
10.5281/zenodo.6496810,D7.2: DWC - Data Management Plan - M30 update,2021-11-30,Horizon 2020,H2020,820954,DWC,H2020-SC5-2018-2019-2020,natural sciences,late,0.714,2019-06-01,2022-11-30,CLOSED,False,,,,0,0,,False,public,https://zenodo.org/records/6496810,
10.5281/zenodo.5639428,DMP Template for facility users,2021-11-30,Horizon 2020,H2020,823852,PaNOSC,H2020-INFRAEOSC-2018-2020,natural sciences,late,0.75,2018-12-01,2022-11-30,CLOSED,False,,,,0,0,,False,public,https://zenodo.org/records/5639428,
10.5281/zenodo.5797977,"A Cross-Sectional Online Survey on Knowledge, Awareness, and Perceptions of Hollywood Smile Among the Saudi Arabia Population",2021-11-24,No funder metadata,,,,,,unknown,,,,,False,,,,0,0,,True,public,https://zenodo.org/records/5797977,
10.5281/zenodo.10523196,Handbook of good practices for FAIR data management,2021-11-15,No funder metadata,,,,,,unknown,,,,,False,,,,0,0,,False,public,https://zenodo.org/records/10523196,
10.5281/zenodo.18156792,Deliverable 1.15 Data Management Plan,2021-11-11,Horizon 2020,H2020,101021669,CYCLOPES,H2020-SU-SEC-2018-2019-2020,social sciences,early,0.106,2021-05-01,2026-04-30,SIGNED,False,,,,0,0,,False,public,https://zenodo.org/records/18156792,
10.5281/zenodo.5653655,JIP1-ORION Data Management Plan,2021-11-08,Horizon 2020,H2020,773830,One Health EJP,H2020-SFS-2016-2017,medical and health sciences,mid,0.671,2018-01-01,2023-09-30,CLOSED,False,,,,0,0,,False,public,https://zenodo.org/records/5653655,
10.5281/zenodo.5645350,Título do PGD,2021-11-04,No funder metadata,,,,,,unknown,,,,,False,,,,0,0,,False,public,https://zenodo.org/records/5645350,
10.5281/zenodo.5636122,D-JRP-NOVA Data management plan v3,2021-11-01,Horizon 2020,H2020,773830,One Health EJP,H2020-SFS-2016-2017,medical and health sciences,mid,0.667,2018-01-01,2023-09-30,CLOSED,False,,,,0,0,,False,public,https://zenodo.org/records/5636122,
10.5281/zenodo.6639553,Data Management Plan,2021-10-30,Horizon 2020,H2020,964591,SMART-electron,H2020-FETOPEN-2018-2020,natural sciences,early,0.125,2021-05-01,2025-04-30,CLOSED,False,,,,0,0,,False,public,https://zenodo.org/records/6639553,
10.5281/zenodo.5618750,DMP for Hugo Rubio's PhD project,2021-10-29,Horizon 2020,H2020,858358,LIKE,H2020-MSCA-ITN-2019,social sciences,mid,0.52,2019-10-01,2023-09-30,CLOSED,False,,,,0,0,,False,public,https://zenodo.org/records/5618750,
10.5281/zenodo.5613803,DMP of the MoMIR-PPC project,2021-10-29,Horizon 2020,H2020,773830,One Health EJP,H2020-SFS-2016-2017,medical and health sciences,mid,0.666,2018-01-01,2023-09-30,CLOSED,False,,,,0,0,,False,public,https://zenodo.org/records/5613803,
10.5281/zenodo.5602846,Update 1 of the  Data Management Plan,2021-10-27,Horizon 2020,H2020,862882,IN-FET,H2020-FETOPEN-2018-2020,natural sciences,mid,0.429,2020-01-01,2024-03-31,CLOSED,False,,,,0,0,,False,public,https://zenodo.org/records/5602846,
10.5281/zenodo.5600183,Facilitated Genome Editing as Responsible Research and Innovation,2021-10-26,Horizon 2020,H2020,765269,IMGENE,H2020-MSCA-ITN-2017,natural sciences,late,1.038,2017-09-01,2021-08-31,CLOSED,False,,,,0,0,,False,public,https://zenodo.org/records/5600183,
10.5281/zenodo.10423781,ERC Data Management Plan - Coevolution of Life and Planet: role of trace metal availability in the evolution of biogeochemically relevant redox metalloenzymes,2021-10-26,Horizon 2020,H2020,948972,COEVOLVE,ERC-2020-STG,natural sciences,early,0.089,2021-05-01,2026-10-31,SIGNED,False,,,,0,0,,False,public,https://zenodo.org/records/10423781,
10.5281/zenodo.5599151,"D2.1 - Data processing, Data Management Plan and GDPR compliance report",2021-10-26,Horizon 2020,H2020,101017549,GenoMed4ALL,H2020-SC1-FA-DTS-2018-2020,natural sciences,early,0.182,2021-01-01,2025-06-30,CLOSED,False,,,,0,0,,True,public,https://zenodo.org/records/5599151,
10.5281/zenodo.5597132,AD Scientific Index,2021-10-25,No funder metadata,,,,,,unknown,,,,,False,,,,0,0,,False,public,https://zenodo.org/records/5597132,
10.5281/zenodo.5582636,DEEPICE - Deliverable 5.4: Initial data management plan,2021-10-20,Horizon 2020,H2020,955750,DEEPICE,H2020-MSCA-ITN-2020,natural sciences,early,0.188,2021-01-01,2025-03-31,CLOSED,False,,,,0,0,,False,public,https://zenodo.org/records/5582636,
10.5281/zenodo.5569449,"BOW project, Deliverable 5.2 (D5.2)  -  Data Management Plan (DMP)",2021-10-14,Horizon 2020,H2020,952183,BOW,H2020-FETPROACT-2019-2020,natural sciences,early,0.238,2020-11-01,2024-10-31,CLOSED,False,,,,0,0,,False,public,https://zenodo.org/records/5569449,
10.5281/zenodo.5566592,OstData Datenmanagementpläne erstellen und pflegen,2021-10-13,No funder metadata,,,,,,unknown,,,,,False,,,,0,0,,False,public,https://zenodo.org/records/5566592,
10.5281/zenodo.5566546,Data Management Plan Diagram,2021-10-13,Horizon 2020,H2020,897906,FUNMAT,H2020-MSCA-IF-2019,natural sciences,early,0.214,2020-12-01,2024-12-18,CLOSED,False,,,,0,0,,False,public,https://zenodo.org/records/5566546,
10.5281/zenodo.5562249,UnLIR ANR PRoject,2021-10-11,No funder metadata,,,,,,unknown,,,,,False,,,,0,0,,False,public,https://zenodo.org/records/5562249,
10.5281/zenodo.5550515,WP9 - D9.2 - Data Management Plan,2021-10-05,Horizon 2020,H2020,101007973,FlyRadar,H2020-MSCA-RISE-2020,engineering and technology,early,0.15,2021-02-01,2025-07-31,CLOSED,False,,,,0,0,,False,public,https://zenodo.org/records/5550515,
10.5281/zenodo.5545975,PHEMTRONICS Open Research Data Pilot- Data Management Plan,2021-10-02,Horizon 2020,H2020,899598,PHEMTRONICS,H2020-FETOPEN-2018-2020,engineering and technology,mid,0.373,2020-06-01,2023-12-31,CLOSED,False,,,,0,0,,False,public,https://zenodo.org/records/5545975,
10.5281/zenodo.14620111,International Center for Ecological Civilization - Project Plan,2021-10-01,No funder metadata,,,,,,unknown,,,,,False,,,,0,0,,False,public,https://zenodo.org/records/14620111,
10.5281/zenodo.7985132,VITALISE D1.4 Data Management Plan,2021-09-30,Horizon 2020,H2020,101007990,VITALISE,H2020-INFRAIA-2018-2020,natural sciences,early,0.166,2021-04-01,2024-03-31,CLOSED,False,,,,0,0,,True,public,https://zenodo.org/records/7985132,
10.5281/zenodo.5534326,STIGMApro Survey,2021-09-28,No funder metadata,,,,,,unknown,,,,,False,,,,0,0,,False,public,https://zenodo.org/records/5534326,
10.5281/zenodo.7495990,D1.5 Updated Data Management Plan,2021-09-15,Horizon 2020,H2020,101007135,XROTOR,H2020-LC-SC3-2018-2019-2020,engineering and technology,early,0.212,2021-01-01,2024-04-30,CLOSED,False,,,,0,0,,False,public,https://zenodo.org/records/7495990,
10.5281/zenodo.5497853,BeONE: Initial Data Management Plan,2021-09-09,Horizon 2020,H2020,773830,One Health EJP,H2020-SFS-2016-2017,medical and health sciences,mid,0.642,2018-01-01,2023-09-30,CLOSED,False,,,,0,0,,False,public,https://zenodo.org/records/5497853,
10.5281/zenodo.5763388,"DMP OH-EJP, JRP5 TOX-DETECT",2021-09-09,Horizon 2020,H2020,773830,One Health EJP,H2020-SFS-2016-2017,medical and health sciences,mid,0.642,2018-01-01,2023-09-30,CLOSED,False,,,,0,0,,False,public,https://zenodo.org/records/5763388,
10.5281/zenodo.7457924,MEME DATA MANAGEMENT PLAN,2021-09-03,Horizon 2020,H2020,773830,One Health EJP,H2020-SFS-2016-2017,medical and health sciences,mid,0.639,2018-01-01,2023-09-30,CLOSED,False,,,,0,0,,False,public,https://zenodo.org/records/7457924,
10.5281/zenodo.6091414,D8.2. Data Management Plan,2021-08-31,Horizon 2020,H2020,964248,DeDNAed,H2020-FETOPEN-2018-2020,engineering and technology,early,0.143,2021-03-01,2024-08-31,CLOSED,False,,,,0,0,,False,public,https://zenodo.org/records/6091414,
10.5281/zenodo.5308169,"paperChain D09.5 - ""Final Data Management Plan""",2021-08-31,Horizon 2020,H2020,730305,PAPERCHAIN,H2020-IND-CE-2016-17,engineering and technology,late,1.0,2017-06-01,2021-08-31,CLOSED,False,,,,0,0,,False,public,https://zenodo.org/records/5308169,
10.5281/zenodo.10684211,Data Management Plan v1.0,2021-08-31,Horizon 2020,H2020,101006430,ROSiE,H2020-SwafS-2018-2020,social sciences,early,0.167,2021-03-01,2024-02-29,CLOSED,False,,,,0,0,,False,public,https://zenodo.org/records/10684211,
10.5281/zenodo.10556776,D1.4. Initial Data Management Plan,2021-08-31,Horizon 2020,H2020,957185,Mobius,H2020-ICT-2018-20,social sciences,early,0.167,2021-03-01,2024-02-29,CLOSED,False,,,,0,0,,True,public,https://zenodo.org/records/10556776,
10.5281/zenodo.5566786,"CLS INFRA D1.1 Data Management Plan and Open Research Data Pilot (V1, M6)",2021-08-31,Horizon 2020,H2020,101004984,CLS INFRA,H2020-INFRAIA-2018-2020,humanities,early,0.111,2021-03-01,2025-08-31,SIGNED,False,,,,0,0,,False,public,https://zenodo.org/records/5566786,
10.5281/zenodo.5343884,HealthyCloud Data Management Plan,2021-08-31,Horizon 2020,H2020,965345,HealthyCloud,H2020-SC1-BHC-2018-2020,natural sciences,early,0.182,2021-03-01,2023-11-30,CLOSED,False,,,,0,0,,False,public,https://zenodo.org/records/5343884,
10.5281/zenodo.5283832,Restart Data Workbench - DMP,2021-08-27,Horizon 2020,H2020,824603,ACTION,H2020-SwafS-2018-2020,social sciences,late,0.857,2019-02-01,2022-01-31,CLOSED,False,,,,0,0,,False,public,https://zenodo.org/records/5283832,
10.5281/zenodo.5255194,3Pi project - KU Leuven NBMSI Metadata Standard,2021-08-25,No funder metadata,,,,,,unknown,,,,,False,,,,0,0,,False,public,https://zenodo.org/records/5255194,
10.5281/zenodo.5182648,Data from Isla Natividad,2021-08-11,No funder metadata,,,,,,unknown,,,,,False,,,,0,0,,False,public,https://zenodo.org/records/5182648,
10.5281/zenodo.6602163,EGI-ACE D1.2 Data management plan,2021-08-04,Horizon 2020,H2020,101017567,EGI-ACE,H2020-INFRAEOSC-2018-2020,natural sciences,early,0.236,2021-01-01,2023-06-30,CLOSED,False,,,,0,0,,False,public,https://zenodo.org/records/6602163,
10.5281/zenodo.10670927,MobiDataLab D6.8 Initial Exploitation Plan,2021-07-30,Horizon 2020,H2020,101006879,MobiDataLab,H2020-MG-2018-2019-2020,social sciences,early,0.164,2021-02-01,2024-01-31,CLOSED,False,,,,0,0,,False,public,https://zenodo.org/records/10670927,
10.5281/zenodo.5148260,EN-TRACK Data Management Plan,2021-07-30,Horizon 2020,H2020,885395,EN-TRACK,H2020-LC-SC3-2018-2019-2020,natural sciences,early,0.212,2020-11-01,2024-04-30,CLOSED,False,,,,0,0,,True,public,https://zenodo.org/records/5148260,
10.5281/zenodo.5146076,D1.1 Data Management Plan,2021-07-29,Horizon 2020,H2020,870626,reCreating Europe,H2020-SC6-GOVERNANCE-2018-2019-2020,social sciences,mid,0.485,2020-01-01,2023-03-31,CLOSED,False,,,,0,0,,True,public,https://zenodo.org/records/5146076,
10.5281/zenodo.5141979,D6.2 Data Management Plan,2021-07-29,Horizon 2020,H2020,101005931,YOUCOUNT,H2020-SwafS-2018-2020,,early,0.163,2021-02-01,2024-01-31,CLOSED,False,,,,0,0,,False,public,https://zenodo.org/records/5141979,
10.5281/zenodo.7404615,D1.2 - Ethics handbook and data management plan,2021-07-28,Horizon 2020,H2020,872859,REINFORCE,H2020-SwafS-2018-2020,,mid,0.553,2019-12-01,2022-11-30,CLOSED,False,,,,0,0,,True,public,https://zenodo.org/records/7404615,
10.5281/zenodo.6801039,MobiDataLab D1.4 Data Management Plan V1,2021-07-27,Horizon 2020,H2020,101006879,MobiDataLab,H2020-MG-2018-2019-2020,social sciences,early,0.161,2021-02-01,2024-01-31,CLOSED,False,,,,0,0,,False,public,https://zenodo.org/records/6801039,
10.5281/zenodo.5139903,ELIXIR-CONVERGE D5.2 Report on the first two DMP processes,2021-07-27,Horizon 2020,H2020,871075,ELIXIR-CONVERGE,H2020-INFRADEV-2018-2020,,mid,0.425,2020-02-01,2023-07-31,CLOSED,False,,,,0,0,,False,public,https://zenodo.org/records/5139903,
10.5281/zenodo.5141876,Data Management Plan (COESO D.1.2),2021-07-16,Horizon 2020,H2020,101006325,COESO,H2020-SwafS-2018-2020,,early,0.179,2021-01-01,2023-12-31,CLOSED,False,,,,0,0,,False,public,https://zenodo.org/records/5141876,
10.5281/zenodo.5094337,D1 sensor design,2021-07-13,Other funder,,31003A_182263,,,,unknown,,,,,False,,,,0,0,,False,public,https://zenodo.org/records/5094337,
10.5281/zenodo.5079798,D1.1 Delivery of the Data Management Plan,2021-07-07,Horizon 2020,H2020,817806,SUMMER,H2020-BG-2018-2020,natural sciences,mid,0.37,2019-09-01,2024-08-31,CLOSED,False,,,,0,0,,False,public,https://zenodo.org/records/5079798,
10.5281/zenodo.5079396,"Projekto ""Lietuvos Seimo politinė darbotvarkė ir jos įrėminimas: 1990-2020 m. Seimo stenogramų analizė"" duomenų valdymo planas",2021-07-07,No funder metadata,,,,,,unknown,,,,,False,,,,0,0,,False,public,https://zenodo.org/records/5079396,
10.5281/zenodo.19366498,Manuscripts Digital documentation Using Decorative Bookbinding for Dating Medieval Manuscripts,2021-07-06,No funder metadata,,,,,,unknown,,,,,False,,,,0,0,,False,public,https://zenodo.org/records/19366498,
10.5281/zenodo.5075530,OpenAIRE-Nexus,2021-07-06,Horizon 2020,H2020,101017452,OpenAIRE Nexus,H2020-INFRAEOSC-2018-2020,,early,0.204,2021-01-01,2023-06-30,CLOSED,True,False,8,0,0,0,unknown,False,public,https://zenodo.org/records/5075530,https://zenodo.org/api/records/5075530/files/DMPOpenAIRE NEXUS0.json/content
10.5281/zenodo.5119138,D1.2 Initial Data Management Plan,2021-07-02,Horizon 2020,H2020,101017501,RELIANCE,H2020-INFRAEOSC-2018-2020,natural sciences,early,0.2,2021-01-01,2023-06-30,CLOSED,False,,,,0,0,,False,public,https://zenodo.org/records/5119138,
10.5281/zenodo.6963585,D7.1 First Data Management Plan,2021-06-30,Horizon 2020,H2020,101004746,Polifonia,H2020-SC6-TRANSFORMATIONS-2018-2019-2020,,early,0.148,2021-01-01,2024-04-30,CLOSED,False,,,,0,0,,False,public,https://zenodo.org/records/6963585,
10.5281/zenodo.5566526,Critical Making: Data Management Plan,2021-06-30,Horizon 2020,H2020,101006285,Critical Making,H2020-SwafS-2018-2020,medical and health sciences,early,0.198,2021-01-01,2023-06-30,CLOSED,False,,,,0,0,,True,public,https://zenodo.org/records/5566526,
10.5281/zenodo.11221304,D10.5 Data Management Plan,2021-06-30,Horizon 2020,H2020,101006817,AWARD,H2020-DT-ART-2018-2019-2020,engineering and technology,early,0.141,2021-01-01,2024-06-30,SIGNED,False,,,,0,0,,False,public,https://zenodo.org/records/11221304,
10.5281/zenodo.7600223,D8.7 Data management plan (M6),2021-06-30,Horizon 2020,H2020,871477,smashHit,H2020-ICT-2018-20,engineering and technology,mid,0.499,2020-01-01,2022-12-31,CLOSED,False,,,,0,0,,False,public,https://zenodo.org/records/7600223,
10.5281/zenodo.6967394,Data management plan,2021-06-30,Horizon 2020,H2020,101007135,XROTOR,H2020-LC-SC3-2018-2019-2020,engineering and technology,early,0.148,2021-01-01,2024-04-30,CLOSED,False,,,,0,0,,False,public,https://zenodo.org/records/6967394,
10.5281/zenodo.6876487,Data Management Plan 1st Update (CURE Deliverable D7.5),2021-06-30,Horizon 2020,H2020,870337,CURE,H2020-SPACE-2018-2020,engineering and technology,mid,0.449,2020-01-01,2023-04-30,CLOSED,False,,,,0,0,,False,public,https://zenodo.org/records/6876487,
10.5281/zenodo.6656076,Data Management Plan,2021-06-30,Horizon 2020,H2020,101007216,BEST4Hy,H2020-JTI-FCH-2020-1,engineering and technology,early,0.165,2021-01-01,2023-12-31,CLOSED,False,,,,0,0,,False,public,https://zenodo.org/records/6656076,
10.5281/zenodo.6373077,D7.3 - Data Management Plan,2021-06-30,Horizon 2020,H2020,101016577,AI-SPRINT,H2020-ICT-2018-20,natural sciences,early,0.165,2021-01-01,2023-12-31,CLOSED,False,,,,0,0,,True,public,https://zenodo.org/records/6373077,
10.5281/zenodo.6078330,CoActD1.3: Revised Data Management Plan,2021-06-30,Horizon 2020,H2020,873048,CoAct,H2020-SwafS-2018-2020,,mid,0.499,2020-01-01,2022-12-31,CLOSED,False,,,,0,0,,False,public,https://zenodo.org/records/6078330,
10.5281/zenodo.5047766,Mapping Across OpenAIRE And Argos Data Models And The DMP Common Standard,2021-06-30,Horizon 2020,H2020,777541,OpenAIRE-Advance,H2020-EINFRA-2016-2017,,late,1.106,2018-01-01,2021-02-28,CLOSED,False,,,,0,0,,False,public,https://zenodo.org/records/5047766,
10.5281/zenodo.8305358,UNITE.H2020_D1.1 - Data Management Plan,2021-06-29,Horizon 2020,H2020,101017408,UNITE.H2020,H2020-IBA-SwafS-Support-1-2020,,early,0.164,2021-01-01,2023-12-31,CLOSED,False,,,,0,0,,False,public,https://zenodo.org/records/8305358,
10.5281/zenodo.14536068,D1.4 Data Management Plan and Quality Assurance Plan,2021-06-29,Horizon 2020,H2020,101000832,MAELSTROM,H2020-FNR-2020,engineering and technology,early,0.123,2021-01-01,2024-12-31,CLOSED,False,,,,0,0,,False,public,https://zenodo.org/records/14536068,
10.5281/zenodo.5095495,"SIMCor. Deliverable 3.2: Data management plan (LYN, M6)",2021-06-24,Horizon 2020,H2020,101017578,SIMCOR,H2020-SC1-DTH-2018-2020,engineering and technology,early,0.136,2021-01-01,2024-06-30,CLOSED,False,,,,0,0,,True,public,https://zenodo.org/records/5095495,
10.5281/zenodo.4972582,EURHISFIRM D1.9: Final Data Management Plan,2021-06-15,Horizon 2020,H2020,777489,EURHISFIRM,H2020-INFRADEV-2016-2017,social sciences,late,0.987,2018-04-01,2021-06-30,CLOSED,False,,,,0,0,,False,public,https://zenodo.org/records/4972582,
10.5281/zenodo.4925652,"D1.6 MeMAD Data Management Plan, update 2",2021-06-11,Horizon 2020,H2020,780069,MeMAD,H2020-ICT-2016-2017,natural sciences,late,1.061,2018-01-01,2021-03-31,CLOSED,False,,,,0,0,,False,public,https://zenodo.org/records/4925652,
10.5281/zenodo.4928592,Classes of errors in DOI names (Data Management Plan),2021-06-09,No funder metadata,,,,,,unknown,,,,,True,False,2,0,0,0,unknown,False,public,https://zenodo.org/records/4928592,https://zenodo.org/api/records/4928592/files/Classes of errors in DOI names (Data Management Plan).json/content
10.5281/zenodo.5520597,Data Management Plan,2021-06-07,Horizon 2020,H2020,764859,POEM,H2020-MSCA-ITN-2017,social sciences,late,0.708,2018-04-01,2022-09-30,CLOSED,False,,,,0,0,,False,public,https://zenodo.org/records/5520597,
10.5281/zenodo.4900110,MOAP Horizon 2020 Data Management Plan,2021-06-04,No funder metadata,,,,,,unknown,,,,,False,,,,0,0,,False,public,https://zenodo.org/records/4900110,
10.5281/zenodo.4897366,D4.7- Guidelines for DMP implementation,2021-06-03,Horizon 2020,H2020,773830,One Health EJP,H2020-SFS-2016-2017,medical and health sciences,mid,0.595,2018-01-01,2023-09-30,CLOSED,False,,,,0,0,,False,public,https://zenodo.org/records/4897366,
10.5281/zenodo.4897352,D4.4- Data management plan,2021-06-03,Horizon 2020,H2020,773830,One Health EJP,H2020-SFS-2016-2017,medical and health sciences,mid,0.595,2018-01-01,2023-09-30,CLOSED,False,,,,0,0,,False,public,https://zenodo.org/records/4897352,
10.5281/zenodo.4892472,Datenmanagementplan (DMP) für Forschungsdaten in der Theologie. Eine Vorlage insb. für Forschende an der Universität Luzern,2021-06-02,No funder metadata,,,,,,unknown,,,,,False,,,,0,0,,False,public,https://zenodo.org/records/4892472,
10.5281/zenodo.7015039,Deliverable 1.8 Data Management Plan V2,2021-05-31,Horizon 2020,H2020,727890,INTAROS,H2020-BG-2016-2017,natural sciences,late,0.857,2016-12-01,2022-02-28,CLOSED,False,,,,0,0,,False,public,https://zenodo.org/records/7015039,
10.5281/zenodo.11403040,Data Management Plan,2021-05-28,Horizon 2020,H2020,101016923,CRIMSON,H2020-ICT-2018-20,natural sciences,early,0.139,2020-12-01,2024-05-31,CLOSED,False,,,,0,0,,False,public,https://zenodo.org/records/11403040,
10.5281/zenodo.4814660,Content validity form,2021-05-26,No funder metadata,,,,,,unknown,,,,,False,,,,0,0,,False,public,https://zenodo.org/records/4814660,
10.5281/zenodo.4773239,Data Management Plan for MONPLAS ESR3,2021-05-24,No funder metadata,,,,,,unknown,,,,,False,,,,0,0,,False,public,https://zenodo.org/records/4773239,
10.5281/zenodo.4778740,DATA ANALYSIS REPORT ON EFFECT OF PREGNANCY AND NEWBORN CASES DUE TO COVID 19,2021-05-21,No funder metadata,,,,,,unknown,,,,,False,,,,0,0,,False,public,https://zenodo.org/records/4778740,
10.5281/zenodo.4778206,Fast and specific detection of micro and nano plastic by flowthrough plasmonic sensing - Initial DMP,2021-05-21,Horizon 2020,H2020,860775,MONPLAS,H2020-MSCA-ITN-2019,natural sciences,early,0.326,2020-01-01,2024-03-31,CLOSED,False,,,,0,0,,False,public,https://zenodo.org/records/4778206,
10.5281/zenodo.4771101,"Initial Version of the Data Management Plan for the PhD project ""Occurrence, formation and fate of micro- and nanoplastics in drinking water treatment and distribution system""",2021-05-18,Horizon 2020,H2020,860775,MONPLAS,H2020-MSCA-ITN-2019,natural sciences,early,0.324,2020-01-01,2024-03-31,CLOSED,False,,,,0,0,,False,public,https://zenodo.org/records/4771101,
10.5281/zenodo.4768362,Appendix-II: Linking climate change vulnerability and perception of people in mountain communities,2021-05-17,No funder metadata,,,,,,unknown,,,,,False,,,,0,0,,False,public,https://zenodo.org/records/4768362,
10.5281/zenodo.4757601,Data Management Plan - Possibility Spaces and Possible Things,2021-05-13,No funder metadata,,,,,,unknown,,,,,False,,,,0,0,,False,public,https://zenodo.org/records/4757601,
10.5281/zenodo.10784806,ASPECTS Data Management Plan,2021-05-01,Horizon Europe,HORIZON,101080167,ASPECTS,HORIZON-CL4-2021-DIGITAL-EMERGING-02,,pre-start,-0.376,2022-11-01,2026-10-31,SIGNED,False,,,,0,0,,False,public,https://zenodo.org/records/10784806,
10.5281/zenodo.4730286,"Data Management Plan of the project ""Nanoparticle Enhanced Hadron-Therapy: a Comprehensive Mechanistic description (NanoEnHanCeMent)""",2021-04-30,Horizon 2020,H2020,840752,NanoEnHanCeMent,H2020-MSCA-IF-2018,medical and health sciences,early,0.247,2020-11-01,2022-10-31,TERMINATED,False,,,,0,0,,False,public,https://zenodo.org/records/4730286,
10.5281/zenodo.10576188,D1.4 Data Management Plan - Year 1,2021-04-30,Horizon 2020,H2020,101016687,AfriConEU,H2020-ICT-2018-20,social sciences,early,0.08,2021-02-01,2024-01-31,CLOSED,False,,,,0,0,,False,public,https://zenodo.org/records/10576188,
10.5281/zenodo.7509693,D8.2 Data Management Plan,2021-04-30,Horizon 2020,H2020,818496,PoliRural,H2020-RUR-2018-2020,natural sciences,mid,0.574,2019-06-01,2022-09-30,CLOSED,False,,,,0,0,,False,public,https://zenodo.org/records/7509693,
10.5281/zenodo.6782289,LimnoPlast project: DATA MANAGEMENT PLAN (final version),2021-04-30,Horizon 2020,H2020,860720,LimnoPlast,H2020-MSCA-ITN-2019,natural sciences,mid,0.359,2019-11-01,2023-12-31,CLOSED,False,,,,0,0,,False,public,https://zenodo.org/records/6782289,
10.5281/zenodo.6779396,SCALIBUR D1.2 Data management plan,2021-04-30,Horizon 2020,H2020,817788,SCALIBUR,H2020-SFS-2018-2020,engineering and technology,mid,0.624,2018-11-01,2022-10-31,CLOSED,False,,,,0,0,,False,public,https://zenodo.org/records/6779396,
10.5281/zenodo.6655830,D2.2 – Data Management Plan,2021-04-30,Horizon 2020,H2020,957258,ASSIST-IoT,H2020-ICT-2018-20,social sciences,early,0.144,2020-11-01,2024-03-31,CLOSED,False,,,,0,0,,False,public,https://zenodo.org/records/6655830,
10.5281/zenodo.5094961,D8.2 Data Management Plan,2021-04-29,Horizon 2020,H2020,952002,PrismArch,H2020-ICT-2018-20,natural sciences,early,0.218,2020-11-01,2023-01-31,CLOSED,False,,,,0,0,,True,public,https://zenodo.org/records/5094961,
10.5281/zenodo.4723656,Classes of errors in DOI names (Revised Version of Data Management Plan),2021-04-27,No funder metadata,,,,,,unknown,,,,,True,False,2,2,0,0,unknown,False,public,https://zenodo.org/records/4723656,https://zenodo.org/api/records/4723656/files/DMPOpen Science Project 202020210 (2).json/content
10.5281/zenodo.4723603,Classes of errors in DOI names (Revised Version of Data Management Plan),2021-04-27,No funder metadata,,,,,,unknown,,,,,False,,,,0,0,,False,public,https://zenodo.org/records/4723603,
10.5281/zenodo.4782410,ПРОБЛЕМИ МІЖКУЛЬТУРНОЇ АДАПТАЦІЇ ІНОЗЕМНИХ СТУДЕНТІВ,2021-04-23,No funder metadata,,,,,,unknown,,,,,False,,,,0,0,,False,public,https://zenodo.org/records/4782410,
10.5281/zenodo.4710327,Data Management Plan - Analyzing Diversity Efforts in Public Radio Organizations - A comparative approach to performance standards in the workplace,2021-04-22,No funder metadata,,,,,,unknown,,,,,False,,,,0,0,,False,public,https://zenodo.org/records/4710327,
10.5281/zenodo.4701593,Machine-actionable DMP: Effects of scaling when modeling with KNN,2021-04-20,No funder metadata,,,,,,unknown,,,,,True,True,5,5,0,0,no,False,public,https://zenodo.org/records/4701593,https://zenodo.org/api/records/4701593/files/maDMP.json/content
10.5281/zenodo.4704920,Data Management Plan,2021-04-20,Horizon 2020,H2020,893206,BUBBLES,H2020-SESAR-2019-2,natural sciences,mid,0.388,2020-05-01,2022-10-31,CLOSED,False,,,,0,0,,False,public,https://zenodo.org/records/4704920,
10.5281/zenodo.4701690,Machine-actionable DMP: Influenza predictions,2021-04-19,No funder metadata,,,,,,late,1.0,2021-04-05,2021-04-19,,True,True,2,2,0,0,no,False,public,https://zenodo.org/records/4701690,https://zenodo.org/api/records/4701690/files/maDMP.json/content
10.5281/zenodo.4701637,DMP: Impact of social media on suicide rates,2021-04-19,No funder metadata,,,,,,unknown,,,,,False,,,,0,0,,False,public,https://zenodo.org/records/4701637,
10.5281/zenodo.4701512,Machine-actionable DMP: Performance Comparison of kNN and GD,2021-04-19,No funder metadata,,,,,,late,6.2,2020-11-15,2020-12-10,,True,True,5,2,0,0,no,False,public,https://zenodo.org/records/4701512,https://zenodo.org/api/records/4701512/files/maDMP.json/content
10.5281/zenodo.4701309,DMP: Investigate the Effects of Lockdowns on COVID-19 Cases,2021-04-19,No funder metadata,,,,,,unknown,,,,,False,,,,0,0,,False,public,https://zenodo.org/records/4701309,
10.5281/zenodo.4701272,Machine-actionable DMP: Analysis of Correlation Between GDP per Capita and Average Height of Young Adults in 2019 in 164 Countries,2021-04-19,No funder metadata,,,,,,unknown,,,,,False,,,,0,0,,False,public,https://zenodo.org/records/4701272,https://zenodo.org/api/records/4701272/files/maDMP.json/content
10.5281/zenodo.4701260,DMP: Analysis of Correlation Between GDP per Capita and Average Height of Young Adults in 2019 in 164 Countries,2021-04-19,No funder metadata,,,,,,unknown,,,,,False,,,,0,0,,False,public,https://zenodo.org/records/4701260,
10.5281/zenodo.4701164,DMP: Performance Comparison of kNN and GD,2021-04-19,No funder metadata,,,,,,unknown,,,,,False,,,,0,0,,False,public,https://zenodo.org/records/4701164,
10.5281/zenodo.4700619,Machine-actionable DMP: Effect of suicide rates on life expectancy,2021-04-19,No funder metadata,,,,,,unknown,,,,,False,,,,0,0,,False,public,https://zenodo.org/records/4700619,
10.5281/zenodo.4700470,maDMP Testing the Oswald Hypothesis with European Country-Level Data,2021-04-19,No funder metadata,,,,,,unknown,,,,,True,True,1,0,0,0,no,False,public,https://zenodo.org/records/4700470,https://zenodo.org/api/records/4700470/files/maDMP.json/content
10.5281/zenodo.4700472,maDMP: Comparison between the actual Federal Funds Rate and the Interest Rate suggested by the Taylor Rule,2021-04-19,No funder metadata,,,,,,unknown,,,,,False,,,,0,0,,False,public,https://zenodo.org/records/4700472,https://zenodo.org/api/records/4700472/files/maDMP2.json/content
10.5281/zenodo.4699885,DMP: Correlating World Conflict with Local Economy Growth,2021-04-19,No funder metadata,,,,,,late,1.0,2021-04-01,2021-04-19,,True,True,4,6,0,0,no,False,public,https://zenodo.org/records/4699885,https://zenodo.org/api/records/4699885/files/data-management-plan.json/content
10.5281/zenodo.4699818,DMP: Correlating World Conflict with Local Economy Growth,2021-04-19,No funder metadata,,,,,,unknown,,,,,False,,,,0,0,,False,public,https://zenodo.org/records/4699818,
10.5281/zenodo.4702094,maDMP JSON for Covid Analysis Project,2021-04-19,No funder metadata,,,,,,unknown,,,,,False,,,,0,0,,False,public,https://zenodo.org/records/4702094,https://zenodo.org/api/records/4702094/files/maDMP.json/content
10.5281/zenodo.4701948,Machine-actionable DMP: Impact of social media on suicide rates,2021-04-18,No funder metadata,,,,,,unknown,,,,,False,,,,0,0,,False,public,https://zenodo.org/records/4701948,https://zenodo.org/api/records/4701948/files/madmp.json/content
10.5281/zenodo.4701457,DMP: Effects of scaling when modeling with KNN,2021-04-18,No funder metadata,,,,,,unknown,,,,,False,,,,0,0,,False,public,https://zenodo.org/records/4701457,
10.5281/zenodo.4699321,DMP: Comparison between the actual Federal Funds Rate and the Interest Rate suggested by the Taylor Rule,2021-04-18,No funder metadata,,,,,,unknown,,,,,False,,,,0,0,,False,public,https://zenodo.org/records/4699321,
10.5281/zenodo.4699310,DMP Testing the Oswald Hypothesis with European Country-Level Data,2021-04-18,No funder metadata,,,,,,unknown,,,,,False,,,,0,0,,False,public,https://zenodo.org/records/4699310,
10.5281/zenodo.4699185,Machine-actionable DMP:  Analysis of Performances of kNN and Random Forest,2021-04-18,No funder metadata,,,,,,late,5.968,2020-10-15,2020-11-15,,True,True,4,2,0,0,no,False,public,https://zenodo.org/records/4699185,https://zenodo.org/api/records/4699185/files/Ex1_3_Staudinger.json/content
10.5281/zenodo.4699172,DMP: Influenza predictions,2021-04-18,No funder metadata,,,,,,unknown,,,,,False,,,,0,0,,False,public,https://zenodo.org/records/4699172,
10.5281/zenodo.4698936,Machine-actionable DMP: Influence of sunshine on GDP per capita,2021-04-18,No funder metadata,,,,,,late,0.909,2021-04-08,2021-04-19,,True,True,7,10,0,0,no,False,public,https://zenodo.org/records/4698936,https://zenodo.org/api/records/4698936/files/gdp_sunshine-maDMP.json/content
10.5281/zenodo.4699051,DMP: Analysis of Performances of kNN and Random Forest,2021-04-17,No funder metadata,,,,,,unknown,,,,,False,,,,0,0,,False,public,https://zenodo.org/records/4699051,
10.5281/zenodo.4699014,Machine-actionable DMP: Correlation of GDP and fertility rate,2021-04-17,No funder metadata,,,,,,mid,0.6,2021-04-14,2021-04-19,,True,True,3,5,0,0,no,True,public,https://zenodo.org/records/4699014,https://zenodo.org/api/records/4699014/files/gdp_fertility_madmp.json/content
10.5281/zenodo.4698519,DMP: Correlation of GDP and fertility rate,2021-04-17,No funder metadata,,,,,,unknown,,,,,False,,,,0,0,,False,public,https://zenodo.org/records/4698519,
10.5281/zenodo.4698514,DMP: Influence of sunshine on GDP per capita,2021-04-17,No funder metadata,,,,,,unknown,,,,,False,,,,0,0,,False,public,https://zenodo.org/records/4698514,
10.5281/zenodo.4697454,Original data for publication: Combined spectroscopic studies on post-functionalized Au25 cluster as an ATR-FTIR sensor for cations,2021-04-16,No funder metadata,,,,,,unknown,,,,,False,,,,0,0,,False,public,https://zenodo.org/records/4697454,
10.5281/zenodo.4697400,Publishing Reproducible Research Outputs - Data Management Plan,2021-04-16,No funder metadata,,,,,,unknown,,,,,False,,,,0,0,,False,public,https://zenodo.org/records/4697400,
10.5281/zenodo.4696250,DMP: Effect of suicide rates on life expectancy,2021-04-16,No funder metadata,,,,,,unknown,,,,,False,,,,0,0,,False,public,https://zenodo.org/records/4696250,
10.5281/zenodo.4696240,DMP: Analysis of correspondence between real-world football players' statistics and FIFA players' values and rating,2021-04-16,No funder metadata,,,,,,unknown,,,,,False,,,,0,0,,False,public,https://zenodo.org/records/4696240,
10.5281/zenodo.4697662,Machine-actionable DMP: Analysis of correspondence between realworld football players' statistics and FIFA players' values and rating,2021-04-16,No funder metadata,,,,,,unknown,,,,,False,,,,0,0,,False,public,https://zenodo.org/records/4697662,https://zenodo.org/api/records/4697662/files/Analysis_of_correspondence_between_real-world_football_players'_statistics_and_FIFA_players'_values_maDMP.json/content
10.5281/zenodo.4688735,Machine-actionable DMP: Analysis of correlation between meat consumption and number of lung cancer deaths in Romania,2021-04-14,No funder metadata,,,,,,unknown,,,,,True,True,2,2,0,0,no,False,public,https://zenodo.org/records/4688735,https://zenodo.org/api/records/4688735/files/maDMP.json/content
10.5281/zenodo.4683415,CINECA Data Management Plan v2,2021-04-13,Horizon 2020,H2020,825775,CINECA,H2020-SC1-BHC-2018-2020,natural sciences,mid,0.508,2019-01-01,2023-06-30,CLOSED,False,,,,0,0,,True,public,https://zenodo.org/records/4683415,
10.5281/zenodo.5075263,Investigating Missing Citations in COCI,2021-04-08,No funder metadata,,,,,,unknown,,,,,True,False,2,0,0,0,unknown,False,public,https://zenodo.org/records/5075263,https://zenodo.org/api/records/5075263/files/DMPOpen Science Project.json/content
10.5281/zenodo.4667792,"Machine-actionable DMP: Progression of Revenue and IMDb Score of Oscar ""Best Picture"" Winners From 1986 Until 2016",2021-04-06,No funder metadata,,,,,,mid,0.618,2021-03-16,2021-04-19,,True,True,1,3,0,0,no,True,public,https://zenodo.org/records/4667792,https://zenodo.org/api/records/4667792/files/omrsp-madmp.json/content
10.5281/zenodo.4667791,"DMP: Progression of Revenue and IMDb Score of Oscar ""Best Picture"" Winners From 1986 Until 2016",2021-04-06,No funder metadata,,,,,,unknown,,,,,False,,,,0,0,,False,public,https://zenodo.org/records/4667791,
10.5281/zenodo.4723934,Classes of errors in DOI names,2021-04-05,No funder metadata,,,,,,unknown,,,,,True,False,2,2,0,0,unknown,False,public,https://zenodo.org/records/4723934,https://zenodo.org/api/records/4723934/files/DMPOpen Science Project 202020210 (2).json/content
10.5281/zenodo.6884816,BY-COVID - D8.2 - Data Management Plan,2021-03-31,Horizon Europe,HORIZON,101046203,BY-COVID,HORIZON-INFRA-2021-EMERGENCY-01,medical and health sciences,pre-start,-0.168,2021-10-01,2024-09-30,SIGNED,False,,,,0,0,,True,public,https://zenodo.org/records/6884816,
10.5281/zenodo.6772794,HOOP D1.2 Data Management Plan,2021-03-30,Horizon 2020,H2020,101000836,HOOP,H2020-FNR-2020,social sciences,early,0.11,2020-10-01,2025-03-31,CLOSED,False,,,,0,0,,True,public,https://zenodo.org/records/6772794,
10.5281/zenodo.5503931,Pure Project Data Management Plan,2021-03-30,Horizon 2020,H2020,899732,PURE,H2020-FETOPEN-2018-2020,engineering and technology,early,0.11,2020-10-01,2025-03-31,CLOSED,False,,,,0,0,,False,public,https://zenodo.org/records/5503931,
10.5281/zenodo.7895414,D7.1 iNGENIOUS Data management plan,2021-03-26,Horizon 2020,H2020,957216,iNGENIOUS,H2020-ICT-2018-20,natural sciences,early,0.193,2020-10-01,2023-03-31,CLOSED,False,,,,0,0,,False,public,https://zenodo.org/records/7895414,
10.5281/zenodo.4631739,RARAA_DMP,2021-03-23,No funder metadata,,,,,,unknown,,,,,False,,,,0,0,,False,public,https://zenodo.org/records/4631739,
10.5281/zenodo.6425432,Data Management Plan under the H2020 Open Research Data Pilot,2021-03-21,Horizon 2020,H2020,727891,FarFish,H2020-SFS-2016-2017,social sciences,late,0.845,2017-06-01,2021-11-30,CLOSED,False,,,,0,0,,False,public,https://zenodo.org/records/6425432,
10.5281/zenodo.4603490,Water Pollution Governance in Lake Titicaca: Creating Political Spaces of Democratization,2021-03-14,No funder metadata,,,,,,unknown,,,,,False,,,,0,0,,False,public,https://zenodo.org/records/4603490,
10.5281/zenodo.4603193,Data Management plan for Text Analysis of Taldash (GAL) in Support of Nuu-wee-ya' Language Revitalization: Indigenous-based linguistic analysis and methodological reflections,2021-03-13,No funder metadata,,,,,,unknown,,,,,False,,,,0,0,,False,public,https://zenodo.org/records/4603193,
10.5281/zenodo.4596875,"Tracing the Quality of Public Childcare in the Neighborhoods of Chennai, India",2021-03-11,No funder metadata,,,,,,unknown,,,,,False,,,,0,0,,False,public,https://zenodo.org/records/4596875,
10.5281/zenodo.7163625,NAUTILOS D1.3 - Data Management Plan,2021-03-09,Horizon 2020,H2020,101000825,NAUTILOS,H2020-BG-2018-2020,engineering and technology,early,0.092,2020-10-01,2025-06-30,CLOSED,False,,,,0,0,,False,public,https://zenodo.org/records/7163625,
10.5281/zenodo.5341614,D8.6 REGEN-BY-2 Data Management Plan,2021-03-05,Horizon 2020,H2020,851541,REGEN-BY-2,H2020-LC-SC3-2018-2019-2020,,early,0.092,2020-09-01,2026-02-28,SIGNED,False,,,,0,0,,False,public,https://zenodo.org/records/5341614,
10.5281/zenodo.4911560,Data Management Plan of TREAL Clean Sky 2 European Project,2021-03-04,Horizon 2020,H2020,864723,TREAL,H2020-CS2-CFP09-2018-02,,mid,0.407,2019-10-01,2023-03-31,CLOSED,False,,,,0,0,,False,public,https://zenodo.org/records/4911560,
10.5281/zenodo.8178566,METICOS Deliverable D2.2 Data Management Plan,2021-03-03,Horizon 2020,H2020,883075,METICOS,H2020-SU-SEC-2018-2019-2020,natural sciences,early,0.158,2020-09-01,2023-10-31,CLOSED,False,,,,0,0,,False,public,https://zenodo.org/records/8178566,
10.5281/zenodo.4584526,ENVRI-FAIR D1.5: 2nd Updated Data Management Plan,2021-03-01,Horizon 2020,H2020,824068,ENVRI-FAIR,H2020-INFRAEOSC-2018-2020,social sciences,mid,0.481,2019-01-01,2023-06-30,CLOSED,False,,,,0,0,,True,public,https://zenodo.org/records/4584526,
10.5281/zenodo.6121858,D1.3 Initial Data Management Plan,2021-02-28,Horizon 2020,H2020,869366,ENVISION,H2020-SC5-2018-2019-2020,natural sciences,early,0.152,2020-09-01,2023-11-30,CLOSED,False,,,,0,0,,False,public,https://zenodo.org/records/6121858,
10.5281/zenodo.5503581,AtlantECO Deliverable - D10.1 - Data Management Plan,2021-02-28,Horizon 2020,H2020,862923,AtlantECO,H2020-BG-2018-2020,natural sciences,early,0.09,2020-09-01,2026-02-28,SIGNED,False,,,,0,0,,False,public,https://zenodo.org/records/5503581,
10.5281/zenodo.4662749,D1.4 Data Management Plan (2),2021-02-28,Horizon 2020,H2020,821964,BEACON,H2020-SPACE-2018-2020,natural sciences,late,0.701,2019-01-01,2022-01-31,CLOSED,False,,,,0,0,,False,public,https://zenodo.org/records/4662749,
10.5281/zenodo.4568266,Policy for processing data access requests,2021-02-27,No funder metadata,,,,,,unknown,,,,,False,,,,0,0,,False,public,https://zenodo.org/records/4568266,
10.5281/zenodo.4568121,Data Management Plan: Feng Guo's PhD Project: Adaptive Lidar Systems for Wind Turbine Control,2021-02-27,No funder metadata,,,,,,unknown,,,,,False,,,,0,0,,False,public,https://zenodo.org/records/4568121,
10.5281/zenodo.7070728,illuMINEation - Data Management Plan,2021-02-27,Horizon 2020,H2020,869379,illuMINEation,H2020-SC5-2018-2019-2020,engineering and technology,early,0.14,2020-09-01,2024-02-29,CLOSED,False,,,,0,0,,False,public,https://zenodo.org/records/7070728,
10.5281/zenodo.5666716,Data Management Plan,2021-02-26,Horizon 2020,H2020,957242,FUDGE-5G,H2020-ICT-2018-20,engineering and technology,early,0.189,2020-09-01,2023-03-31,CLOSED,False,,,,0,0,,True,public,https://zenodo.org/records/5666716,
10.5281/zenodo.6811605,D1.5 Data Management Plan (v1.3 Feb 2021). Deliverable report of project H2020 MONOCLE (grant 776480),2021-02-24,Horizon 2020,H2020,776480,MONOCLE,H2020-SC5-2016-2017,engineering and technology,mid,0.682,2018-02-01,2022-07-31,CLOSED,False,,,,0,0,,False,public,https://zenodo.org/records/6811605,
10.5281/zenodo.4557128,Original data for publication: Observation of Carbonic Acid Formation from Interaction between Carbon Dioxide and Ice by Using In Situ Modulation Excitation IR Spectroscopy,2021-02-23,No funder metadata,,,,,,unknown,,,,,False,,,,0,0,,False,public,https://zenodo.org/records/4557128,
10.5281/zenodo.4556843,IMPART DMP Annex - List of dataset,2021-02-23,Horizon 2020,H2020,773830,One Health EJP,H2020-SFS-2016-2017,medical and health sciences,mid,0.548,2018-01-01,2023-09-30,CLOSED,False,,,,0,0,,False,public,https://zenodo.org/records/4556843,
10.5281/zenodo.4556795,IMPART DMP,2021-02-23,Horizon 2020,H2020,773830,One Health EJP,H2020-SFS-2016-2017,medical and health sciences,mid,0.548,2018-01-01,2023-09-30,CLOSED,False,,,,0,0,,False,public,https://zenodo.org/records/4556795,
10.5281/zenodo.14614991,BODYinTRANSIT: Sensory-driven Body Transformation Experiences On-the-move: Data Management Plan,2021-02-22,Horizon 2020,H2020,101002711,BODYinTRANSIT,ERC-2020-COG,natural sciences,pre-start,-0.143,2022-01-01,2027-12-31,SIGNED,False,,,,0,0,,False,public,https://zenodo.org/records/14614991,
10.5281/zenodo.5788560,D6.1 Data Management Plan for IPERION HS,2021-02-15,Horizon 2020,H2020,871034,IPERION HS,H2020-INFRAIA-2018-2020,,early,0.219,2020-04-01,2024-03-31,CLOSED,False,,,,0,0,,False,public,https://zenodo.org/records/5788560,
10.5281/zenodo.4531501,babadutanszi,2021-02-10,No funder metadata,,,,,,unknown,,,,,False,,,,0,0,,False,public,https://zenodo.org/records/4531501,
10.5281/zenodo.5887684,Data Management Plan,2021-02-02,Horizon 2020,H2020,823852,PaNOSC,H2020-INFRAEOSC-2018-2020,natural sciences,mid,0.544,2018-12-01,2022-11-30,CLOSED,False,,,,0,0,,False,public,https://zenodo.org/records/5887684,
10.5281/zenodo.4477657,aMILE: Application of text mining to clinical reports of patients with acute myeloid leukemia,2021-01-28,No funder metadata,,,,,,unknown,,,,,False,,,,0,0,,True,public,https://zenodo.org/records/4477657,
10.5281/zenodo.4451409,D-4.4. Data Management Plan,2021-01-20,Horizon 2020,H2020,773830,One Health EJP,H2020-SFS-2016-2017,medical and health sciences,mid,0.531,2018-01-01,2023-09-30,CLOSED,False,,,,0,0,,False,public,https://zenodo.org/records/4451409,
10.5281/zenodo.17633244,Data Management Plan GEO.INFORMED pre-project,2021,Other funder,,SBO project S006421N,,,,unknown,,,,,False,,,,0,0,,False,public,https://zenodo.org/records/17633244,
10.5281/zenodo.5179816,RESOLUTE Data Management Plan 2,2020-12-31,Horizon 2020,H2020,777372,ReSOLUTE,H2020-JTI-IMI2-2016-10-two-stage,natural sciences,mid,0.455,2018-07-01,2023-12-31,CLOSED,False,,,,0,0,,False,public,https://zenodo.org/records/5179816,
10.5281/zenodo.5244776,Deliverable 1.4 Data Management Plan - Update,2020-12-31,Horizon 2020,H2020,828853,BlockStart,H2020-INNOSUP-2018-2020,natural sciences,mid,0.501,2019-09-01,2022-04-30,CLOSED,False,,,,0,0,,True,public,https://zenodo.org/records/5244776,
10.5281/zenodo.7835582,TRIPLE Deliverable: D1.3 Data Management Plan,2020-12-31,Horizon 2020,H2020,863420,TRIPLE,H2020-INFRAEOSC-2018-2020,humanities,mid,0.358,2019-10-01,2023-03-31,CLOSED,False,,,,0,0,,False,public,https://zenodo.org/records/7835582,
10.5281/zenodo.5180694,Data Management Plan 1st version,2020-12-31,Horizon 2020,H2020,882897,Search and Rescue,H2020-SU-SEC-2018-2019-2020,social sciences,early,0.167,2020-07-01,2023-06-30,CLOSED,False,,,,0,0,,False,public,https://zenodo.org/records/5180694,
10.5281/zenodo.4560283,D1.3 DATA MANAGEMENT PLAN M12,2020-12-31,Horizon 2020,H2020,870675,PolicyCLOUD,H2020-SC6-GOVERNANCE-2018-2019-2020,natural sciences,early,0.333,2020-01-01,2022-12-31,CLOSED,False,,,,0,0,,False,public,https://zenodo.org/records/4560283,
10.5281/zenodo.5052737,FRAMES - Data Management Plan,2020-12-18,Horizon 2020,H2020,886549,FRAMES,H2020-CS2-CFP10-2019-01,engineering and technology,early,0.186,2020-07-01,2022-12-31,CLOSED,False,,,,0,0,,False,public,https://zenodo.org/records/5052737,
10.5281/zenodo.4381985,D11.6 - Final Data Management Plan,2020-12-18,Horizon 2020,H2020,770469,CUTLER,H2020-SC6-CO-CREATION-2016-2017,social sciences,late,0.988,2018-01-01,2020-12-31,CLOSED,False,,,,0,0,,False,public,https://zenodo.org/records/4381985,
10.5281/zenodo.4327675,"D1.4 Data Management Plan, update 1",2020-12-16,Horizon 2020,H2020,780069,MeMAD,H2020-ICT-2016-2017,natural sciences,late,0.911,2018-01-01,2021-03-31,CLOSED,False,,,,0,0,,False,public,https://zenodo.org/records/4327675,
10.5281/zenodo.4327654,D1.1 Data Management Plan v1.0,2020-12-16,Horizon 2020,H2020,780069,MeMAD,H2020-ICT-2016-2017,natural sciences,late,0.911,2018-01-01,2021-03-31,CLOSED,False,,,,0,0,,False,public,https://zenodo.org/records/4327654,
10.5281/zenodo.4326563,Research Data Management and DMP - SSH,2020-12-16,Horizon 2020,H2020,777541,OpenAIRE-Advance,H2020-EINFRA-2016-2017,,late,0.936,2018-01-01,2021-02-28,CLOSED,False,,,,0,0,,False,public,https://zenodo.org/records/4326563,
10.5281/zenodo.4336734,FAIR4fusion Data Management Plan,2020-12-15,No funder metadata,,,,,,unknown,,,,,False,,,,0,0,,False,public,https://zenodo.org/records/4336734,
10.5281/zenodo.4320454,TANGO Data Management Plan Version 5,2020-12-14,No funder metadata,,,,,,unknown,,,,,False,,,,0,0,,False,public,https://zenodo.org/records/4320454,
10.5281/zenodo.4326568,Research Data Management and DMP - STEM,2020-12-14,Horizon 2020,H2020,777541,OpenAIRE-Advance,H2020-EINFRA-2016-2017,,late,0.934,2018-01-01,2021-02-28,CLOSED,False,,,,0,0,,False,public,https://zenodo.org/records/4326568,
10.5281/zenodo.4313055,D1.4 – Data Management Plan,2020-12-09,Horizon 2020,H2020,779747,BigDataStack,H2020-ICT-2016-2017,natural sciences,late,0.98,2018-01-01,2020-12-31,CLOSED,False,,,,0,0,,True,public,https://zenodo.org/records/4313055,
10.5281/zenodo.4309586,RESOLUTE Data Management Plan 1,2020-12-07,Horizon 2020,H2020,777372,ReSOLUTE,H2020-JTI-IMI2-2016-10-two-stage,natural sciences,mid,0.443,2018-07-01,2023-12-31,CLOSED,False,,,,0,0,,False,public,https://zenodo.org/records/4309586,
10.5281/zenodo.4304541,Data Management Plan: Wei Fu' PhD Project,2020-12-03,No funder metadata,,,,,,unknown,,,,,False,,,,0,0,,False,public,https://zenodo.org/records/4304541,
10.5281/zenodo.4304971,Data Management Plan,2020-12-03,No funder metadata,,,,,,unknown,,,,,False,,,,0,0,,False,public,https://zenodo.org/records/4304971,
10.5281/zenodo.4300465,Z-BRE4K - Data Management Plan (DMP),2020-12-01,Horizon 2020,H2020,768869,Z-BRE4K,H2020-IND-CE-2016-17,engineering and technology,late,0.906,2017-10-01,2021-03-31,CLOSED,False,,,,0,0,,False,public,https://zenodo.org/records/4300465,
10.5281/zenodo.4305451,GoldenEye D8.7 Data management plan,2020-11-30,No funder metadata,,,,,,unknown,,,,,False,,,,0,0,,False,public,https://zenodo.org/records/4305451,
10.5281/zenodo.6107775,D1.7 Data Management Plan,2020-11-30,Horizon 2020,H2020,883242,ENSURESEC,H2020-SU-INFRA-2018-2019-2020,natural sciences,early,0.25,2020-06-01,2022-05-31,CLOSED,False,,,,0,0,,False,public,https://zenodo.org/records/6107775,
10.5281/zenodo.4693609,ECOTIP D5.3 Initial Data Management Plan,2020-11-30,Horizon 2020,H2020,869383,ECOTIP,H2020-LC-CLA-2018-2019-2020,natural sciences,early,0.125,2020-06-01,2024-05-31,CLOSED,False,,,,0,0,,False,public,https://zenodo.org/records/4693609,
10.5281/zenodo.4299843,euCanSHare. Deliverable 3.2 - Data Management Plan v2,2020-11-30,Horizon 2020,H2020,825903,euCanSHare,H2020-SC1-BHC-2018-2020,medical and health sciences,mid,0.445,2018-12-01,2023-05-31,CLOSED,False,,,,0,0,,True,public,https://zenodo.org/records/4299843,
10.5281/zenodo.4278006,Implementing the DMP Common Standard on the Argos service for maDMPs,2020-11-17,Horizon 2020,H2020,777541,OpenAIRE-Advance,H2020-EINFRA-2016-2017,,late,0.911,2018-01-01,2021-02-28,CLOSED,False,,,,0,0,,False,public,https://zenodo.org/records/4278006,
10.5281/zenodo.4275335,D6.2: Data management plan,2020-11-16,Horizon 2020,H2020,771738,NEXTFOOD,H2020-RUR-2016-2017,social sciences,mid,0.637,2018-05-01,2022-04-30,CLOSED,False,,,,0,0,,False,public,https://zenodo.org/records/4275335,
10.5281/zenodo.4263217,"Moderní Data Management Plánování (DMP), včetně praktické ukázky",2020-11-07,Horizon 2020,H2020,777541,OpenAIRE-Advance,H2020-EINFRA-2016-2017,,late,0.902,2018-01-01,2021-02-28,CLOSED,False,,,,0,0,,False,public,https://zenodo.org/records/4263217,
10.5281/zenodo.4249121,Data management plan,2020-11-06,Horizon 2020,H2020,821940,EO4AGRI,H2020-SPACE-2018-2020,engineering and technology,late,1.008,2018-11-01,2020-10-31,CLOSED,False,,,,0,0,,False,public,https://zenodo.org/records/4249121,
10.5281/zenodo.4244637,Title of DMP - demo,2020-11-04,Horizon 2020,H2020,777541,OpenAIRE-Advance,H2020-EINFRA-2016-2017,,late,0.899,2018-01-01,2021-02-28,CLOSED,False,,,,0,0,,False,public,https://zenodo.org/records/4244637,
10.5281/zenodo.4249743,Data Management Plan v2,2020-11-03,Horizon 2020,H2020,821940,EO4AGRI,H2020-SPACE-2018-2020,engineering and technology,late,1.004,2018-11-01,2020-10-31,CLOSED,False,,,,0,0,,False,public,https://zenodo.org/records/4249743,
10.5281/zenodo.4160977,DATA MANAGEMENT PLAN FOR THE MOSAIC.PT PROJECT,2020-10-30,No funder metadata,,,,,,unknown,,,,,False,,,,0,0,,False,public,https://zenodo.org/records/4160977,
10.5281/zenodo.10979091,Data Management Plan,2020-10-30,Horizon 2020,H2020,894759,EnergyMEASURES,H2020-LC-SC3-2018-2019-2020,social sciences,early,0.046,2020-09-01,2024-02-29,CLOSED,False,,,,0,0,,True,public,https://zenodo.org/records/10979091,
10.5281/zenodo.10057022,Data Management Plan preliminary version (D1.3),2020-10-30,Horizon 2020,H2020,860441,NEMO,H2020-MG-2018-2019-2020,natural sciences,early,0.142,2020-05-01,2023-10-31,CLOSED,False,,,,0,0,,False,public,https://zenodo.org/records/10057022,
10.5281/zenodo.6556129,MPowerBIO Project Deliverable D7.2 Data Management Plan,2020-10-30,Horizon 2020,H2020,887501,MPowerBIO,H2020-BBI-JTI-2019,,early,0.193,2020-05-01,2022-11-30,CLOSED,False,,,,0,0,,False,public,https://zenodo.org/records/6556129,
10.5281/zenodo.5772790,D9.6.1 Data Management Plan,2020-10-30,Horizon 2020,H2020,884411,ASTEP,H2020-LC-SC3-2018-2019-2020,agricultural sciences,early,0.097,2020-05-01,2025-06-30,SIGNED,False,,,,0,0,,False,public,https://zenodo.org/records/5772790,
10.5281/zenodo.6779208,Deliverable D1.2 Data Management Plan,2020-10-26,Horizon 2020,H2020,884208,BioSFerA,H2020-LC-SC3-2018-2019-2020,engineering and technology,early,0.142,2020-04-01,2024-03-31,SIGNED,False,,,,0,0,,False,public,https://zenodo.org/records/6779208,
10.5281/zenodo.6473351,"Research Data Management Plan
for the Meaningful Data Counts Project",2020-10-16,No funder metadata,,,,,,unknown,,,,,False,,,,0,0,,False,public,https://zenodo.org/records/6473351,
10.5281/zenodo.4041512,Data formats for preservation: What you need to know when creating a DMP,2020-09-21,Horizon 2020,H2020,777541,OpenAIRE-Advance,H2020-EINFRA-2016-2017,,late,0.861,2018-01-01,2021-02-28,CLOSED,False,,,,0,0,,False,public,https://zenodo.org/records/4041512,
10.5281/zenodo.4546011,BigDataGrapes D2.2 - Data Management Plan & Support Pack,2020-09-17,Horizon 2020,H2020,780751,BigDataGrapes,H2020-ICT-2016-2017,natural sciences,late,0.904,2018-01-01,2020-12-31,CLOSED,False,,,,0,0,,False,public,https://zenodo.org/records/4546011,
10.5281/zenodo.4029619,Original data table A,2020-09-15,No funder metadata,,,,,,unknown,,,,,False,,,,0,0,,False,public,https://zenodo.org/records/4029619,
10.5281/zenodo.4018583,Data Management Plan,2020-09-08,No funder metadata,,,,,,unknown,,,,,False,,,,0,0,,False,public,https://zenodo.org/records/4018583,
10.5281/zenodo.4034573,A novel DMP formulation for global and frame independent spatial scaling in the task space,2020-09-04,Horizon 2020,H2020,820767,CoLLaboratE,H2020-NMBP-TR-IND-2018-2020,natural sciences,mid,0.551,2018-10-01,2022-03-31,CLOSED,False,,,,0,0,,False,public,https://zenodo.org/records/4034573,
10.5281/zenodo.4009077,D1.5 Data Management Plan,2020-08-31,Horizon 2020,H2020,814917,M-Sec,H2020-EUJ-2018,natural sciences,mid,0.667,2018-07-01,2021-09-30,CLOSED,False,,,,0,0,,False,public,https://zenodo.org/records/4009077,
10.5281/zenodo.4010442,EOSC-Life Data Management Plan,2020-08-31,Horizon 2020,H2020,824087,EOSC-Life,H2020-INFRAEOSC-2018-2020,natural sciences,early,0.334,2019-03-01,2023-08-31,CLOSED,False,,,,0,0,,True,public,https://zenodo.org/records/4010442,
10.5281/zenodo.3999070,Pore Size Distribution Controls Dynamic Permeability,2020-08-24,No funder metadata,,,,,,unknown,,,,,False,,,,0,0,,False,public,https://zenodo.org/records/3999070,
10.5281/zenodo.3991649,D1.2 DATA MANAGEMENT PLAN,2020-08-19,Horizon 2020,H2020,870675,PolicyCLOUD,H2020-SC6-GOVERNANCE-2018-2019-2020,natural sciences,early,0.211,2020-01-01,2022-12-31,CLOSED,False,,,,0,0,,False,public,https://zenodo.org/records/3991649,
10.5281/zenodo.16891639,Communications Policy - Threatened Species Initiative,2020-08-15,No funder metadata,,,,,,unknown,,,,,False,,,,0,0,,False,public,https://zenodo.org/records/16891639,
10.5281/zenodo.16880062,Communications Policy - Australian Amphibians and Reptiles Genomics Initiative,2020-08-15,No funder metadata,,,,,,unknown,,,,,False,,,,0,0,,False,public,https://zenodo.org/records/16880062,
10.5281/zenodo.16880038,Communications Policy - Australian Microbiome,2020-08-15,No funder metadata,,,,,,unknown,,,,,False,,,,0,0,,False,public,https://zenodo.org/records/16880038,
10.5281/zenodo.16879897,Data Policy - Australian Microbiome Initiative,2020-08-15,No funder metadata,,,,,,unknown,,,,,False,,,,0,0,,False,public,https://zenodo.org/records/16879897,
10.5281/zenodo.16879848,Data Policy - Australian Amphibians and Reptiles Genomics Initiative,2020-08-15,No funder metadata,,,,,,unknown,,,,,False,,,,0,0,,False,public,https://zenodo.org/records/16879848,
10.5281/zenodo.3980771,Data Management Plan for European project NewSiest,2020-08-12,Horizon 2020,H2020,867451,NewSiest,H2020-WF-2018-2020,engineering and technology,early,0.262,2020-02-03,2022-02-02,CLOSED,False,,,,0,0,,False,public,https://zenodo.org/records/3980771,
10.5281/zenodo.3973021,ENHANCEMENT OF UV STABILITY OF THERMALLY MODIFIED WOOD THROUGH ENVELOPE IMPREGNATION WITH NANO BASED STABILISERS,2020-08-05,No funder metadata,,,,,,unknown,,,,,False,,,,0,0,,False,public,https://zenodo.org/records/3973021,
10.5281/zenodo.3970903,DIHNET- Deliverable 6.2 – Data Management Plan,2020-08-03,Horizon 2020,H2020,825640,DIHNET.EU,H2020-DT-2018-2020,,mid,0.585,2018-11-01,2021-10-31,CLOSED,False,,,,0,0,,False,public,https://zenodo.org/records/3970903,
10.5281/zenodo.5113586,D7.1 Data Management Plan,2020-07-31,Horizon 2020,H2020,873112,Co-Change,H2020-SwafS-2018-2020,,early,0.153,2020-02-01,2023-04-30,CLOSED,False,,,,0,0,,False,public,https://zenodo.org/records/5113586,
10.5281/zenodo.13799753,Data Management Plan (Draft),2020-07-29,Horizon 2020,H2020,869283,WIDER UPTAKE,H2020-SC5-2018-2019-2020,engineering and technology,early,0.054,2020-05-01,2024-10-31,CLOSED,False,,,,0,0,,False,public,https://zenodo.org/records/13799753,
10.5281/zenodo.3961932,Deliverable D9.6 Review of DMP and lessons learnt for future projects,2020-07-24,Horizon 2020,H2020,641727,PRIMAVERA,H2020-SC5-2014-2015,natural sciences,late,0.996,2015-11-01,2020-07-31,CLOSED,False,,,,0,0,,False,public,https://zenodo.org/records/3961932,
10.5281/zenodo.3958868,DMP of CityComPlastic,2020-07-24,Horizon 2020,H2020,824603,ACTION,H2020-SwafS-2018-2020,social sciences,mid,0.492,2019-02-01,2022-01-31,CLOSED,False,,,,0,0,,False,public,https://zenodo.org/records/3958868,
10.5281/zenodo.4009234,D1.5 Data Management Plan,2020-07-21,Horizon 2020,H2020,823798,ERIC Forum,H2020-INFRASUPP-2018-2020,,mid,0.388,2019-01-01,2022-12-31,CLOSED,False,,,,0,0,,True,public,https://zenodo.org/records/4009234,
10.5281/zenodo.3946466,RI-PATHS Data Management Plan,2020-07-15,Horizon 2020,H2020,777563,RI Impact Pathways,H2020-INFRASUPP-2016-2017,natural sciences,late,1.016,2018-01-01,2020-06-30,CLOSED,False,,,,0,0,,False,public,https://zenodo.org/records/3946466,
10.5281/zenodo.5864253,Data Management Plan (D8.5),2020-07-06,Horizon 2020,H2020,821520,ConcePTION,H2020-JTI-IMI2-2017-13-two-stage,medical and health sciences,early,0.22,2019-04-01,2024-12-31,CLOSED,False,,,,0,0,,False,public,https://zenodo.org/records/5864253,
10.5281/zenodo.8307871,Newsera Deliverable 7.1 Data Management Plan,2020-06-30,Horizon 2020,H2020,873125,NEWSERA,H2020-SwafS-2018-2020,,early,0.153,2020-01-01,2023-03-31,CLOSED,False,,,,0,0,,False,public,https://zenodo.org/records/8307871,
10.5281/zenodo.6299129,Data Management Plan,2020-06-30,Horizon 2020,H2020,841164,COLLECTITUDE,H2020-MSCA-IF-2018,social sciences,early,0.248,2020-01-01,2021-12-31,CLOSED,False,,,,0,0,,False,public,https://zenodo.org/records/6299129,
10.5281/zenodo.6075537,CoActD1.2: Data Management Plan.,2020-06-30,Horizon 2020,H2020,873048,CoAct,H2020-SwafS-2018-2020,,early,0.165,2020-01-01,2022-12-31,CLOSED,False,,,,0,0,,False,public,https://zenodo.org/records/6075537,
10.5281/zenodo.6322279,AGEING@WORK Data Management Plan v.2,2020-06-30,Horizon 2020,H2020,826299,AgeingatWork,H2020-SC1-DTH-2018-2020,social sciences,mid,0.428,2019-01-01,2022-06-30,CLOSED,False,,,,0,0,,False,public,https://zenodo.org/records/6322279,
10.5281/zenodo.5705981,Data Management Plan: Initial,2020-06-30,Horizon 2020,H2020,873169,CSI-COP,H2020-SwafS-2018-2020,,early,0.135,2020-01-01,2023-08-31,CLOSED,False,,,,0,0,,False,public,https://zenodo.org/records/5705981,
10.5281/zenodo.4034151,D8.4 Data Management Plan V2,2020-06-30,Horizon 2020,H2020,825070,INFORE,H2020-ICT-2018-20,natural sciences,mid,0.461,2019-01-01,2022-03-31,CLOSED,False,,,,0,0,,False,public,https://zenodo.org/records/4034151,
10.5281/zenodo.3924451,Deliverable D-JRP-TOXOSOURCES-WP1.1 Data Management Plan,2020-06-30,Horizon 2020,H2020,773830,One Health EJP,H2020-SFS-2016-2017,medical and health sciences,mid,0.434,2018-01-01,2023-09-30,CLOSED,False,,,,0,0,,False,public,https://zenodo.org/records/3924451,
10.5281/zenodo.5036383,D5.4 SPOT Data Management Plan,2020-06-27,Horizon 2020,H2020,870644,SPOT,H2020-SC6-TRANSFORMATIONS-2018-2019-2020,,early,0.163,2020-01-01,2022-12-31,CLOSED,False,,,,0,0,,False,public,https://zenodo.org/records/5036383,
10.5281/zenodo.6424492,D6.2 Data  Management  Plan,2020-06-25,Horizon 2020,H2020,829060,NeuroStimSpinal,H2020-FETOPEN-2018-2020,natural sciences,early,0.274,2019-04-01,2023-09-30,CLOSED,False,,,,0,0,,False,public,https://zenodo.org/records/6424492,
10.5281/zenodo.3903259,Prenatal microbial impacts on the development of the intestinal immune system - DMP,2020-06-22,No funder metadata,,,,,,unknown,,,,,False,,,,0,0,,False,public,https://zenodo.org/records/3903259,
10.5281/zenodo.4498158,D5.2 Initial Data Management Plan,2020-06-22,Horizon 2020,H2020,862882,IN-FET,H2020-FETOPEN-2018-2020,natural sciences,early,0.112,2020-01-01,2024-03-31,CLOSED,False,,,,0,0,,False,public,https://zenodo.org/records/4498158,
10.5281/zenodo.3901595,How to write Data Management Plan including tools (SSH),2020-06-09,Horizon 2020,H2020,777541,OpenAIRE-Advance,H2020-EINFRA-2016-2017,,late,0.771,2018-01-01,2021-02-28,CLOSED,False,,,,0,0,,False,public,https://zenodo.org/records/3901595,
10.5281/zenodo.7599906,D7.1 Data Management Plan,2020-05-31,Horizon 2020,H2020,872522,CS-Track,H2020-SwafS-2018-2020,social sciences,early,0.157,2019-12-01,2023-01-31,CLOSED,False,,,,0,0,,True,public,https://zenodo.org/records/7599906,
10.5281/zenodo.7572272,Human Exposome Assessment Platform - Data Management Plan. Public deliverable 7.1. Update Jan 2023,2020-05-29,Horizon 2020,H2020,874662,HEAP,H2020-SC1-BHC-2018-2020,natural sciences,early,0.074,2020-01-01,2025-06-30,SIGNED,False,,,,0,0,,True,public,https://zenodo.org/records/7572272,
10.5281/zenodo.5602966,D1.3: Data Management Plan,2020-05-29,Horizon 2020,H2020,863353,CS3MESH4EOSC,H2020-INFRAEOSC-2018-2020,natural sciences,early,0.117,2020-01-01,2023-06-30,CLOSED,False,,,,0,0,,False,public,https://zenodo.org/records/5602966,
10.5281/zenodo.4577689,D7.3: Data Management Plan,2020-05-27,Horizon 2020,H2020,824309,HEADSTART,H2020-DT-ART-2018-2019-2020,social sciences,mid,0.468,2019-01-01,2021-12-31,CLOSED,False,,,,0,0,,False,public,https://zenodo.org/records/4577689,
10.5281/zenodo.3882063,PROSEU Data Management Plan (D1.5),2020-05-26,Horizon 2020,H2020,764056,PROSEU,H2020-LCE-2016-2017,natural sciences,late,0.746,2018-03-01,2021-02-28,CLOSED,False,,,,0,0,,False,public,https://zenodo.org/records/3882063,
10.5281/zenodo.6327785,D1.2 Data Management Plan,2020-05-26,Horizon 2020,H2020,862409,Blue Cloud,H2020-BG-2018-2020,,early,0.186,2019-10-01,2023-03-31,CLOSED,False,,,,0,0,,True,public,https://zenodo.org/records/6327785,
10.5281/zenodo.3885248,D1.1 - Data Management Plan,2020-05-21,Horizon 2020,H2020,824603,ACTION,H2020-SwafS-2018-2020,social sciences,mid,0.434,2019-02-01,2022-01-31,CLOSED,False,,,,0,0,,False,public,https://zenodo.org/records/3885248,
10.5281/zenodo.3834271,Open Data Management Plan (Update),2020-05-19,Horizon 2020,H2020,766970,Q-SORT,H2020-FETOPEN-2016-2017,natural sciences,mid,0.658,2017-10-01,2021-09-30,CLOSED,False,,,,0,0,,False,public,https://zenodo.org/records/3834271,
10.5281/zenodo.7147715,Data Management Plan Year 1,2020-05-15,Horizon 2020,H2020,851703,MooringSense,H2020-LC-SC3-2018-2019-2020,engineering and technology,early,0.179,2019-11-01,2022-10-31,CLOSED,False,,,,0,0,,False,public,https://zenodo.org/records/7147715,
10.5281/zenodo.3826183,Research Data Management e DMP. Train the trainers series. Università Milano-Bicocca. Modulo 3,2020-05-14,Horizon 2020,H2020,777541,OpenAIRE-Advance,H2020-EINFRA-2016-2017,,late,0.749,2018-01-01,2021-02-28,CLOSED,False,,,,0,0,,False,public,https://zenodo.org/records/3826183,
10.5281/zenodo.3824773,Data Management Plan M6,2020-05-13,Horizon 2020,H2020,826352,HyCARE,H2020-JTI-FCH-2018-1,engineering and technology,early,0.298,2019-01-01,2023-07-31,CLOSED,False,,,,0,0,,False,public,https://zenodo.org/records/3824773,
10.5281/zenodo.7567982,"Data management plan, report aligned to the H2020 suggested template and FAIR principles",2020-05-12,Horizon 2020,H2020,863448,NEANIAS,H2020-INFRAEOSC-2018-2020,,early,0.176,2019-11-01,2022-10-31,CLOSED,False,,,,0,0,,True,public,https://zenodo.org/records/7567982,
10.5281/zenodo.6009860,INITIAL DATA MANAGEMENT PLAN (DMP) — PERSONALITY IN COMMUNITY ECOLOGY RESPONSES: INTEGRATING THE BEHAVIOUR AND SPECIES INTERACTIONS OF A MARINE INVADER,2020-04-27,Horizon 2020,H2020,836937,PinCER,H2020-MSCA-IF-2018,natural sciences,early,0.144,2020-01-13,2022-01-12,CLOSED,False,,,,0,0,,False,public,https://zenodo.org/records/6009860,
10.5281/zenodo.3764905,CarbEX Data Management Plan,2020-04-24,Horizon 2020,H2020,839311,CarbEx,H2020-MSCA-IF-2018,engineering and technology,early,0.24,2019-11-01,2021-10-31,CLOSED,False,,,,0,0,,False,public,https://zenodo.org/records/3764905,
10.5281/zenodo.4545384,3Pi Project - KU Leuven Basic Sequence & Nomenclature Document NBMSI,2020-04-20,No funder metadata,,,,,,unknown,,,,,False,,,,0,0,,False,public,https://zenodo.org/records/4545384,
10.5281/zenodo.3758657,World Development Indicators Visualization maDMP,2020-04-20,No funder metadata,,,,,,unknown,,,,,False,,,,0,0,,False,public,https://zenodo.org/records/3758657,
10.5281/zenodo.3758649,maDMP - World Development Indicators Visualization,2020-04-20,No funder metadata,,,,,,unknown,,,,,False,,,,0,0,,False,public,https://zenodo.org/records/3758649,
10.5281/zenodo.3757942,maDMP - predicting influenza occurences based on weather observations,2020-04-20,No funder metadata,,,,,,unknown,,,,,False,,,,0,0,,False,public,https://zenodo.org/records/3757942,
10.5281/zenodo.3757932,DMP - World Development Indicators Visualization,2020-04-20,No funder metadata,,,,,,unknown,,,,,False,,,,0,0,,False,public,https://zenodo.org/records/3757932,
10.5281/zenodo.3757895,DMP - predicting influenza occurences based on weather observations,2020-04-20,No funder metadata,,,,,,unknown,,,,,False,,,,0,0,,False,public,https://zenodo.org/records/3757895,
10.5281/zenodo.3757520,WorldBank_WDI_Visulization - DMP,2020-04-19,No funder metadata,,,,,,unknown,,,,,False,,,,0,0,,False,public,https://zenodo.org/records/3757520,
10.5281/zenodo.3757216,Finding predictive features for countries living in extreme poverty.,2020-04-19,No funder metadata,,,,,,unknown,,,,,False,,,,0,0,,False,public,https://zenodo.org/records/3757216,
10.5281/zenodo.3757126,maDMP for Calculation of sunny days based on small privatly owned solar thermal collector systems,2020-04-19,No funder metadata,,,,,,unknown,,,,,False,,,,0,0,,False,public,https://zenodo.org/records/3757126,
10.5281/zenodo.3755940,"Calculation of nice (""sunny"") days based on small privately owned solar thermal collector systems",2020-04-17,No funder metadata,,,,,,unknown,,,,,False,,,,0,0,,False,public,https://zenodo.org/records/3755940,
10.5281/zenodo.3753030,DMP Plan - Predicting payments in Swedish motor insurance,2020-04-15,No funder metadata,,,,,,unknown,,,,,False,,,,0,0,,False,public,https://zenodo.org/records/3753030,
10.5281/zenodo.3752731,DMP For Grant : Biochemical analysis of the PINK1-Parkin signalling pathway in Parkinson's disease.,2020-04-15,No funder metadata,,,,,,unknown,,,,,False,,,,0,0,,False,public,https://zenodo.org/records/3752731,
10.5281/zenodo.3742227,Machine-actionable Data Management Plan for correlation of COVID-19 cases/deaths and the Gold price,2020-04-06,No funder metadata,,,,,,unknown,,,,,False,,,,0,0,,False,public,https://zenodo.org/records/3742227,
10.5281/zenodo.3741894,Data Management Plan for correlation of COVID-19 cases/deaths and the Gold price,2020-04-06,No funder metadata,,,,,,unknown,,,,,False,,,,0,0,,False,public,https://zenodo.org/records/3741894,
10.5281/zenodo.4309916,D1.2 Data Management Plan,2020-04-01,Horizon 2020,H2020,873119,PRODIGEES,H2020-MSCA-RISE-2019,social sciences,early,0.045,2020-01-01,2025-06-30,CLOSED,False,,,,0,0,,True,public,https://zenodo.org/records/4309916,
10.5281/zenodo.7331731,Data Management Plan GATHERS project,2020-03-31,Horizon 2020,H2020,857612,GATHERS,H2020-WIDESPREAD-2018-2020,engineering and technology,early,0.074,2019-12-01,2024-05-31,CLOSED,False,,,,0,0,,False,public,https://zenodo.org/records/7331731,
10.5281/zenodo.7503605,D6.2 Data Management Plan,2020-03-31,Horizon 2020,H2020,856716,iv4XR,H2020-ICT-2018-20,natural sciences,early,0.153,2019-10-01,2022-12-31,CLOSED,False,,,,0,0,,False,public,https://zenodo.org/records/7503605,
10.5281/zenodo.5743852,Data Management Plan Version 1,2020-03-31,Horizon 2020,H2020,815269,HARMONY,H2020-MG-2018-2019-2020,engineering and technology,early,0.222,2019-06-01,2023-02-28,CLOSED,False,,,,0,0,,True,public,https://zenodo.org/records/5743852,
10.5281/zenodo.4739022,Data Management Plan (CURE Deliverable D7.4),2020-03-31,Horizon 2020,H2020,870337,CURE,H2020-SPACE-2018-2020,engineering and technology,early,0.074,2020-01-01,2023-04-30,CLOSED,False,,,,0,0,,False,public,https://zenodo.org/records/4739022,
10.5281/zenodo.4533876,TRIPLE Deliverable: D1.3 Data Management Plan DRAFT,2020-03-31,Horizon 2020,H2020,863420,TRIPLE,H2020-INFRAEOSC-2018-2020,humanities,early,0.143,2019-10-01,2023-03-31,CLOSED,False,,,,0,0,,False,public,https://zenodo.org/records/4533876,
10.5281/zenodo.3733238,ON-MERRIT D1.2 Data Management Plan,2020-03-27,Horizon 2020,H2020,824612,ON-MERRIT,H2020-SwafS-2018-2020,social sciences,early,0.195,2019-10-01,2022-03-31,CLOSED,False,,,,0,0,,True,public,https://zenodo.org/records/3733238,
10.5281/zenodo.3689672,Procedimentos para Bibliometria - Orientações sobre a sua aplicação,2020-02-27,No funder metadata,,,,,,unknown,,,,,False,,,,0,0,,False,public,https://zenodo.org/records/3689672,
10.5281/zenodo.10473924,D9.2 Data Management Plan,2020-02-27,Horizon 2020,H2020,816078,AGRICORE,H2020-RUR-2018-2020,natural sciences,early,0.101,2019-09-01,2024-06-30,CLOSED,False,,,,0,0,,False,public,https://zenodo.org/records/10473924,
10.5281/zenodo.3667513,RECEIPT Data Management Plan,2020-02-14,No funder metadata,,,,,,unknown,,,,,False,,,,0,0,,False,public,https://zenodo.org/records/3667513,
10.5281/zenodo.3901582,How to write a Data Management Plan including tools,2020-02-14,Horizon 2020,H2020,777541,OpenAIRE-Advance,H2020-EINFRA-2016-2017,,mid,0.671,2018-01-01,2021-02-28,CLOSED,False,,,,0,0,,False,public,https://zenodo.org/records/3901582,
10.5281/zenodo.3988353,COLEX : Coopetition and Legislation in the Spanish Monarchy (16th-17th C.). COLEX Horizon 2020 FAIR DMP,2020-02-13,Horizon 2020,H2020,835866,COLEX,H2020-MSCA-IF-2018,,early,0.185,2019-10-01,2021-09-30,TERMINATED,False,,,,0,0,,False,public,https://zenodo.org/records/3988353,
10.5281/zenodo.5027445,EOSC-hub D1.6 Data Management Plan,2020-02-13,Horizon 2020,H2020,777536,EOSC-hub,H2020-EINFRA-2016-2017,natural sciences,mid,0.652,2018-01-01,2021-03-31,CLOSED,False,,,,0,0,,False,public,https://zenodo.org/records/5027445,
10.5281/zenodo.3664215,Data Management Plan,2020-02-12,No funder metadata,,,,,,unknown,,,,,False,,,,0,0,,False,public,https://zenodo.org/records/3664215,
10.5281/zenodo.5027437,EOSC-hub D1.5 Data Management Plan,2020-02-12,Horizon 2020,H2020,777536,EOSC-hub,H2020-EINFRA-2016-2017,natural sciences,mid,0.651,2018-01-01,2021-03-31,CLOSED,False,,,,0,0,,False,public,https://zenodo.org/records/5027437,
10.5281/zenodo.3885019,ENVRI-FAIR D1.4 1st Updated Data Management Plan,2020-01-31,Horizon 2020,H2020,824068,ENVRI-FAIR,H2020-INFRAEOSC-2018-2020,social sciences,early,0.241,2019-01-01,2023-06-30,CLOSED,False,,,,0,0,,True,public,https://zenodo.org/records/3885019,
10.5281/zenodo.3845614,Data Management Plan (D6.2),2020-01-29,Horizon 2020,H2020,821242,CLEARING HOUSE,H2020-SC5-2018-2019-2020,social sciences,early,0.091,2019-09-01,2024-02-29,CLOSED,False,,,,0,0,,False,public,https://zenodo.org/records/3845614,
10.5281/zenodo.3621281,DMP Party New,2020-01-22,No funder metadata,,,,,,unknown,,,,,False,,,,0,0,,False,public,https://zenodo.org/records/3621281,
10.5281/zenodo.3600285,D7.4 Data Management Plan (3),2020-01-07,Horizon 2020,H2020,730109,DIANA,H2020-EO-2016,engineering and technology,late,1.006,2017-01-01,2019-12-31,CLOSED,False,,,,0,0,,False,public,https://zenodo.org/records/3600285,
10.5281/zenodo.5744015,D1.7. Data Management Plan v1,2020-01-06,Horizon 2020,H2020,825182,Pret-a-LLOD,H2020-ICT-2018-20,,early,0.29,2019-01-01,2022-06-30,CLOSED,False,,,,0,0,,False,public,https://zenodo.org/records/5744015,
10.5281/zenodo.3766983,EMPHASIS-PREP Deliverable 4.2: Strategy: Data Management Plan,2019-12-31,Horizon 2020,H2020,739514,EMPHASIS-PREP,H2020-INFRADEV-2016-2017,social sciences,mid,0.667,2017-01-01,2021-06-30,CLOSED,False,,,,0,0,,True,public,https://zenodo.org/records/3766983,
10.5281/zenodo.3592299,Using questionnaires to measure attitudes and behaviours of building users: Data Management Plan,2019-12-23,No funder metadata,,,,,,unknown,,,,,False,,,,0,0,,True,public,https://zenodo.org/records/3592299,
10.5281/zenodo.5013663,XLS – D1.2: Data Management Plan – v1.2,2019-12-22,Horizon 2020,H2020,777431,XLS,H2020-INFRADEV-2016-2017,natural sciences,mid,0.493,2018-01-01,2021-12-31,CLOSED,False,,,,0,0,,False,public,https://zenodo.org/records/5013663,
10.5281/zenodo.5243281,Deliverable 1.3 Data Management Plan,2019-11-30,Horizon 2020,H2020,828853,BlockStart,H2020-INNOSUP-2018-2020,natural sciences,early,0.093,2019-09-01,2022-04-30,CLOSED,False,,,,0,0,,True,public,https://zenodo.org/records/5243281,
10.5281/zenodo.3909577,CINECA: Data Management Plan v.1,2019-11-27,Horizon 2020,H2020,825775,CINECA,H2020-SC1-BHC-2018-2020,natural sciences,early,0.201,2019-01-01,2023-06-30,CLOSED,False,,,,0,0,,True,public,https://zenodo.org/records/3909577,
10.5281/zenodo.5566471,VALITEST - D8.3 Data Management Plan - Version 2,2019-11-27,Horizon 2020,H2020,773139,VALITEST,H2020-SFS-2016-2017,natural sciences,mid,0.45,2018-05-01,2021-10-31,CLOSED,False,,,,0,0,,True,public,https://zenodo.org/records/5566471,
10.5281/zenodo.3546699,Supplementary Files,2019-11-19,No funder metadata,,,,,,unknown,,,,,False,,,,0,0,,False,public,https://zenodo.org/records/3546699,
10.5281/zenodo.3929790,Deliverable 3.4. Data Management Plan,2019-11-18,Horizon 2020,H2020,816336,SUNRISE,H2020-FETFLAG-2018-2020,engineering and technology,mid,0.615,2019-03-01,2020-04-30,CLOSED,False,,,,0,0,,False,public,https://zenodo.org/records/3929790,
10.5281/zenodo.3736776,Data management plan. 1st version (Deliverable 3.1),2019-11-14,Horizon 2020,H2020,821479,Pop-Machina,H2020-SC5-2018-2019-2020,social sciences,early,0.101,2019-06-01,2023-11-30,CLOSED,False,,,,0,0,,True,public,https://zenodo.org/records/3736776,
10.5281/zenodo.3533817,Planeación primer trimestre del tercer grado de primaria del estado de sonora.,2019-11-09,No funder metadata,,,,,,unknown,,,,,False,,,,0,0,,False,public,https://zenodo.org/records/3533817,
10.5281/zenodo.3532937,Provisional Data Management Plan for DiSSCo infrastructure. Deliverable D6.6,2019-11-08,Horizon 2020,H2020,777483,ICEDIG,H2020-INFRADEV-2016-2017,natural sciences,late,0.824,2018-01-01,2020-03-31,CLOSED,False,,,,0,0,,False,public,https://zenodo.org/records/3532937,
10.5281/zenodo.5845236,D2.3 - Data Management Plan v2,2019-10-30,Horizon 2020,H2020,769355,PIXEL,H2020-MG-2016-2017,engineering and technology,mid,0.438,2018-05-01,2021-09-30,CLOSED,False,,,,0,0,,False,public,https://zenodo.org/records/5845236,
10.5281/zenodo.5521120,"Data Management Plan Version 1.0, Oct 2019",2019-10-30,Horizon 2020,H2020,835896,Open ENTRANCE,H2020-LC-SC3-2018-2019-2020,natural sciences,early,0.12,2019-05-01,2023-06-30,CLOSED,False,,,,0,0,,False,public,https://zenodo.org/records/5521120,
10.5281/zenodo.3557395,BigDataGrapes D2.2 - Data Management Plan & Support Pack,2019-10-30,Horizon 2020,H2020,780751,BigDataGrapes,H2020-ICT-2016-2017,natural sciences,mid,0.609,2018-01-01,2020-12-31,CLOSED,False,,,,0,0,,False,public,https://zenodo.org/records/3557395,
10.5281/zenodo.5995707,D9.1 Data Management Plan,2019-10-24,Horizon 2020,H2020,813547,MIDA,H2020-MSCA-ITN-2018,social sciences,early,0.162,2019-03-01,2023-02-28,CLOSED,False,,,,0,0,,True,public,https://zenodo.org/records/5995707,
10.5281/zenodo.3479129,Data Management Plans at CERN,2019-10-10,No funder metadata,,,,,,unknown,,,,,False,,,,0,0,,False,public,https://zenodo.org/records/3479129,
10.5281/zenodo.3831567,Data Management Plan,2019-10-02,Horizon 2020,H2020,680708,HIT2GAP,H2020-EeB-2014-2015,natural sciences,late,1.022,2015-09-01,2019-08-31,CLOSED,False,,,,0,0,,False,public,https://zenodo.org/records/3831567,
10.5281/zenodo.3744592,D9.1 POLYPHEM Data Management Plan,2019-10-02,Horizon 2020,H2020,764048,POLYPHEM,H2020-LCE-2016-2017,engineering and technology,early,0.34,2018-04-01,2022-08-31,CLOSED,False,,,,0,0,,False,public,https://zenodo.org/records/3744592,
10.5281/zenodo.3466109,Interdependency_of_port_clusters_during_regional_disasters_FINAL_REPORT,2019-10-01,No funder metadata,,,,,,unknown,,,,,False,,,,0,0,,False,public,https://zenodo.org/records/3466109,
10.5281/zenodo.3600421,ARCHIVER D1.1 - Initial Data Management Plan,2019-10-01,Horizon 2020,H2020,824516,ARCHIVER,H2020-ICT-2018-20,natural sciences,early,0.214,2019-01-01,2022-06-30,CLOSED,False,,,,0,0,,True,public,https://zenodo.org/records/3600421,
10.5281/zenodo.3554431,OPEUS D9.3 - Data Management Plan,2019-09-27,Horizon 2020,H2020,730827,OPEUS,H2020-S2RJU-2015-01,natural sciences,late,0.969,2016-11-01,2019-10-31,CLOSED,False,,,,0,0,,True,public,https://zenodo.org/records/3554431,
10.5281/zenodo.3462465,The European Qur'an. Islamic Scripture in European Culture and Religion 1150-1850. Horizon 2020 DMP (initial outline),2019-09-26,No funder metadata,,,,,,unknown,,,,,False,,,,0,0,,False,public,https://zenodo.org/records/3462465,
10.5281/zenodo.4299020,D11.2 - Data Management Plan,2019-09-26,Horizon 2020,H2020,770469,CUTLER,H2020-SC6-CO-CREATION-2016-2017,social sciences,mid,0.578,2018-01-01,2020-12-31,CLOSED,False,,,,0,0,,False,public,https://zenodo.org/records/4299020,
10.5281/zenodo.3459696,RECEIPT Data Management Plan,2019-09-24,No funder metadata,,,,,,unknown,,,,,False,,,,0,0,,False,public,https://zenodo.org/records/3459696,
10.5281/zenodo.3459510,Data Management Plan,2019-09-24,Horizon 2020,H2020,765374,ROMSOC,H2020-MSCA-ITN-2017,natural sciences,mid,0.413,2017-09-01,2022-08-31,CLOSED,False,,,,0,0,,False,public,https://zenodo.org/records/3459510,
10.5281/zenodo.3446152,Data Management Plan,2019-09-19,Horizon 2020,H2020,773649,Circular Agronomics,H2020-SFS-2016-2017,social sciences,early,0.233,2018-09-01,2023-02-28,CLOSED,False,,,,0,0,,False,public,https://zenodo.org/records/3446152,
10.5281/zenodo.3441880,DMP test 1,2019-09-18,No funder metadata,,,,,,unknown,,,,,False,,,,0,0,,False,public,https://zenodo.org/records/3441880,
10.5281/zenodo.3444111,ReFreeDrive - Deliverable 9.2: Open Data Management Plan,2019-09-18,Horizon 2020,H2020,770143,ReFreeDrive,H2020-GV-2016-2017,engineering and technology,mid,0.561,2017-10-01,2021-03-31,CLOSED,False,,,,0,0,,False,public,https://zenodo.org/records/3444111,
10.5281/zenodo.3442285,D1.2 Data Management Plan,2019-09-18,Horizon 2020,H2020,687922,PIE News,H2020-ICT-2015,social sciences,late,1.073,2016-07-01,2019-06-30,CLOSED,False,,,,0,0,,False,public,https://zenodo.org/records/3442285,
10.5281/zenodo.4009127,Data Management Plan: Pedro Santos' PhD Project,2019-09-12,No funder metadata,,,,,,unknown,,,,,False,,,,0,0,,False,public,https://zenodo.org/records/4009127,
10.5281/zenodo.3406176,D1.2- Ethical considerations and Data Management Plan,2019-09-12,Horizon 2020,H2020,761974,ImAc,H2020-ICT-2016-2017,social sciences,late,0.78,2017-10-01,2020-03-31,CLOSED,False,,,,0,0,,True,public,https://zenodo.org/records/3406176,
10.5281/zenodo.3404018,D10.1 Initial draft of data management plan (Open data pilot) v 2.0,2019-09-10,Horizon 2020,H2020,731032,NanoCommons,H2020-INFRAIA-2016-2017,natural sciences,mid,0.376,2018-01-01,2022-06-30,CLOSED,False,,,,0,0,,False,public,https://zenodo.org/records/3404018,
10.5281/zenodo.3375269,Data Management Plan of the Easy Reading project,2019-08-23,Horizon 2020,H2020,780529,Easy Reading,H2020-ICT-2016-2017,natural sciences,mid,0.658,2018-01-01,2020-06-30,CLOSED,False,,,,0,0,,True,public,https://zenodo.org/records/3375269,
10.5281/zenodo.3472765,"REEEM-D6.6_Data Management Plan (DMP) - Collection, processing and dissemination of data",2019-07-31,Horizon 2020,H2020,691739,REEEM,H2020-LCE-2014-2015,engineering and technology,late,1.0,2016-02-01,2019-07-31,CLOSED,False,,,,0,0,,False,public,https://zenodo.org/records/3472765,
10.5281/zenodo.3611345,D1.3 Data Management Plan,2019-07-30,Horizon 2020,H2020,821964,BEACON,H2020-SPACE-2018-2020,natural sciences,early,0.187,2019-01-01,2022-01-31,CLOSED,False,,,,0,0,,False,public,https://zenodo.org/records/3611345,
10.5281/zenodo.4561618,D1.2: Data Management Plan,2019-07-05,Horizon 2020,H2020,824131,Euro-Argo RISE,H2020-INFRADEV-2018-2020,natural sciences,early,0.127,2019-01-01,2022-12-31,CLOSED,False,,,,0,0,,False,public,https://zenodo.org/records/4561618,
10.5281/zenodo.3521290,IS-ENES3 Data Management Plan,2019-07-03,Horizon 2020,H2020,824084,IS-ENES3,H2020-INFRAIA-2018-2020,natural sciences,early,0.118,2019-01-01,2023-03-31,CLOSED,False,,,,0,0,,False,public,https://zenodo.org/records/3521290,
10.5281/zenodo.3265765,The data management plan of Alien-CSI,2019-07-02,No funder metadata,,,,,,unknown,,,,,False,,,,0,0,,False,public,https://zenodo.org/records/3265765,
10.5281/zenodo.6322192,AGEING@WORK Data Management Plan v.1,2019-06-30,Horizon 2020,H2020,826299,AgeingatWork,H2020-SC1-DTH-2018-2020,social sciences,early,0.141,2019-01-01,2022-06-30,CLOSED,False,,,,0,0,,False,public,https://zenodo.org/records/6322192,
10.5281/zenodo.3361268,ESiWACE2 Data Management Plan (D7.4),2019-06-30,Horizon 2020,H2020,823988,ESiWACE2,H2020-INFRAEDI-2018-2020,natural sciences,early,0.116,2019-01-01,2023-03-31,CLOSED,False,,,,0,0,,False,public,https://zenodo.org/records/3361268,
10.5281/zenodo.3878628,ENVRI-FAIR D1.3 Initial Data Management Plan,2019-06-29,Horizon 2020,H2020,824068,ENVRI-FAIR,H2020-INFRAEOSC-2018-2020,social sciences,early,0.109,2019-01-01,2023-06-30,CLOSED,False,,,,0,0,,True,public,https://zenodo.org/records/3878628,
10.5281/zenodo.4034149,D8.3 Data Management Plan V1,2019-06-28,Horizon 2020,H2020,825070,INFORE,H2020-ICT-2018-20,natural sciences,early,0.15,2019-01-01,2022-03-31,CLOSED,False,,,,0,0,,True,public,https://zenodo.org/records/4034149,
10.5281/zenodo.3253684,European Collaboration for Healthcare Optimisation (ECHO) Data Model Specification,2019-06-24,Other EU,EC,242189,ECHO,,,unknown,,,,,False,,,,0,0,,False,public,https://zenodo.org/records/3253684,
10.5281/zenodo.3247756,Example ezDMP output,2019-06-17,No funder metadata,,,,,,unknown,,,,,False,,,,0,0,,False,public,https://zenodo.org/records/3247756,
10.5281/zenodo.3236320,Lynx D2.4 Data Management Plan,2019-05-31,Horizon 2020,H2020,780602,Lynx,H2020-ICT-2016-2017,natural sciences,mid,0.449,2017-12-01,2021-03-31,CLOSED,False,,,,0,0,,False,public,https://zenodo.org/records/3236320,
10.5281/zenodo.3257546,Data Management Plan,2019-05-30,Horizon 2020,H2020,776467,MED-GOLD,H2020-SC5-2016-2017,engineering and technology,early,0.332,2017-12-01,2022-05-31,CLOSED,False,,,,0,0,,False,public,https://zenodo.org/records/3257546,
10.5281/zenodo.3228497,ASSURED Data Management Plan,2019-05-24,Horizon 2020,H2020,769850,ASSURED,H2020-GV-2016-2017,engineering and technology,mid,0.365,2017-10-01,2022-03-31,CLOSED,False,,,,0,0,,True,public,https://zenodo.org/records/3228497,
10.5281/zenodo.4028717,RDA DATA MANAGEMENT PLAN,2019-05-14,Horizon 2020,H2020,777388,RDA Europe 4.0,H2020-INFRASUPP-2016-2017,,mid,0.465,2018-03-01,2020-09-30,CLOSED,False,,,,0,0,,False,public,https://zenodo.org/records/4028717,
10.5281/zenodo.2636533,Data Management Plan with CHADA workflow sheet embedded,2019-04-11,Horizon 2020,H2020,760827,Oyster,H2020-NMBP-2016-2017,natural sciences,early,0.314,2017-12-01,2022-03-31,CLOSED,False,,,,0,0,,False,public,https://zenodo.org/records/2636533,
10.5281/zenodo.2635768,Data Management Plan template for H2020 projects,2019-04-10,Horizon 2020,H2020,760827,Oyster,H2020-NMBP-2016-2017,natural sciences,early,0.313,2017-12-01,2022-03-31,CLOSED,False,,,,0,0,,False,public,https://zenodo.org/records/2635768,
10.5281/zenodo.3543541,Data Management Plan (DMP),2019-04-01,Horizon 2020,H2020,768869,Z-BRE4K,H2020-IND-CE-2016-17,engineering and technology,mid,0.428,2017-10-01,2021-03-31,CLOSED,False,,,,0,0,,False,public,https://zenodo.org/records/3543541,
10.5281/zenodo.3689349,"Data Management Plan (ISLAM-OPHOB-ISM, 785934)",2019-03-30,Horizon 2020,H2020,785934,ISLAM-OPHOB-ISM,ERC-2017-ADG,social sciences,early,0.048,2019-01-01,2023-12-31,CLOSED,False,,,,0,0,,False,public,https://zenodo.org/records/3689349,
10.5281/zenodo.3246339,EURHISFIRM D1.7: Second Data Management Plan,2019-03-28,Horizon 2020,H2020,777489,EURHISFIRM,H2020-INFRADEV-2016-2017,social sciences,early,0.304,2018-04-01,2021-06-30,CLOSED,False,,,,0,0,,False,public,https://zenodo.org/records/3246339,
10.5281/zenodo.3245801,ReCiPSS D8.5 - Open data management plan,2019-03-26,Horizon 2020,H2020,776577,ReCiPSS,H2020-IND-CE-2016-17,engineering and technology,early,0.178,2018-06-01,2022-12-31,CLOSED,False,,,,0,0,,False,public,https://zenodo.org/records/3245801,
10.5281/zenodo.2583690,LEA_D1.3 _ORDP Data Management Plan,2019-03-05,Horizon 2020,H2020,779803,LEA,H2020-ICT-2016-2017,,mid,0.433,2018-03-01,2020-06-30,CLOSED,False,,,,0,0,,False,public,https://zenodo.org/records/2583690,
10.5281/zenodo.3510211,"Smelling vortices: Animal tracking of chemical scents in turbulent, unidirectional flow",2019-03-02,Horizon 2020,H2020,654110,HYDRALAB-PLUS,H2020-INFRAIA-2014-2015,natural sciences,late,0.875,2015-09-01,2019-08-31,CLOSED,False,,,,0,0,,False,public,https://zenodo.org/records/3510211,
10.5281/zenodo.2575473,Data Management Plan (version 2),2019-02-22,Horizon 2020,H2020,762119,ULTRAWAVE,H2020-ICT-2016-2017,engineering and technology,mid,0.394,2017-09-01,2021-05-31,CLOSED,False,,,,0,0,,False,public,https://zenodo.org/records/2575473,
10.5281/zenodo.3727250,Data Management Plan for the MSCA project PlasmaSolution,2019-02-21,Horizon 2020,H2020,745936,PlasmaSolution,H2020-MSCA-IF-2016,natural sciences,early,0.237,2018-09-01,2020-08-31,CLOSED,False,,,,0,0,,False,public,https://zenodo.org/records/3727250,
10.5281/zenodo.2572990,Guidelines for Data Management Plan implementation of One Health EJP projects,2019-02-19,Horizon 2020,H2020,773830,One Health EJP,H2020-SFS-2016-2017,medical and health sciences,early,0.197,2018-01-01,2023-09-30,CLOSED,False,,,,0,0,,False,public,https://zenodo.org/records/2572990,
10.5281/zenodo.2566823,Data Management Plan ver. 1,2019-02-16,Horizon 2020,H2020,769086,CityChangerCargoBike,H2020-MG-2016-2017,engineering and technology,early,0.118,2018-09-01,2022-07-31,CLOSED,False,,,,0,0,,False,public,https://zenodo.org/records/2566823,
10.5281/zenodo.2558117,Initial version of data management plan (Deliverable 3.1),2019-02-06,Horizon 2020,H2020,731075,OpenRiskNet,H2020-EINFRA-2016-2017,natural sciences,late,0.729,2016-12-01,2019-11-30,CLOSED,False,,,,0,0,,True,public,https://zenodo.org/records/2558117,
10.5281/zenodo.2557484,Data Management Plan,2019-02-01,Horizon 2020,H2020,766581,SALBAGE,H2020-FETOPEN-2016-2017,engineering and technology,mid,0.358,2017-11-01,2021-04-30,CLOSED,False,,,,0,0,,False,public,https://zenodo.org/records/2557484,
10.5281/zenodo.14844550,Data Management Plan,2019-01-31,Horizon 2020,H2020,778039,PEARLS,H2020-MSCA-RISE-2017,engineering and technology,early,0.107,2018-07-01,2023-12-31,CLOSED,False,,,,0,0,,False,public,https://zenodo.org/records/14844550,
10.5281/zenodo.6482513,Data Management Plan (Deliverable D7.3),2019-01-31,Horizon 2020,H2020,776665,EdiCitNet,H2020-SCC-2016-2017,social sciences,early,0.076,2018-09-01,2024-02-29,SIGNED,False,,,,0,0,,False,public,https://zenodo.org/records/6482513,
10.5281/zenodo.2668926,D6.4 Data Management Plan,2019-01-31,Horizon 2020,H2020,815279,5G-VINNI,H2020-ICT-2018-20,engineering and technology,early,0.167,2018-07-01,2021-12-31,CLOSED,False,,,,0,0,,False,public,https://zenodo.org/records/2668926,
10.5281/zenodo.2790487,OActive project Data Management Plan introduction,2019-01-11,Horizon 2020,H2020,777159,OACTIVE,H2020-SC1-2016-2017,medical and health sciences,mid,0.342,2017-11-01,2021-04-30,CLOSED,False,,,,0,0,,False,public,https://zenodo.org/records/2790487,
10.5281/zenodo.3607328,PRIMAVERA Milestone MS25 Finalise and agree updated Data Management Plan for Stream 2 simulations,2018-12-20,Horizon 2020,H2020,641727,PRIMAVERA,H2020-SC5-2014-2015,natural sciences,mid,0.66,2015-11-01,2020-07-31,CLOSED,False,,,,0,0,,False,public,https://zenodo.org/records/3607328,
10.5281/zenodo.2565750,Guidelines for Data Management Plan implementation of One Health EJP projects: Slides of the webinar held on the 19th December 2018,2018-12-19,Horizon 2020,H2020,773830,One Health EJP,H2020-SFS-2016-2017,medical and health sciences,early,0.168,2018-01-01,2023-09-30,CLOSED,False,,,,0,0,,False,public,https://zenodo.org/records/2565750,
10.5281/zenodo.2564974,Guidelines for Data Management Plan implementation of One Health EJP projects: Webinar held on the 19th December 2018,2018-12-19,Horizon 2020,H2020,773830,One Health EJP,H2020-SFS-2016-2017,medical and health sciences,early,0.168,2018-01-01,2023-09-30,CLOSED,False,,,,0,0,,False,public,https://zenodo.org/records/2564974,
10.5281/zenodo.2251825,D1.4: 2nd Data Management Plan,2018-12-13,Horizon 2020,H2020,688363,hackAIR,H2020-ICT-2015,engineering and technology,late,0.984,2016-01-01,2018-12-31,CLOSED,False,,,,0,0,,False,public,https://zenodo.org/records/2251825,
10.5281/zenodo.2250192,D1.3: 1st Data Management Plan,2018-12-13,Horizon 2020,H2020,688363,hackAIR,H2020-ICT-2015,engineering and technology,late,0.984,2016-01-01,2018-12-31,CLOSED,False,,,,0,0,,False,public,https://zenodo.org/records/2250192,
10.5281/zenodo.1886081,D1.10 Data Management Plan (3),2018-12-03,Horizon 2020,H2020,693171,RECAP,H2020-INSO-2014-2015,engineering and technology,late,1.036,2016-05-01,2018-10-31,CLOSED,False,,,,0,0,,False,public,https://zenodo.org/records/1886081,
10.5281/zenodo.3569284,Deliverable No. 6.1 Data Management Plan Version 2,2018-11-30,Horizon 2020,H2020,727862,APPLICATE,H2020-BG-2016-2017,natural sciences,mid,0.463,2016-11-01,2021-04-30,CLOSED,False,,,,0,0,,False,public,https://zenodo.org/records/3569284,
10.5281/zenodo.5566422,VALITEST - D8.1 Data Management Plan,2018-10-30,Horizon 2020,H2020,773139,VALITEST,H2020-SFS-2016-2017,natural sciences,early,0.142,2018-05-01,2021-10-31,CLOSED,False,,,,0,0,,True,public,https://zenodo.org/records/5566422,
10.5281/zenodo.1473734,Data Management Plan,2018-10-29,Horizon 2020,H2020,665972,ER4STEM,H2020-SEAC-2014-2015,,late,1.026,2015-10-01,2018-09-30,CLOSED,False,,,,0,0,,False,public,https://zenodo.org/records/1473734,
10.5281/zenodo.3372460,D6.5 Data Management Plan,2018-10-24,Horizon 2020,H2020,763959,MegaRoller,H2020-LCE-2016-2017,engineering and technology,early,0.131,2018-05-01,2021-12-31,CLOSED,False,,,,0,0,,False,public,https://zenodo.org/records/3372460,
10.5281/zenodo.3510197,PatchFlow: Flow through emergent and submerged patches  in wide shallow flow,2018-10-05,Horizon 2020,H2020,654110,HYDRALAB-PLUS,H2020-INFRAIA-2014-2015,natural sciences,late,0.774,2015-09-01,2019-08-31,CLOSED,False,,,,0,0,,False,public,https://zenodo.org/records/3510197,
10.5281/zenodo.3510132,Testing a novel explanatory factor for the non-linearity between rainfall event magnitude-frequency and catchment erosion with HYDRALAB+,2018-10-05,Horizon 2020,H2020,654110,HYDRALAB-PLUS,H2020-INFRAIA-2014-2015,natural sciences,late,0.774,2015-09-01,2019-08-31,CLOSED,False,,,,0,0,,False,public,https://zenodo.org/records/3510132,
10.5281/zenodo.1445532,AIOSAT Data Management plan deliverable D1.12,2018-10-04,Horizon 2020,H2020,776425,AIOSAT,H2020-GALILEO-GSA-2017,natural sciences,early,0.273,2017-12-01,2020-12-31,CLOSED,False,,,,0,0,,False,public,https://zenodo.org/records/1445532,
10.5281/zenodo.5119623,Data management plan,2018-09-30,Horizon 2020,H2020,789315,D-NOSES,H2020-SwafS-2016-17,,early,0.142,2018-04-01,2021-09-30,CLOSED,False,,,,0,0,,False,public,https://zenodo.org/records/5119623,
10.5281/zenodo.3245354,EURHISFIRM D1.2: Data Management Plan (first version),2018-09-28,Horizon 2020,H2020,777489,EURHISFIRM,H2020-INFRADEV-2016-2017,social sciences,early,0.152,2018-04-01,2021-06-30,CLOSED,False,,,,0,0,,False,public,https://zenodo.org/records/3245354,
10.5281/zenodo.1438301,REPAIR draft Data Management Plan,2018-09-28,Horizon 2020,H2020,688920,REPAiR,H2020-WASTE-2014-2015,social sciences,mid,0.479,2016-09-01,2020-12-31,CLOSED,False,,,,0,0,,False,public,https://zenodo.org/records/1438301,
10.5281/zenodo.2686283,A Data Management Plan test case: the H2020 funded project MASTRO,2018-09-04,Horizon 2020,H2020,760940,MASTRO,H2020-NMBP-2016-2017,engineering and technology,early,0.202,2017-12-01,2021-08-31,CLOSED,False,,,,0,0,,False,public,https://zenodo.org/records/2686283,
10.5281/zenodo.1403995,VRE4EIC DMP,2018-08-27,Horizon 2020,H2020,676247,VRE4EIC,H2020-EINFRA-2014-2015,natural sciences,late,0.969,2015-10-01,2018-09-30,CLOSED,False,,,,0,0,,False,public,https://zenodo.org/records/1403995,
10.5281/zenodo.16879961,Collaboration Agreement - Genomics for Australian Plants Initiative,2018-08-15,No funder metadata,,,,,,unknown,,,,,False,,,,0,0,,False,public,https://zenodo.org/records/16879961,
10.5281/zenodo.16879943,Communications Policy - Genomics for Australian Plants Initiative,2018-08-15,No funder metadata,,,,,,unknown,,,,,False,,,,0,0,,False,public,https://zenodo.org/records/16879943,
10.5281/zenodo.16879785,Data Policy - Genomics for Australian Plants Initiative,2018-08-15,No funder metadata,,,,,,unknown,,,,,False,,,,0,0,,False,public,https://zenodo.org/records/16879785,
10.5281/zenodo.3510201,MoDEX: Morphological Diffusivity Experiment - controls on morphological diffusivity for innovative beach protection schemes,2018-07-10,Horizon 2020,H2020,654110,HYDRALAB-PLUS,H2020-INFRAIA-2014-2015,natural sciences,late,0.714,2015-09-01,2019-08-31,CLOSED,False,,,,0,0,,False,public,https://zenodo.org/records/3510201,
10.5281/zenodo.1308725,D1.4 Data Management Plan,2018-07-10,Horizon 2020,H2020,737180,HISTO-MRI,H2020-FETOPEN-2016-2017,engineering and technology,mid,0.358,2017-01-01,2021-03-31,CLOSED,False,,,,0,0,,False,public,https://zenodo.org/records/1308725,
10.5281/zenodo.1699117,OpenAIRE Data Management Plan,2018-07-08,Horizon 2020,H2020,777541,OpenAIRE-Advance,H2020-EINFRA-2016-2017,,early,0.163,2018-01-01,2021-02-28,CLOSED,False,,,,0,0,,False,public,https://zenodo.org/records/1699117,
10.5281/zenodo.1303892,DECI-D8.5 Data Management Plan,2018-07-03,Horizon 2020,H2020,643588,DECI,H2020-PHC-2014-2015,social sciences,late,1.03,2015-06-01,2018-05-31,CLOSED,False,,,,0,0,,True,public,https://zenodo.org/records/1303892,
10.5281/zenodo.1324061,ZERO BRINE Data Management Plan,2018-07-01,Horizon 2020,H2020,730390,ZERO BRINE,H2020-IND-CE-2016-17,engineering and technology,early,0.24,2017-06-01,2021-11-30,CLOSED,False,,,,0,0,,False,public,https://zenodo.org/records/1324061,
10.5281/zenodo.3492133,D7.3: Data Management Plan (2),2018-06-30,Horizon 2020,H2020,730109,DIANA,H2020-EO-2016,engineering and technology,mid,0.498,2017-01-01,2019-12-31,CLOSED,False,,,,0,0,,False,public,https://zenodo.org/records/3492133,
10.5281/zenodo.2541570,Data Management Plan for One Health European Joint Program,2018-06-30,Horizon 2020,H2020,773830,One Health EJP,H2020-SFS-2016-2017,medical and health sciences,early,0.086,2018-01-01,2023-09-30,CLOSED,False,,,,0,0,,False,public,https://zenodo.org/records/2541570,
10.5281/zenodo.1256656,BEACONING D1.8 Data Management Plan,2018-05-31,Horizon 2020,H2020,687676,BEACONING,H2020-ICT-2015,social sciences,late,0.725,2016-01-01,2019-04-30,CLOSED,False,,,,0,0,,False,public,https://zenodo.org/records/1256656,
10.5281/zenodo.1254289,Data Management Plan (Version 1),2018-05-28,Horizon 2020,H2020,762119,ULTRAWAVE,H2020-ICT-2016-2017,engineering and technology,early,0.197,2017-09-01,2021-05-31,CLOSED,False,,,,0,0,,False,public,https://zenodo.org/records/1254289,
10.5281/zenodo.1475831,D8.3 Data Management Plan,2018-05-25,Horizon 2020,H2020,688995,Waste4Think,H2020-WASTE-2014-2015,social sciences,mid,0.529,2016-06-01,2020-02-29,CLOSED,False,,,,0,0,,False,public,https://zenodo.org/records/1475831,
10.5281/zenodo.1251693,HERON - DATA MANAGEMENT PLAN,2018-05-23,Horizon 2020,H2020,649690,HERON,H2020-EE-2014-2015,social sciences,late,1.184,2015-05-01,2017-11-30,CLOSED,False,,,,0,0,,False,public,https://zenodo.org/records/1251693,
10.5281/zenodo.1251614,Migrant legal STATUS diversity and diversity dynamics in European CITIES Data Management Plan,2018-05-14,Horizon 2020,H2020,707124,StatusCities,H2020-MSCA-IF-2015,natural sciences,mid,0.35,2017-09-01,2019-08-31,CLOSED,False,,,,0,0,,False,public,https://zenodo.org/records/1251614,
10.5281/zenodo.1243763,INTEND D5.2 Data Management Plan,2018-05-08,Horizon 2020,H2020,769638,INTEND,H2020-MG-2016-2017,engineering and technology,mid,0.602,2017-10-01,2018-09-30,CLOSED,False,,,,0,0,,False,public,https://zenodo.org/records/1243763,
10.5281/zenodo.2655759,Periódicos técnicos,2018-04-30,No funder metadata,,,,,,unknown,,,,,False,,,,0,0,,False,public,https://zenodo.org/records/2655759,
10.5281/zenodo.4086160,Data management plan & handbook Version 1.0,2018-04-09,Horizon 2020,H2020,780298,Made4You,H2020-ICT-2016-2017,social sciences,early,0.089,2018-01-01,2020-12-31,CLOSED,False,,,,0,0,,True,public,https://zenodo.org/records/4086160,
10.5281/zenodo.3364523,ICEDIG - Data Management Plan,2018-03-30,Horizon 2020,H2020,777483,ICEDIG,H2020-INFRADEV-2016-2017,natural sciences,early,0.107,2018-01-01,2020-03-31,CLOSED,False,,,,0,0,,False,public,https://zenodo.org/records/3364523,
10.5281/zenodo.1293903,D8.3 - Final Data Management Plan,2018-03-22,Horizon 2020,H2020,688156,symbIoTe,H2020-ICT-2015,engineering and technology,late,0.741,2016-01-01,2018-12-31,CLOSED,False,,,,0,0,,False,public,https://zenodo.org/records/1293903,
10.5281/zenodo.5276073,"paperChain D09.2 - ""Data Management Plan""",2018-03-13,Horizon 2020,H2020,730305,PAPERCHAIN,H2020-IND-CE-2016-17,engineering and technology,early,0.184,2017-06-01,2021-08-31,CLOSED,False,,,,0,0,,False,public,https://zenodo.org/records/5276073,
10.5281/zenodo.1184570,IMAGINE-H2020/boun_dmp: Boun ASC DMP,2018-02-26,Horizon 2020,H2020,731761,IMAGINE,H2020-ICT-2016-2017,engineering and technology,early,0.277,2017-01-01,2021-02-28,CLOSED,False,,,,0,0,,False,public,https://zenodo.org/records/1184570,
10.5281/zenodo.1175605,D7.6. Data Management Plan Update,2018-02-19,Horizon 2020,H2020,732840,A-LEAF,H2020-FETPROACT-2016-2017,natural sciences,early,0.252,2017-01-01,2021-06-30,CLOSED,False,,,,0,0,,False,public,https://zenodo.org/records/1175605,
10.5281/zenodo.1095087,Data Management Plan,2017-12-05,Horizon 2020,H2020,636302,SatisFactory,H2020-FoF-2014-2015,engineering and technology,late,0.976,2015-01-01,2017-12-31,CLOSED,False,,,,0,0,,False,public,https://zenodo.org/records/1095087,
10.5281/zenodo.1491532,CLARITY D7.8 Data Management Plan,2017-11-30,Horizon 2020,H2020,730355,CLARITY,H2020-SC5-2016-2017,natural sciences,early,0.153,2017-06-01,2020-08-31,CLOSED,False,,,,0,0,,False,public,https://zenodo.org/records/1491532,
10.5281/zenodo.1042548,Deliverable 4.1 Open Data Management Plan & Integration Guidelines v1,2017-11-30,Horizon 2020,H2020,762013,NRG-5,H2020-ICT-2016-2017,engineering and technology,early,0.2,2017-06-01,2019-11-30,CLOSED,False,,,,0,0,,False,public,https://zenodo.org/records/1042548,
10.5281/zenodo.1064629,Deliverable 1.2 - Data management plan,2017-11-22,Horizon 2020,H2020,633172,EuroMix,H2020-SFS-2014-2015,medical and health sciences,mid,0.632,2015-05-15,2019-05-14,CLOSED,False,,,,0,0,,False,public,https://zenodo.org/records/1064629,
10.5281/zenodo.4182590,FIT4RRI D7.2: Data Management Plan,2017-10-31,Horizon 2020,H2020,741477,FIT4RRI,H2020-SwafS-2016-17,engineering and technology,early,0.143,2017-05-01,2020-10-31,CLOSED,False,,,,0,0,,True,public,https://zenodo.org/records/4182590,
10.5281/zenodo.3948485,Innochain: Updated Data Management Plan,2017-10-10,Horizon 2020,H2020,642877,InnoChain,H2020-MSCA-ITN-2014,natural sciences,mid,0.444,2015-09-01,2020-05-31,CLOSED,False,,,,0,0,,False,public,https://zenodo.org/records/3948485,
10.5281/zenodo.936394,D8.3 Data Management Plan (Intermediate version),2017-09-22,Horizon 2020,H2020,687628,VINEYARD,H2020-ICT-2015,natural sciences,mid,0.547,2016-02-01,2019-01-31,CLOSED,False,,,,0,0,,False,public,https://zenodo.org/records/936394,
10.5281/zenodo.2741388,Fractional-order functions for solving fractional-order variational problems with boundary conditions,2017-08-22,No funder metadata,,,,,,unknown,,,,,False,,,,0,0,,False,public,https://zenodo.org/records/2741388,
10.5281/zenodo.3569288,Deliverable No. 6.1 Data Management Plan Version 1,2017-08-01,Horizon 2020,H2020,727862,APPLICATE,H2020-BG-2016-2017,natural sciences,early,0.166,2016-11-01,2021-04-30,CLOSED,False,,,,0,0,,False,public,https://zenodo.org/records/3569288,
10.5281/zenodo.1040818,H2020 692819 SIMPATICO - D1.3: Data management plan v1,2017-07-03,Horizon 2020,H2020,692819,SIMPATICO,H2020-EURO-2014-2015,social sciences,mid,0.447,2016-03-01,2019-02-28,CLOSED,False,,,,0,0,,True,public,https://zenodo.org/records/1040818,
10.5281/zenodo.3752910,Initial Data Management Plan (Deliverable 4.5),2017-06-30,Horizon 2020,H2020,720952,ACEnano,H2020-NMBP-2016-2017,engineering and technology,early,0.11,2017-01-01,2021-06-30,CLOSED,False,,,,0,0,,False,public,https://zenodo.org/records/3752910,
10.5281/zenodo.2996853,Data Management Plan - interim version,2017-06-30,Horizon 2020,H2020,690211,CAREGIVERSPRO-MMD,H2020-PHC-2014-2015,medical and health sciences,mid,0.449,2016-01-01,2019-04-30,CLOSED,False,,,,0,0,,True,public,https://zenodo.org/records/2996853,
10.5281/zenodo.2545171,"D7.3 - Quality, risk and data management plan",2017-06-30,Horizon 2020,H2020,731601,SPECIAL,H2020-ICT-2016-2017,natural sciences,early,0.165,2017-01-01,2019-12-31,CLOSED,False,,,,0,0,,False,public,https://zenodo.org/records/2545171,
10.5281/zenodo.1258225,Data Management Plan AiRT project,2017-06-30,Horizon 2020,H2020,732433,AiRT,H2020-ICT-2016-2017,engineering and technology,early,0.247,2017-01-01,2018-12-31,CLOSED,False,,,,0,0,,False,public,https://zenodo.org/records/1258225,
10.5281/zenodo.820580,D8.2 - Data Management Plan - v1.0,2017-06-28,Horizon 2020,H2020,732391,weDRAW,H2020-ICT-2016-2017,natural sciences,early,0.244,2017-01-01,2018-12-31,CLOSED,False,,,,0,0,,False,public,https://zenodo.org/records/820580,
10.5281/zenodo.853225,Data Management Plan - D2.3 INVADE H2020,2017-06-27,Horizon 2020,H2020,731148,INVADE,H2020-LCE-2016-2017,engineering and technology,early,0.162,2017-01-01,2019-12-31,CLOSED,False,,,,0,0,,False,public,https://zenodo.org/records/853225,
10.5281/zenodo.1042562,MyHealthMyData (MHMD): Deliverable 4.5 - Data Management Plan,2017-06-09,Horizon 2020,H2020,732907,MH-MD,H2020-ICT-2016-2017,natural sciences,early,0.19,2016-11-01,2019-12-31,CLOSED,False,,,,0,0,,True,public,https://zenodo.org/records/1042562,
10.5281/zenodo.2572512,D1.7: 2nd Data Management Plan,2017-05-31,Horizon 2020,H2020,687412,APOLLO,H2020-EO-2015,engineering and technology,mid,0.382,2016-05-01,2019-02-28,CLOSED,False,,,,0,0,,False,public,https://zenodo.org/records/2572512,
10.5281/zenodo.6672594,Journal of Global Scientific Research in Multidisciplinary Studies,2017-05-05,No funder metadata,,,,,,unknown,,,,,False,,,,0,0,,False,public,https://zenodo.org/records/6672594,
10.5281/zenodo.1442633,D1.5 Data Management Plan (2),2017-04-30,Horizon 2020,H2020,693171,RECAP,H2020-INSO-2014-2015,engineering and technology,mid,0.399,2016-05-01,2018-10-31,CLOSED,False,,,,0,0,,False,public,https://zenodo.org/records/1442633,
10.5281/zenodo.1204016,Data Management Plan,2017-04-07,Horizon 2020,H2020,680708,HIT2GAP,H2020-EeB-2014-2015,natural sciences,mid,0.4,2015-09-01,2019-08-31,CLOSED,False,,,,0,0,,False,public,https://zenodo.org/records/1204016,
10.5281/zenodo.3492131,D7.2: Data Management Plan (1),2017-03-31,Horizon 2020,H2020,730109,DIANA,H2020-EO-2016,engineering and technology,early,0.081,2017-01-01,2019-12-31,CLOSED,False,,,,0,0,,False,public,https://zenodo.org/records/3492131,
10.5281/zenodo.1137605,D.7.1 - A-LEAF Data Management Plan,2017-02-28,Horizon 2020,H2020,732840,A-LEAF,H2020-FETPROACT-2016-2017,natural sciences,early,0.035,2017-01-01,2021-06-30,CLOSED,False,,,,0,0,,False,public,https://zenodo.org/records/1137605,
10.5281/zenodo.1042757,"WhoLoDancE: Deliverable 5.1 - Data modelling, data integration and data management plan report",2017-01-16,Horizon 2020,H2020,688865,WhoLoDancE,H2020-ICT-2015,social sciences,mid,0.348,2016-01-01,2018-12-31,CLOSED,False,,,,0,0,,False,public,https://zenodo.org/records/1042757,
10.5281/zenodo.1069461,CAPSELLA D1.2 Data Management Plan and Support Pack M12,2016-12-28,Horizon 2020,H2020,688813,CAPSELLA,H2020-ICT-2015,agricultural sciences,mid,0.397,2016-01-01,2018-06-30,CLOSED,False,,,,0,0,,False,public,https://zenodo.org/records/1069461,
10.5281/zenodo.1257214,OpenAIRE2020 D6.3 - Data Management Plan,2016-12-21,Horizon 2020,H2020,643410,OpenAIRE2020,H2020-EINFRA-2014-2015,natural sciences,mid,0.564,2015-01-01,2018-06-30,CLOSED,False,,,,0,0,,False,public,https://zenodo.org/records/1257214,
10.5281/zenodo.2572500,D1.6: 1st Data management plan,2016-11-30,Horizon 2020,H2020,687412,APOLLO,H2020-EO-2015,engineering and technology,early,0.206,2016-05-01,2019-02-28,CLOSED,False,,,,0,0,,False,public,https://zenodo.org/records/2572500,
10.5281/zenodo.167407,ATLAS Deliverable 8.1 - Data Management Plan,2016-11-18,Horizon 2020,H2020,678760,ATLAS,H2020-BG-2014-2015,natural sciences,early,0.122,2016-05-01,2020-10-31,CLOSED,False,,,,0,0,,False,public,https://zenodo.org/records/167407,
10.5281/zenodo.1442627,D1.3 Data Management Plan (1),2016-10-31,Horizon 2020,H2020,693171,RECAP,H2020-INSO-2014-2015,engineering and technology,early,0.2,2016-05-01,2018-10-31,CLOSED,False,,,,0,0,,False,public,https://zenodo.org/records/1442627,
10.5281/zenodo.3366123,Data Management Plan,2016-10-28,Horizon 2020,H2020,676531,E-CAM,H2020-EINFRA-2014-2015,natural sciences,early,0.196,2015-10-01,2021-03-31,CLOSED,False,,,,0,0,,False,public,https://zenodo.org/records/3366123,
10.5281/zenodo.154022,CORBEL Project-wide data management plan adopted,2016-09-14,Horizon 2020,H2020,654248,CORBEL,H2020-INFRADEV-2014-2015,,early,0.219,2015-09-01,2020-05-31,CLOSED,False,,,,0,0,,True,public,https://zenodo.org/records/154022,
10.5281/zenodo.16891654,Communications Policy - Oz Mammals Genomics Initiative,2016-08-18,No funder metadata,,,,,,unknown,,,,,False,,,,0,0,,False,public,https://zenodo.org/records/16891654,
10.5281/zenodo.16891649,Data Policy - Oz Mammals Genomics Initiative,2016-08-18,No funder metadata,,,,,,unknown,,,,,False,,,,0,0,,False,public,https://zenodo.org/records/16891649,
10.5281/zenodo.817397,D8.1 - Initial Data Management Plan,2016-07-14,Horizon 2020,H2020,688156,symbIoTe,H2020-ICT-2015,engineering and technology,early,0.178,2016-01-01,2018-12-31,CLOSED,False,,,,0,0,,False,public,https://zenodo.org/records/817397,
10.5281/zenodo.1069459,CAPSELLA D1.2 Data Management Plan and Support Pack M6,2016-06-27,Horizon 2020,H2020,688813,CAPSELLA,H2020-ICT-2015,agricultural sciences,early,0.195,2016-01-01,2018-06-30,CLOSED,False,,,,0,0,,False,public,https://zenodo.org/records/1069459,
10.5281/zenodo.3598390,PRIMAVERA Deliverable D9.1 Data Management Plan,2016-06-23,Horizon 2020,H2020,641727,PRIMAVERA,H2020-SC5-2014-2015,natural sciences,early,0.136,2015-11-01,2020-07-31,CLOSED,False,,,,0,0,,False,public,https://zenodo.org/records/3598390,
10.5281/zenodo.825491,CAREGIVERSPRO-MMD project : Data Management Plan - First Version,2016-04-30,Horizon 2020,H2020,690211,CAREGIVERSPRO-MMD,H2020-PHC-2014-2015,medical and health sciences,early,0.099,2016-01-01,2019-04-30,CLOSED,False,,,,0,0,,False,public,https://zenodo.org/records/825491,
10.5281/zenodo.3948582,Innochain Dissemination & Data Management Plan (6.1),2016-01-22,Horizon 2020,H2020,642877,InnoChain,H2020-MSCA-ITN-2014,natural sciences,early,0.082,2015-09-01,2020-05-31,CLOSED,False,,,,0,0,,False,public,https://zenodo.org/records/3948582,
10.5281/zenodo.801183,D5.2 - Data Management Plan (DMP),2015-09-01,Horizon 2020,H2020,644052,HECTOR,H2020-ICT-2014,natural sciences,early,0.147,2015-03-01,2018-07-31,CLOSED,False,,,,0,0,,False,public,https://zenodo.org/records/801183,
10.5281/zenodo.439897,ACINO: Data Management Plan,2015-08-03,Horizon 2020,H2020,645127,ACINO,H2020-ICT-2014,natural sciences,early,0.167,2015-02-01,2018-01-31,CLOSED,False,,,,0,0,,False,public,https://zenodo.org/records/439897,
10.5281/zenodo.6672599,Journal of Global Scientific Research in Multidisciplinary Studies,2015-05-05,No funder metadata,,,,,,unknown,,,,,False,,,,0,0,,False,public,https://zenodo.org/records/6672599,
10.5281/zenodo.14925906,Produto I: Plano Estratégico de Desenvolvimento Econômico Territorial - PEDET,2015-01,No funder metadata,,,,,,unknown,,,,,False,,,,0,0,,False,public,https://zenodo.org/records/14925906,
10.5281/zenodo.14926340,Relatório Produto II: Avaliação de Situação Estudo da Realidade Urbana,2014-08,No funder metadata,,,,,,unknown,,,,,False,,,,0,0,,False,public,https://zenodo.org/records/14926340,
10.5281/zenodo.19659248,السياسة الفرنسية الاستعمارية في لبنان بين عامي (1918-1936),2014-04-08,No funder metadata,,,,,,unknown,,,,,False,,,,0,0,,False,public,https://zenodo.org/records/19659248,
10.5281/zenodo.21973324,"1,1-Дегидро-бис(6,7-диметокси-1,2,3,4-тетрагидроизохинолин)",2014-02-17,No funder metadata,,,,,,unknown,,,,,False,,,,0,0,,False,public,https://zenodo.org/records/21973324,
10.5281/zenodo.21973240,Синтез бис-тетрагидроизохинолинов на основе гомовератриламина и дикарбоновых кислот,2014-02-17,No funder metadata,,,,,,unknown,,,,,False,,,,0,0,,False,public,https://zenodo.org/records/21973240,
10.5281/zenodo.14926389,Produto VI: Plano Estratégico de Desenvolvimento Local,2014-01,No funder metadata,,,,,,unknown,,,,,False,,,,0,0,,False,public,https://zenodo.org/records/14926389,
10.5281/zenodo.14926379,Produto V: Viabilidade de implantação de Agroindústrias,2014-01,No funder metadata,,,,,,unknown,,,,,False,,,,0,0,,False,public,https://zenodo.org/records/14926379,
10.5281/zenodo.14926374,Produto IV: Estudos diagnósticos prospectivos,2014-01,No funder metadata,,,,,,unknown,,,,,False,,,,0,0,,False,public,https://zenodo.org/records/14926374,
10.5281/zenodo.14926357,Produto III: Avaliação de Situação Estudo da Realidade Rural,2014-01,No funder metadata,,,,,,unknown,,,,,False,,,,0,0,,False,public,https://zenodo.org/records/14926357,
10.12692/ijb/3.5.43-50,Effects of wheat-oilseed rape intercropping and fertilizers on the population density of Sitobion avenae and its natural enemies,2013-05-20,No funder metadata,,,,,,unknown,,,,,False,,,,0,0,,False,public,https://zenodo.org/records/16811244,
10.5281/zenodo.21347429,5KG BAG ICECUBE SUPPLY,2012-09-01,No funder metadata,,,,,,unknown,,,,,False,,,,0,0,,False,public,https://zenodo.org/records/21347429,
10.5281/zenodo.4244359,РЕГИСТРАТОР МАГНИТНОЙ АКТИВНОСТИ IDL-04. Руководство пользователя. 1996. - 12 с.,1996-03-04,No funder metadata,,,,,,unknown,,,,,False,,,,0,0,,False,public,https://zenodo.org/records/4244359,
